date,day_of_week,event_name,venue,parking_impact
2026-01-01,Thursday,New Year’s Day Observed – University Closed,UNC Charlotte Academic Calendar,low
2026-01-03,Saturday,Charlotte Women's Basketball vs UAB,"Charlotte, N.C., Halton Arena",high
2026-01-03,Saturday,Charlotte Men's Basketball vs Wichita State,"Charlotte, N.C.",low
2026-01-05,Monday,Fall Academic Suspension Appeal Deadline @ 11:59 pm Suspension Appeal,UNC Charlotte Academic Calendar,low
2026-01-05,Monday,Canvas: Assignments and Gradebook,,low
2026-01-05,Monday,Ace Your Graduate School Application: Tips and Tricks for Succes,,low
2026-01-05,Monday,Part 1: Introduction to Gen-AI and Prompt Writing,,low
2026-01-06,Tuesday,Part 1: Teaching with Poll Everywhere,,low
2026-01-06,Tuesday,Syllabus 101: Roadmap to Success,,low
2026-01-06,Tuesday,Charlotte Online Onboarding for Undergraduates,,none
2026-01-06,Tuesday,Know Before You Go: Essential Steps for Newly Admitted Students,,high
2026-01-06,Tuesday,Part 2: Student Study Skills with Gen-AI,,low
2026-01-06,Tuesday,Canvas: Starting Fresh,,low
2026-01-07,Wednesday,Grad School 101: Start Your Program Search with Confidence,,low
2026-01-07,Wednesday,Canvas: Quizzing,,low
2026-01-07,Wednesday,Charlotte Men's Basketball at UTSA,"San Antonio, Texas",low
2026-01-07,Wednesday,Charlotte Women's Basketball at Rice,"Houston, Texas",low
2026-01-08,Thursday,Niners in the Queen City: Exploring Life in Charlotte and NC,,low
2026-01-08,Thursday,Designing and Implementing Group Projects,,low
2026-01-08,Thursday,Canvas: Assignments and Gradebook,,low
2026-01-08,Thursday,Mechanical Engineering Graduate Programs Information Session,,low
2026-01-08,Thursday,Ethical Considerations for Teaching with Gen-AI,,low
2026-01-08,Thursday,Spring 2026 New Grad Student Virtual Orientation,,none
2026-01-09,Friday,Klein College of Science Spring All College Meeting,College of Health & Human Services (CHHS),low
2026-01-09,Friday,Canvas: Starting Fresh,,low
2026-01-10,Saturday,Saturday Classes Begin,UNC Charlotte Academic Calendar,low
2026-01-10,Saturday,Charlotte Women's Basketball at UTSA,"San Antonio, Texas",low
2026-01-10,Saturday,Charlotte Men's Tennis vs Wingate,"Charlotte, N.C.",low
2026-01-11,Sunday,Charlotte Men's Basketball at Rice,"Houston, Texas",low
2026-01-12,Monday,First day of classes,UNC Charlotte Academic Calendar,low
2026-01-12,Monday,Know Before You Go: Essential Steps for Newly Admitted Students,,high
2026-01-12,Monday,Charlotte Mecklenburg Library in Atkins,Atkins Library,low
2026-01-12,Monday,Ethical Considerations for Teaching with Gen-AI,,low
2026-01-12,Monday,Zoom AI for Teaching,,none
2026-01-12,Monday,Career Meet Up: Resume Strategies that Get You Noticed,,low
2026-01-12,Monday,Career Meet Up: Cover Letters with Purpose: Writing for Social Impact Careers,,low
2026-01-13,Tuesday,Funding Your Future: Navigating Graduate Funding Strategies,,low
2026-01-13,Tuesday,"Part 1: Using NotebookLM AI for Podcasting, Content Curation, and Assignments in Canvas",,low
2026-01-13,Tuesday,Charlotte Mecklenburg Library in Atkins,Atkins Library,low
2026-01-13,Tuesday,Career Meet Up: Technical Resumes for Engineers,,low
2026-01-13,Tuesday,Bad Art Day,"Area 49 Makerspace, Atkins Library 2nd Floor",low
2026-01-13,Tuesday,Build-A-Plane Day Part 2,BATT Cave - Conference Room 108,low
2026-01-13,Tuesday,Career Meet Up: Mindfulness & Your Career,,low
2026-01-13,Tuesday,"Exploring Canvas Course Analytics for Assignments, Quizzes, and Videos",,low
2026-01-13,Tuesday,Career Meet Up: My First College Resume,,low
2026-01-13,Tuesday,Canvas Accessibility with UDOIT,,low
2026-01-13,Tuesday,Career Meet Up: Effective Cover Letter Writing,,low
2026-01-13,Tuesday,Family Feud: Sustainability Edition,Popp Martin Student Union,medium
2026-01-13,Tuesday,Bingo Bash,Popp Martin Student Union,medium
2026-01-13,Tuesday,GInkgo Residential Guest Lecture Series,Independent Picture House,low
2026-01-13,Tuesday,Ginkgo Residential Speaker Series: “The State and Genocide”,Independent Picture House,low
2026-01-14,Wednesday,Grad School 101: Start Your Program Search with Confidence,,low
2026-01-14,Wednesday,Ph.D. in Data Science Prospective Student Information Session,,high
2026-01-14,Wednesday,Syllabus and Classroom Communication on AI Tools,,low
2026-01-14,Wednesday,Gold Rush Resource Fair,Cauble Quad (formerly CHHS/CoEd Plaza),medium
2026-01-14,Wednesday,Where Are You Going? Goal Setting for Personal and Professional Success Webinar,,none
2026-01-14,Wednesday,Designing and Implementing Group Projects,,low
2026-01-14,Wednesday,Therapy Dogs at Atkins,Atkins Library - main entrance,low
2026-01-14,Wednesday,Career Meet Up: Branding Yourself on Social Media,,low
2026-01-14,Wednesday,Understanding Gen Z: The AI Generation,,low
2026-01-14,Wednesday,Early Entry Student Social,Woodward 335,low
2026-01-14,Wednesday,Study Hall,Atkins Library Room 128D,low
2026-01-14,Wednesday,Public Policy PhD UNC Charlotte Informational Session,,low
2026-01-14,Wednesday,CRES Spring Interest Meeting,Fretwell Room #121,low
2026-01-14,Wednesday,Gold Rush x Niner Finances,Cone University Center,low
2026-01-14,Wednesday,Gold Rush x Niner Finances: Wheel of Fortune - Financial Literacy Edition,Cone Center,low
2026-01-14,Wednesday,Game Night with FAN,PMSU 340,low
2026-01-14,Wednesday,Charlotte Men's Basketball vs Tulsa,"Charlotte, N.C.",low
2026-01-14,Wednesday,Charlotte Men's Basketball Vs. Tulsa,Dale F. Halton Arena,high
2026-01-15,Thursday,RECharge,University Recreation Center,low
2026-01-15,Thursday,Ace Your Graduate School Application: Tips and Tricks for Succes,,low
2026-01-15,Thursday,Part 2: Student Study Skills with Gen-AI,,low
2026-01-15,Thursday,Career Meet Up: Resumes For the Healthcare Industry,,low
2026-01-15,Thursday,Career Meet Up: Building Your Portfolio,,low
2026-01-15,Thursday,Establishing and Maintaining Strong Writing Habits,Atkins 146,low
2026-01-15,Thursday,Think About Thursday- Educational Leadership MED,,low
2026-01-15,Thursday,Canvas: Starting Fresh,,low
2026-01-15,Thursday,Charlotte Men's Tennis vs Samford,"Charlotte, N.C.",low
2026-01-15,Thursday,Golden Nuggets of Inspiration,CHHS (room number 132),low
2026-01-15,Thursday,Music Bingo at Atkins,"Visualization Lab, Atkins Library, 2nd floor",low
2026-01-15,Thursday,First-Gen Meet & Greet,Cone University Center,low
2026-01-15,Thursday,Therapy Dogs at Atkins,Atkins Library - main entrance,low
2026-01-15,Thursday,Career Meet Up: Building Your LinkedIn Profile,,low
2026-01-15,Thursday,Growth Mindset Activities for Your Class,,low
2026-01-15,Thursday,"Career Meet Up: Building a Strong Resume for Tech, Data and Analytics",,low
2026-01-15,Thursday,Spring 2026 New Grad Student Welcome Reception,Popp Martin Student Union,medium
2026-01-15,Thursday,Build and Fly Day,Smith,low
2026-01-15,Thursday,Career Meet Up: My First Professional Job/Internship,,low
2026-01-15,Thursday,Winter Student Orgs Showcase,Barnhardt Student Activity Center (SAC),medium
2026-01-15,Thursday,"Movie: ""Black Phone 2""",Popp Martin Student Union,medium
2026-01-16,Friday,Canvas: Assignments and Gradebook,,low
2026-01-16,Friday,Career Meet Up: Authenticity Matters: Staying True to Yourself While Building Your Brand led by TIAA,,low
2026-01-16,Friday,Graduate Admissions Virtual Office Hours,,none
2026-01-16,Friday,Niner Finances Walk In Hours,King Building ,low
2026-01-16,Friday,Walk In Hours,King,low
2026-01-16,Friday,Part 1: Introduction to Gen-AI and Prompt Writing,,low
2026-01-16,Friday,Career Meet Up: Professionalism: What Employers Expect,,low
2026-01-16,Friday,Charlotte Men's Tennis vs Samford,"Charlotte, N.C.",low
2026-01-16,Friday,Part 1: Teaching with Poll Everywhere,,low
2026-01-16,Friday,Canvas: Quizzing,,low
2026-01-16,Friday,Discrete Spectrum in Gaps of the Continuous Spectrum for Finite Difference Operators on the Lattice and the Graphene Operator,Fretwell,low
2026-01-16,Friday,CAB @ Nite,Popp Martin Student Union,medium
2026-01-16,Friday,"Movie: ""Black Phone 2""",Popp Martin Student Union,medium
2026-01-17,Saturday,No Saturday classes,UNC Charlotte Academic Calendar,low
2026-01-17,Saturday,2026 Martin Luther King Jr. Day Parade,Uptown Charlotte,low
2026-01-17,Saturday,Charlotte Women's Basketball vs Tulsa,"Charlotte, N.C., Halton Arena",high
2026-01-17,Saturday,Charlotte Women's Basketball Vs. Tulsa,Dale F. Halton Arena,high
2026-01-17,Saturday,"Movie: ""Black Phone 2""",Popp Martin Student Union,medium
2026-01-18,Sunday,Charlotte Men's Tennis at VCU,"Richmond, Va.",low
2026-01-18,Sunday,Charlotte Men's Basketball at East Carolina,"Greenville, N.C.",low
2026-01-18,Sunday,"Movie: ""Black Phone 2""",Popp Martin Student Union,medium
2026-01-19,Monday,Dr. Martin Luther King Jr. Day -University Closed,UNC Charlotte Academic Calendar,low
2026-01-20,Tuesday,Grade Replacement auto selection process run for First-Half Term,UNC Charlotte Academic Calendar,low
2026-01-20,Tuesday,"Last day to add, drop with no grade",UNC Charlotte Academic Calendar,none
2026-01-20,Tuesday,Ace Your Graduate School Application: Tips and Tricks for Succes,,low
2026-01-20,Tuesday,Career Meet Up: Personal Branding in the Job Search,,low
2026-01-20,Tuesday,Overview of Gen-AI Tools in Education,,low
2026-01-20,Tuesday,Study Abroad Fair,Friday,medium
2026-01-20,Tuesday,Career Meet Up: Networking Strategies for Engineers,,low
2026-01-20,Tuesday,Part 3: Student Writing Skills with Gen-AI,,low
2026-01-20,Tuesday,Choosing Investments NC 401(k) and NC 457 Plans,,low
2026-01-20,Tuesday,Financial Plan to Graduation,Student Union Room 262,low
2026-01-20,Tuesday,Introduction to the Graduate and Postdoctoral Writing Center,Online,low
2026-01-20,Tuesday,M.S. in Management Virtual Information Session,,none
2026-01-20,Tuesday,Niner Knowledge: Sports Analytics in the World of NIL,,low
2026-01-20,Tuesday,Safer Drinking: Bystander Intervention,College of Health & Human Services (CHHS),low
2026-01-20,Tuesday,Build A Plane Day Part 3,BATT CAVE - Conference Room 108,low
2026-01-20,Tuesday,Career Meet Up: Effective Cover Letter Writing,,low
2026-01-20,Tuesday,Navigating Contentious Conversations about Current Issues in the Classroom,,low
2026-01-20,Tuesday,Career Meet Up: Reassessing Your Job Search Strategy,,low
2026-01-20,Tuesday,Career Meet Up: Using AI in Your Job Search,,low
2026-01-20,Tuesday,Career Meet Up: Getting Started In Your Job Search,,low
2026-01-20,Tuesday,Syllabus 101: Roadmap to Success,,low
2026-01-20,Tuesday,Student Internship Panel,Dubois Center at UNC Charlotte Center City,low
2026-01-20,Tuesday,PAL Session - EXER 2168 (COLVD 5092),COLVD 5092,none
2026-01-20,Tuesday,Instant Vibes,Cone University Center,low
2026-01-20,Tuesday,Charlotte Women's Basketball vs Florida Atlantic,"Charlotte, N.C., Halton Arena",high
2026-01-20,Tuesday,Charlotte Women's Basketball Vs. Florida Atlantic,Dale F. Halton Arena,high
2026-01-20,Tuesday,Spotlight Concert,Rowe,high
2026-01-21,Wednesday,"Last day to add, drop with no grade",UNC Charlotte Academic Calendar,none
2026-01-21,Wednesday,Payment Due Date/2nd Cancellation for non-payment,UNC Charlotte Academic Calendar,low
2026-01-21,Wednesday,Managing Procrastination: Practical Tools for Success,,low
2026-01-21,Wednesday,PAL Session: ACCT 2121 (FRIDAY 122),FRIDAY 122,none
2026-01-21,Wednesday,Qualtrics 101,"Student Union, 263",low
2026-01-21,Wednesday,SDS Seed Grants: Virtual Office Hours,,none
2026-01-21,Wednesday,Canvas Course Design Open Swim,,low
2026-01-21,Wednesday,Career Meet Up: Using AI In Your Job Search,,low
2026-01-21,Wednesday,Grad School 101: Start Your Program Search with Confidence,,low
2026-01-21,Wednesday,PAL Session: ACCT 3323 (FRIDY 123),FRIDY 123,none
2026-01-21,Wednesday,PAL Session: EXER 2168 (FRIDAY 130),FRIDY 130,none
2026-01-21,Wednesday,Vintage Market & Clothing Drive,CHHS Plaza Norm's Statue,low
2026-01-21,Wednesday,SDS SURGE Grant: Virtual Office Hours,,none
2026-01-21,Wednesday,PAL Session: PSYC 2113 (FRIDY 155),FRIDY 155,none
2026-01-21,Wednesday,Open Swim - Microsoft Copilot and Google Gemini,,low
2026-01-21,Wednesday,Part 2: Active Learning with Poll Everywhere,,low
2026-01-21,Wednesday,PAL Session: ECON 2102 (SMITH 306),SMITH 306,none
2026-01-21,Wednesday,DSBA and HIA Prospective Graduate Student Information Session,,low
2026-01-21,Wednesday,PAL Session - MATH 1242 (ONLINE),ONLINE,none
2026-01-21,Wednesday,PAL Session - MATH 2164 (SMITH 201),SMITH 201,none
2026-01-21,Wednesday,Discovering Your Edge: Workshop Series for Creative and Innovative Thinkers,,low
2026-01-21,Wednesday,PAL Session - EXER 2169 (MCEN 123),MCEN 123,none
2026-01-21,Wednesday,PAL Session - MATH 1241 (COLVD 5092),COLVD 5092,none
2026-01-21,Wednesday,Pop! Into Student Involvement,Popp Martin Student Union,medium
2026-01-21,Wednesday,Beeswax Wraps Demo Kitchen,UREC Demo Kitchen,low
2026-01-21,Wednesday,Career Meet Up: Job Search Strategies for Healthcare Administration,,low
2026-01-21,Wednesday,PAL Session - CHEM 1252 (SMITH 204),SMITH 204,none
2026-01-21,Wednesday,PAL Session - PHIL 2105 (COLVD 3120),COLVD 3120,none
2026-01-21,Wednesday,PAL Session: ECON 2101 (COLVD 4068),COLVD 4068,none
2026-01-21,Wednesday,PAL Session - PHYS 1102 (MCEN 401),MCEN 401,none
2026-01-21,Wednesday,Career Meet Up: My First Internship/Job Search,,low
2026-01-21,Wednesday,PAL Session - PHYS 2101 (SMITH 328),SMITH 328,none
2026-01-21,Wednesday,Part 1: Canvas Studio - Flipping Your Class with Videos,,low
2026-01-21,Wednesday,PAL Session: CHEM 2131 (COLVD 5092),COLVD 5092,none
2026-01-21,Wednesday,PAL Session - MATH 1241 (ONLINE),ONLINE,none
2026-01-21,Wednesday,PAL Session - MATH 1242 (FRET 205),FRET 205,none
2026-01-21,Wednesday,PAL Session - MATH 2171 (ONLINE),ONLINE,none
2026-01-21,Wednesday,PAL Session: ACCT 2122 (FRIDAY 116),FRIDAY 116,none
2026-01-21,Wednesday,PAL Session: BIOL 2120 (FRIDY 381),FRIDY 381,none
2026-01-21,Wednesday,PAL Session: CHEM 1204 (ONLINE),Online,none
2026-01-21,Wednesday,PAL Session - MATH 2241 (ONLINE),ONLINE,none
2026-01-21,Wednesday,PAL Session: ENGR 1301 (COLVD 5096),COLVD 5096,none
2026-01-21,Wednesday,Cheese Tasting + Interest Meeting,Mebane 4th Floor Atrium,low
2026-01-21,Wednesday,PAL Session: CHEM 1200 (COLVD 3120),COLVD 3120,none
2026-01-21,Wednesday,Spring 26 Alumni Panel Recruitment Event,CHHS 155,low
2026-01-21,Wednesday,Laser Cutting Workshop,Kennedy Super Fab Lab,low
2026-01-21,Wednesday,PAL Session - COMM 2100 (FRIDY 132),FRIDY 132,none
2026-01-21,Wednesday,PAL Session: ACCT 2121 (COLVD 5092),COLVD 5092,none
2026-01-21,Wednesday,CAB Event Staff Interest Meeting,Popp Martin Student Union,medium
2026-01-21,Wednesday,PAL Session - MATH 2164 (ONLINE),ONLINE,none
2026-01-21,Wednesday,Women in Sports Society Interest Meeting,Fretwell 116,low
2026-01-22,Thursday,Grade Replacement auto selection process run,UNC Charlotte Academic Calendar,low
2026-01-22,Thursday,Payment Due Date/2nd Cancellation for non-payment,UNC Charlotte Academic Calendar,low
2026-01-22,Thursday,PAL Session: ACCT 2122 (ONLINE),Online,none
2026-01-22,Thursday,Canvas: Assignments and Gradebook,,low
2026-01-22,Thursday,Career Meet Up: The Job Search & Your Mental Health: Best Practices,,low
2026-01-22,Thursday,Niners in the Queen City: Exploring Life in Charlotte and NC,,low
2026-01-22,Thursday,Vintage Market & Clothing Drive,CHHS Plaza Norm's Statue,low
2026-01-22,Thursday,Jamil Niner Student Pantry: Thursday Volunteer Shifts,Jamil Niner Student Pantry,low
2026-01-22,Thursday,Accounting Summer Leadership Fair,Popp Martin Student Union,medium
2026-01-22,Thursday,Career Meet Up: Proactive Networking for Creatives,,low
2026-01-22,Thursday,PAL Session: ACCT 2121 (BELK 207),BELK GYM 207,none
2026-01-22,Thursday,Think About It Thursday- Educational Leadership EDD,,low
2026-01-22,Thursday,CPT & OPT Considerations in Job & Internship Searches,,low
2026-01-22,Thursday,CPT & OPT Considerations in Job and Internship Searches,Online,low
2026-01-22,Thursday,Bad Art Day at Hight Library,"Hight Architecture Library, Storrs 200",low
2026-01-22,Thursday,"Career Meet Up: Technology, Data and Analytics Job Search Strategies",,low
2026-01-22,Thursday,Ethical Considerations for Teaching with Gen-AI,,low
2026-01-22,Thursday,PAL Session - CHEM 1252 (FRET 306),FRET 306,none
2026-01-22,Thursday,PAL Session: ACCT 3323 (ONLINE),Online,none
2026-01-22,Thursday,SPRING Into Community,South Village Dining Hall (SoVi),low
2026-01-22,Thursday,Career Meet Up: Building Connections in the Nonprofit Field,,low
2026-01-22,Thursday,PAL Session - MATH 1241 (BELK GYM 206),BELK GYM 206,none
2026-01-22,Thursday,Canvas: Quizzing,,low
2026-01-22,Thursday,Career Meet Up: How to Connect with Charlotte Alumni on LinkedIn,,low
2026-01-22,Thursday,PAL Session - EXER 2169 (SMITH 204),SMITH 204,none
2026-01-22,Thursday,PAL Session - CHEM 2131 (ONLINE),Online,none
2026-01-22,Thursday,PAL Session - ECON 2101 (ONLINE),Online,none
2026-01-22,Thursday,PAL Session - MATH 2241 (MCEN 118),MCEN 118,none
2026-01-22,Thursday,Career Meet Up: Practicing your Elevator Pitch with Charter Schools USA,,low
2026-01-22,Thursday,NC SBTDC Tech Commercialization Internship Program - Summer 2026,,low
2026-01-22,Thursday,PAL Session - MATH 1241 (SMITH 217),SMITH 217,none
2026-01-22,Thursday,PAL Session - MATH 2171 (FRIDY 383),FRIDY 383,none
2026-01-22,Thursday,PAL Session: ENGR 1301 (COLVD 5092),COLVD 5092,none
2026-01-22,Thursday,PAL Session: PSYC 1101 (MACY 206),MACY 206,none
2026-01-22,Thursday,ASA Cruise Day!,Mebane 103,low
2026-01-22,Thursday,PAL Session - MATH 1242 (MCEN 401),MCEN 401,none
2026-01-22,Thursday,PAL Session: BIOL 2120 (ONLINE),Online,none
2026-01-22,Thursday,Charlotte Sports Analytics Club Weekly Meeting,Friday,low
2026-01-22,Thursday,Interest Meeting: Journal Decorating,Fretwell,low
2026-01-22,Thursday,Introduction to the Graduate and Postdoctoral Writing Center,,low
2026-01-22,Thursday,PAL Session: ECON 3125 (SMITH 219),SMITH 219,none
2026-01-22,Thursday,Pre-Dental Club Interest Meeting,Friday,low
2026-01-22,Thursday,Society of Systems Engineers Interest Meeting,Cameron,low
2026-01-22,Thursday,Spring 26 Service Recruitment Event,Friday,low
2026-01-22,Thursday,VSA: Granny (Bà) GBM,Cone University Center,low
2026-01-22,Thursday,Makar Sankranti Event - GBM,Cone University Center,low
2026-01-22,Thursday,"Movie: ""The Strangers: Chapter 2""",Popp Martin Student Union,medium
2026-01-22,Thursday,NCPIRG Students Interest Meeting,McEniry,low
2026-01-22,Thursday,PAL Session: ACCT 2121 (ONLINE),Online,none
2026-01-22,Thursday,PAL Session: ECON 2102 (COLVD 5092),COLVD 5092,none
2026-01-22,Thursday,Polar Plunge,University Recreation Center,low
2026-01-22,Thursday,Rhythm,College of Health & Human Services (CHHS),low
2026-01-22,Thursday,"Movie: ""Back to the Future""",Popp Martin Student Union,medium
2026-01-23,Friday,NC SBTDC Tech Commercialization Internship Program - Summer 2026,,low
2026-01-23,Friday,Niner Finances Walk In Hours,King Building ,low
2026-01-23,Friday,PAL Session: EXER 2168 (FRIDY 128),FRIDY 128,none
2026-01-23,Friday,Walk In Hours,King 210,low
2026-01-23,Friday,Formatting and Submitting Your Thesis or Dissertation,,low
2026-01-23,Friday,PAL Session: CHEM 1200 (ONLINE),Online,none
2026-01-23,Friday,Part 2: Canvas Studio - Creating Video Quizzes,,low
2026-01-23,Friday,PAL Session: ECON 2102 (ONLINE),Online,none
2026-01-23,Friday,Build A Plane Day Part 3,BATT CAVE - Conference Room 108,low
2026-01-23,Friday,Build-A-Plane Day Part 2,BATT Cave - Conference Room 108,low
2026-01-23,Friday,Master of Accountancy (MACC) Virtual Information Session,,none
2026-01-23,Friday,PAL Session: PSYC 2113 (ONLINE),ONLINE,none
2026-01-23,Friday,Career Meet Up: Salary Negotiation,,low
2026-01-23,Friday,PAL Session: CHEM 1200 (DENNY 215),DENNY 215,none
2026-01-23,Friday,PAL Session - CHEM 1251 (ONLINE),Online,none
2026-01-23,Friday,PAL Session - PHIL 2105 (ONLINE),ONLINE,none
2026-01-23,Friday,PAL Session - PHYS 1102 (ONLINE),ONLINE,none
2026-01-23,Friday,PAL Session - PSYC 1101 (ONLINE),ONLINE,none
2026-01-23,Friday,PAL Session - PHYS 2101 (ONLINE),ONLINE,none
2026-01-23,Friday,PAL Session: ECON 2101 (COLVD 2006),COLVD 2006,none
2026-01-23,Friday,PAL Session - COMM 2100 (ONLINE),Online,none
2026-01-23,Friday,CANCELLED Charlotte Men's Tennis at Ole Miss,"Oxford, Ms.",low
2026-01-23,Friday,PAL Session - EXER 2169 (ONLINE),ONLINE,none
2026-01-23,Friday,PAL Session: ECON 3125 (ONLINE),Online,none
2026-01-23,Friday,PAL Session - MATH 1242 (ONLINE),ONLINE,none
2026-01-23,Friday,PAL Session - CHEM 1252 (ONLINE),Online,none
2026-01-23,Friday,"Movie: ""Back to the Future""",Popp Martin Student Union,medium
2026-01-23,Friday,Charlotte Men's Basketball vs Tulane,"Charlotte, N.C.",low
2026-01-23,Friday,"Movie: ""The Strangers: Chapter 2""",Popp Martin Student Union,medium
2026-01-24,Saturday,CANCELLED Charlotte Men's Tennis at Tulane,"Oxford, Ms.",low
2026-01-24,Saturday,Charlotte Women's Basketball at Temple,"Philadelphia, Pa.",low
2026-01-24,Saturday,"Movie: ""The Strangers: Chapter 2""",Popp Martin Student Union,medium
2026-01-24,Saturday,"Movie: ""Back to the Future""",Popp Martin Student Union,medium
2026-01-25,Sunday,Charlotte Women's Golf at Round 1- Eagle Creek Country Club,"Orlando, Fla.",low
2026-01-25,Sunday,Winter Wanderlust Hike,Pisgah National Forest,low
2026-01-25,Sunday,The Undergraduate Research Conference (URC) 2026 Call for Abstracts,Popp Martin Student Union,medium
2026-01-25,Sunday,Charlotte Men's Basketball,Dale F. Halton Arena,high
2026-01-25,Sunday,Charlotte Men's Basketball vs Tulane,"Charlotte, N.C.",low
2026-01-25,Sunday,"Movie: ""Back to the Future""",Popp Martin Student Union,medium
2026-01-25,Sunday,"Movie: ""The Strangers: Chapter 2""",Popp Martin Student Union,medium
2026-01-26,Monday,Census date for Spring Enrollment,UNC Charlotte Academic Calendar,low
2026-01-26,Monday,Charlotte Women's Golf at Round 2- Eagle Creek Country Club,"Orlando, Fla.",low
2026-01-26,Monday,Niner Course Pack Last day to Opt-Out,UNC Charlotte Academic Calendar,low
2026-01-26,Monday,Qualtrics 101,Cone 111,low
2026-01-26,Monday,Canvas Accessibility with UDOIT,,low
2026-01-26,Monday,PAL Session - EXER 2168 (ONLINE),ONLINE,none
2026-01-26,Monday,PAL Session: ACCT 2122 (COLVD 5092),COLVD 5092,none
2026-01-26,Monday,PAL Session: CHEM 1200 (FRIDY 122),FRIDAY 122,none
2026-01-26,Monday,PAL Session: ACCT 2121 (ONLINE),Online,none
2026-01-26,Monday,PAL Session: PSYC 2113 (DENNY 105),DENNY 105,none
2026-01-26,Monday,RESCHEDULED February 4 via Zoom: Make an Impact. Build Your Resume. Find Your Crew: SCEC January Chapter Meeting!,Online,none
2026-01-26,Monday,PAL Session: ECON 2102 (FRIDY 130),FRIDY 130,none
2026-01-26,Monday,Lego Day,Popp Martin Student Union,medium
2026-01-26,Monday,Two Ways to MBA Information Session,,low
2026-01-26,Monday,Growth Mindset Activities for Your Class,,low
2026-01-26,Monday,PAL Session - EXER 2169 (FRIDY 144),FRIDY 144,none
2026-01-26,Monday,PAL Session: ACCT 3323 (MCEN 123),MCEN 123,none
2026-01-26,Monday,PAL Session - PHYS 2101 (FRIDY 117),FRIDY 117,none
2026-01-26,Monday,PAL Session - MATH 1242 (FRIDY 107),FRIDY 107,none
2026-01-26,Monday,PAL Session: CHEM 1251 (COLVD 5092),COLVD 5092,none
2026-01-26,Monday,PAL Session: ECON 2101 (FRIDY 122),FRIDY 122,none
2026-01-26,Monday,PAL Session - MATH 2164 (FRIDY 123),FRIDY 123,none
2026-01-26,Monday,Understanding Gen Z: The AI Generation,,low
2026-01-26,Monday,Enrolling in the NC 401(k) and NC 457 Plans,,low
2026-01-26,Monday,PAL Session - PHYS 1102 (DENNY 203),DENNY 203,none
2026-01-26,Monday,PAL Session - CHEM 2131 (FRIDAY 128),FRIDY 128,none
2026-01-26,Monday,PAL Session: BIOL 2120 (COLVD 5092),COLVD 5092,none
2026-01-26,Monday,PAL Session: PSYC 1101 (COLVD 3140),COLVD 3140,none
2026-01-26,Monday,Virtual Office Hours with Method!,,none
2026-01-26,Monday,PAL Session - CHEM 1252 (COLVD 5091),COLVD 5091,none
2026-01-26,Monday,"Pre-Law 101: Academics, Experience, and More",,low
2026-01-26,Monday,January Coffee Hour,Cone University Center,low
2026-01-26,Monday,Spring 26 Networking Recruitment Event,Mebane 010,low
2026-01-26,Monday,PAL Session: ENGR 1301 (ONLINE),Online,none
2026-01-27,Tuesday,Charlotte Women's Golf at Round 3- Eagle Creek Country Club,"Orlando, Fla.",low
2026-01-27,Tuesday,Census date for Spring Enrollment,UNC Charlotte Academic Calendar,low
2026-01-27,Tuesday,Overview of Gen-AI Tools in Education,,low
2026-01-27,Tuesday,PAL Session - MATH 2171 (DENNY 203),DENNY 203,none
2026-01-27,Tuesday,PAL Session - PHYS 2101 (DENNY 216),DENNY 216,none
2026-01-27,Tuesday,Jamil Niner Student Pantry: Tuesday Volunteer Shifts,Jamil Niner Student Pantry,low
2026-01-27,Tuesday,Self-Accountability: Building Discipline and Achieving Your Goals,,low
2026-01-27,Tuesday,EME Week - Professional In Residence/Open Forum: Resumes by Duke Energy (Drop-ins),,low
2026-01-27,Tuesday,Career Meet Up: STEM Career Fair Prep for Engineers,,high
2026-01-27,Tuesday,PAL Session: ECON 3125 (DENNY 215),DENNY 215,none
2026-01-27,Tuesday,Build A Plane Day Part 3,BATT CAVE - Conference Room 108,low
2026-01-27,Tuesday,Build-A-Plane Day Part 2,BATT Cave - Conference Room 108,low
2026-01-27,Tuesday,PAL Session - CHEM 1251 (FRIDY 155),FRIDY 155,none
2026-01-27,Tuesday,PAL Session: ACCT 2122 (FRET 306),FRET 306,none
2026-01-27,Tuesday,Grad School 101: Start Your Program Search with Confidence,,low
2026-01-27,Tuesday,PAL Session - COMM 2100 (ROBIN 308),ROBIN 308,none
2026-01-27,Tuesday,PAL Session: ACCT 2121 (COLVD 5092),COLVD 5092,none
2026-01-27,Tuesday,Part 1: Overview and Benefits of Globally Networked Learning (GNL),,low
2026-01-27,Tuesday,NC 401(k) and NC 457 Plans en Español,,low
2026-01-27,Tuesday,Alcoholics Anonymous (AA),Waddell Center for Student Health and Wellbeing,low
2026-01-27,Tuesday,From Data to Decisions: High-Impact AI & Analytics with Azure and Power Platform,Dubois Center at UNC Charlotte Center City,low
2026-01-27,Tuesday,PAL Session - MATH 1241 (FRET 405),FRET 405,none
2026-01-27,Tuesday,PAL Session - MATH 1242 (CHHS 294),CHHS 294,none
2026-01-27,Tuesday,PAL Session: ACCT 3323 (MACY 206),MACY 206,none
2026-01-27,Tuesday,PAL Session: CHEM 1204,DENNY 120,none
2026-01-27,Tuesday,PAL Session: ENGR 1301 (FRIDY 386),FRIDY 386,none
2026-01-27,Tuesday,PAL Session - EXER 2168 (COLVD 5092),COLVD 5092,none
2026-01-27,Tuesday,PAL Session - PHIL 2105 (COLVD 4068),COLVD 4068,none
2026-01-27,Tuesday,PAL Session - PSYC 1101 (ROBIN 109),ROBIN 109,none
2026-01-27,Tuesday,Interest Meeting,Friday,low
2026-01-27,Tuesday,January General Body Meeting,College of Health & Human Services (CHHS),low
2026-01-27,Tuesday,PAL Session: PSYC 2113 (COLVD 4123),COLVD 4123,none
2026-01-27,Tuesday,Resume & Linkedin Workshop,Charlotte Main Campus,low
2026-01-27,Tuesday,Spring 26 Membership Recruitment Event,Cone University Center,low
2026-01-27,Tuesday,UNCC College Democrats Interest Meeting! (Cancelled),Friday,low
2026-01-27,Tuesday,PAL Session - PHYS 1102 (COLVD 5092),COLVD 5092,none
2026-01-27,Tuesday,Spring Interest Meeting,College of Health & Human Services (CHHS),low
2026-01-27,Tuesday,Vision Boards and Vibes,Cone After Hours (by Subway),low
2026-01-27,Tuesday,How to Stay Calm Amid Chaos | Guest Speaker,Denny,low
2026-01-27,Tuesday,Charlotte Women's Basketball at South Florida,"Tampa, Fla.",low
2026-01-27,Tuesday,PAL Session: CHEM 2131 (ONLINE),Online,none
2026-01-27,Tuesday,Treats & Tiki Talks,Friday,low
2026-01-27,Tuesday,Tuesday Sports Night,King's Church (Gym),low
2026-01-27,Tuesday,Faculty & Friends: Chamber Wind Showcase,Rowe,low
2026-01-28,Wednesday,Census date for Spring Enrollment,UNC Charlotte Academic Calendar,low
2026-01-28,Wednesday,PAL Session: ACCT 2121 (FRIDAY 122),FRIDAY 122,none
2026-01-28,Wednesday,PAL Session: ACCT 3323 (FRIDY 123),FRIDY 123,none
2026-01-28,Wednesday,PAL Session: EXER 2168 (FRIDAY 130),FRIDY 130,none
2026-01-28,Wednesday,Jamil Niner Student Pantry: Wednesday Volunteer Shifts,Jamil Niner Student Pantry,low
2026-01-28,Wednesday,AWS - Employer in the Foyer,Woodward Hall Second Floor,low
2026-01-28,Wednesday,Career Meet Up: Resume Writing Basics,,low
2026-01-28,Wednesday,PAL Session: PSYC 2113 (FRIDY 155),FRIDY 155,none
2026-01-28,Wednesday,Snack Drive,Student Union Lobby,low
2026-01-28,Wednesday,Spring Kickoff,Woodward,low
2026-01-28,Wednesday,Open Swim – Google Drive,,low
2026-01-28,Wednesday,"Part 1: Using NotebookLM AI for Podcasting, Content Curation, and Assignments in Canvas",,low
2026-01-28,Wednesday,Mechanical Engineering Job Fair & Networking,Duke Centennial Hall Building,high
2026-01-28,Wednesday,PAL Session: ECON 2102 (SMITH 306),SMITH 306,none
2026-01-28,Wednesday,Wed. 1/28 Employer Event  for College of Engineering Students,Duke Centennial Hall Building First Floor,low
2026-01-28,Wednesday,Charlotte Finance Society: Tabling,Popp Martin Student Union,medium
2026-01-28,Wednesday,Eating Healthy on a Budget Webinar,,none
2026-01-28,Wednesday,PAL Session - MATH 1242 (ONLINE),ONLINE,none
2026-01-28,Wednesday,PAL Session - MATH 2164 (SMITH 201),SMITH 201,none
2026-01-28,Wednesday,Career Resources Event w/ Carmelita Goven,BINF301,low
2026-01-28,Wednesday,PAL Session - EXER 2169 (MCEN 123),MCEN 123,none
2026-01-28,Wednesday,PAL Session - MATH 1241 (COLVD 5092),COLVD 5092,none
2026-01-28,Wednesday,Pop! Into Student Involvement,Popp Martin Student Union,medium
2026-01-28,Wednesday,PAL Session - CHEM 1252 (SMITH 204),SMITH 204,none
2026-01-28,Wednesday,PAL Session - PHIL 2105 (COLVD 3120),COLVD 3120,none
2026-01-28,Wednesday,PAL Session: ECON 2101 (COLVD 4068),COLVD 4068,none
2026-01-28,Wednesday,Ace Your Graduate School Application: Tips and Tricks for Succes,,low
2026-01-28,Wednesday,PAL Session - PHYS 1102 (MCEN 401),MCEN 401,none
2026-01-28,Wednesday,"Exploring Canvas Course Analytics for Assignments, Quizzes, and Videos",,low
2026-01-28,Wednesday,Lunch & Learn: Prepare for the Fair - Professional Presence,Cone University Center,medium
2026-01-28,Wednesday,PAL Session - PHYS 2101 (SMITH 328),SMITH 328,none
2026-01-28,Wednesday,PAL Session: CHEM 2131 (COLVD 5092),COLVD 5092,none
2026-01-28,Wednesday,Snack & Chat: The Sustainable Scholar,Mebane (COED) 110,low
2026-01-28,Wednesday,PAL Session - MATH 1241 (ONLINE),ONLINE,none
2026-01-28,Wednesday,PAL Session - MATH 1242 (FRET 205),FRET 205,none
2026-01-28,Wednesday,PAL Session - MATH 2171 (ONLINE),ONLINE,none
2026-01-28,Wednesday,PAL Session: ACCT 2122 (FRIDAY 116),FRIDAY 116,none
2026-01-28,Wednesday,PAL Session: BIOL 2120 (FRIDY 381),FRIDY 381,none
2026-01-28,Wednesday,PAL Session: CHEM 1204 (ONLINE),Online,none
2026-01-28,Wednesday,Adopt A Spot,Lot 7A,low
2026-01-28,Wednesday,PAL Session - MATH 2241 (ONLINE),ONLINE,none
2026-01-28,Wednesday,PAL Session: ENGR 1301 (COLVD 5096),COLVD 5096,none
2026-01-28,Wednesday,"Question, Persuade, Refer (QPR) Training",,low
2026-01-28,Wednesday,CANCELLED (Snow Day) Weekly Meeting Option 2 of 2,Denny 217,low
2026-01-28,Wednesday,MCPHS Virtual Seminar,CHHS 153,none
2026-01-28,Wednesday,PAL Session: CHEM 1200 (COLVD 3120),COLVD 3120,none
2026-01-28,Wednesday,Spring 26 Resume Recruitment Event,Fretwell 113,low
2026-01-28,Wednesday,AWS Jam Session,Woodward Hall 335,low
2026-01-28,Wednesday,PAL Session - COMM 2100 (FRIDY 132),FRIDY 132,none
2026-01-28,Wednesday,PAL Session: ACCT 2121 (COLVD 5092),COLVD 5092,none
2026-01-28,Wednesday,Ukraine and the Future of European Security,Dubois Center at UNC Charlotte Center City,low
2026-01-28,Wednesday,Charlotte Men's Basketball at Temple,"Philadelphia, Pa.",low
2026-01-28,Wednesday,ELSO Scribble Sessions - Spring 2026,Online,low
2026-01-28,Wednesday,Kappa Karaoke,Mebane,low
2026-01-28,Wednesday,PAL Session - MATH 2164 (ONLINE),ONLINE,none
2026-01-29,Thursday,PAL Session: ACCT 2122 (ONLINE),Online,none
2026-01-29,Thursday,Ethical Considerations for Teaching with Gen-AI,,low
2026-01-29,Thursday,Jamil Niner Student Pantry: Thursday Volunteer Shifts,Jamil Niner Student Pantry,low
2026-01-29,Thursday,Charlotte Microcredentials Open Mic for Faculty and Staff,,low
2026-01-29,Thursday,Drop-In Hours,Barnard,low
2026-01-29,Thursday,EME Week Industry Meet Up: Learning While Earning with Duke Energy,,low
2026-01-29,Thursday,PAL Session: ACCT 2121 (BELK 207),BELK GYM 207,none
2026-01-29,Thursday,Navigating the Dissertation Process,Atkins 146,low
2026-01-29,Thursday,Open Swim – Microsoft Copilot and Google Gemini,,low
2026-01-29,Thursday,PAL Session - CHEM 1252 (FRET 306),FRET 306,none
2026-01-29,Thursday,PAL Session: ACCT 3323 (ONLINE),Online,none
2026-01-29,Thursday,Part 1: Teaching with Poll Everywhere,,low
2026-01-29,Thursday,Funding Your Future: Navigating Graduate Funding Strategies,,low
2026-01-29,Thursday,Mental Health First Aid,,low
2026-01-29,Thursday,PAL Session - MATH 1241 (BELK GYM 206),BELK GYM 206,none
2026-01-29,Thursday,PAL Session - EXER 2169 (SMITH 204),SMITH 204,none
2026-01-29,Thursday,PAL Session - CHEM 2131 (ONLINE),Online,none
2026-01-29,Thursday,PAL Session - ECON 2101 (ONLINE),Online,none
2026-01-29,Thursday,PAL Session - ECON 2101 (ONLINE) Exam Review,Online,none
2026-01-29,Thursday,PAL Session - MATH 2241 (MCEN 118),MCEN 118,none
2026-01-29,Thursday,TSERS Retirement Planning Webinar,,none
2026-01-29,Thursday,PAL Session - MATH 1241 (SMITH 217),SMITH 217,none
2026-01-29,Thursday,PAL Session - MATH 2171 (FRIDY 383),FRIDY 383,none
2026-01-29,Thursday,PAL Session:  ENGR 1301 (COLVD 5092),COLVD 5092,none
2026-01-29,Thursday,SDS Capstone Workshop: Summer 2026,,low
2026-01-29,Thursday,PAL Session: PSYC 1101 (MACY 206),MACY 206,none
2026-01-29,Thursday,Annual Business Honors Program Mock Interview Event 2026,,low
2026-01-29,Thursday,PAL Session - MATH 1242 (MCEN 401),MCEN 401,none
2026-01-29,Thursday,PAL Session: BIOL 2120 (ONLINE),Online,none
2026-01-29,Thursday,Romance or Red Flag: A Stalking 101 Workshop,CHHS 145,low
2026-01-29,Thursday,Romance or Red Flag: Stalking 101 Workshop,College of Health & Human Services (CHHS),low
2026-01-29,Thursday,Build and Fly Day,Smith,low
2026-01-29,Thursday,Charlotte Sports Analytics Club Weekly Meeting,Friday,low
2026-01-29,Thursday,PAL Session: ECON 3125 (SMITH 219),SMITH 219,none
2026-01-29,Thursday,Pop Culture Night: Identity,Denny,low
2026-01-29,Thursday,"Movie: ""Scream"" (1996)",Popp Martin Student Union,medium
2026-01-29,Thursday,PAL Session: ACCT 2121 (ONLINE),Online,none
2026-01-29,Thursday,PAL Session: ECON 2102 (COLVD 5092),COLVD 5092,none
2026-01-29,Thursday,CAB on Ice,Hauser Alumni Pavilion,low
2026-01-29,Thursday,"Movie: ""TRON: Ares""",Popp Martin Student Union,medium
2026-01-30,Friday,Graduate Admissions Virtual Office Hours,,none
2026-01-30,Friday,Niner Finances Walk In Hours,King Building ,low
2026-01-30,Friday,PAL Session: EXER 2168 (FRIDY 128) - Exam Review,FRIDY 128,none
2026-01-30,Friday,Walk In Hours,King,low
2026-01-30,Friday,PAL Session: CHEM 1200 (ONLINE),Online,none
2026-01-30,Friday,Zoom AI for Teaching,,none
2026-01-30,Friday,PAL Session: ECON 2102 (ONLINE),Online,none
2026-01-30,Friday,PAL Session: PSYC 2113 (ONLINE),ONLINE,none
2026-01-30,Friday,PAL Session: CHEM 1200 (DENNY 215),DENNY 215,none
2026-01-30,Friday,The Write Way to Literacy Instruction: Examining the Predictive Power of Educators’ Writing Knowledge on Self-Efficacy in Writing Instruction,Register through this form to receive Zoom link: http://bit.ly/3L2dE5U,low
2026-01-30,Friday,AWS Women of the Cloud College Tour - Evolving Through Every Era -  OPEN TO ALL STUDENTS,Woodward Hall 106,low
2026-01-30,Friday,PAL Session - CHEM 1251 (ONLINE),Online,none
2026-01-30,Friday,PAL Session - PHIL 2105 (ONLINE),ONLINE,none
2026-01-30,Friday,PAL Session - PHYS 1102 (ONLINE),ONLINE,none
2026-01-30,Friday,PAL Session - PSYC 1101 (ONLINE),ONLINE,none
2026-01-30,Friday,PAL Session - PHYS 2101 (ONLINE) (Cancelled),ONLINE,none
2026-01-30,Friday,PAL Session: ECON 2101 (COLVD 2006) - Exam Review,COLVD 2006,none
2026-01-30,Friday,Charlotte Men's Tennis vs Gardner-Webb,"Charlotte, N.C.",low
2026-01-30,Friday,Mental Health First Aid,,low
2026-01-30,Friday,PAL Session - COMM 2100 (ONLINE),Online,none
2026-01-30,Friday,Part 2: Student Study Skills with Gen-AI,,low
2026-01-30,Friday,Charlotte Women's Basketball vs East Carolina,"Charlotte, N.C., Halton Arena",high
2026-01-30,Friday,Charlotte Women's Basketball Vs. ECU,Dale F. Halton Arena,high
2026-01-30,Friday,PAL Session - EXER 2169 (ONLINE),ONLINE,none
2026-01-30,Friday,PAL Session: ECON 3125 (ONLINE),Online,none
2026-01-30,Friday,PAL Session - MATH 1242 (ONLINE),ONLINE,none
2026-01-30,Friday,PAL Session - CHEM 1252 (ONLINE),Online,none
2026-01-30,Friday,MiS Zoom Interest Meeting,Online,none
2026-01-30,Friday,"Movie: ""TRON: Ares""",Popp Martin Student Union,medium
2026-01-30,Friday,TOTAL DRAMA ISLAND: IRL GAMESHOW,Rowe,low
2026-01-30,Friday,Charlotte Men's Basketball vs Rice,"Charlotte, N.C.",low
2026-01-30,Friday,Charlotte Men's Basketball Vs. Rice,Dale F. Halton Arena,high
2026-01-30,Friday,2026 Faculty Dance Concert,Robinson Hall,high
2026-01-30,Friday,Dodgeball Tournament,Belk Gym,low
2026-01-30,Friday,"Movie: ""Scream"" (1996)",Popp Martin Student Union,medium
2026-01-31,Saturday,AIAA Carolina Aerospace Symposium,Energy Production and Infrastructure Center (EPIC) Room G-287,medium
2026-01-31,Saturday,MSA '26 Banquet,Student Union 340,medium
2026-01-31,Saturday,Charlotte Men's Basketball vs Rice,"Charlotte, N.C.",low
2026-01-31,Saturday,Charlotte Men's Basketball Vs. Rice,Dale F. Halton Arena,high
2026-01-31,Saturday,"Movie: ""TRON: Ares""",Popp Martin Student Union,medium
2026-01-31,Saturday,"Movie: ""Scream"" (1996)",Popp Martin Student Union,medium
2026-02-01,Sunday,POSTPONED Charlotte Men's Tennis vs Presbyterian,"Charlotte, N.C.",low
2026-02-01,Sunday,Charlotte Women's Basketball vs East Carolina,"Charlotte, N.C., Halton Arena",high
2026-02-01,Sunday,Charlotte Women's Basketball Vs. ECU,Dale F. Halton Arena,high
2026-02-01,Sunday,POSTPONED Charlotte Men's Tennis vs Queens,"Charlotte, N.C.",low
2026-02-01,Sunday,"Movie: ""Scream"" (1996)",Popp Martin Student Union,medium
2026-02-01,Sunday,"Movie: ""TRON: Ares""",Popp Martin Student Union,medium
2026-02-02,Monday,Intro to Learning Objectives and Backwards Design,,low
2026-02-02,Monday,Projects without Partners,TBA,low
2026-02-02,Monday,PAL Session - EXER 2168 (ONLINE),ONLINE,none
2026-02-02,Monday,PAL Session: ACCT 2122 (COLVD 5092),COLVD 5092,none
2026-02-02,Monday,PAL Session: CHEM 1200 (FRIDY 122),FRIDAY 122,none
2026-02-02,Monday,PAL Session: ACCT 2121 (ONLINE),Online,none
2026-02-02,Monday,PAL Session: PSYC 2113 (DENNY 105),DENNY 105,none
2026-02-02,Monday,Professional In Residence: Resumes by Spectrum (Drop-ins),,low
2026-02-02,Monday,Career Meet Up: The Mindful Networker,,low
2026-02-02,Monday,PAL Session: ECON 2102 (FRIDY 130),FRIDY 130,none
2026-02-02,Monday,Drop-In Hours,Barnard,low
2026-02-02,Monday,School Counselor Appreciation Week!,Mebane Hall,low
2026-02-02,Monday,Career Meet Up: My First Networking Event,,low
2026-02-02,Monday,PAL Session - EXER 2169 (FRIDY 144),FRIDY 144,none
2026-02-02,Monday,PAL Session: ACCT 3323 (MCEN 123),MCEN 123,none
2026-02-02,Monday,Writing Effective Abstracts,Atkins 146,low
2026-02-02,Monday,PAL Session - PHYS 2101 (FRIDY 117) (Cancelled),FRIDY 117,none
2026-02-02,Monday,PAL Session - MATH 1242 (FRIDY 107),FRIDY 107,none
2026-02-02,Monday,PAL Session: CHEM 1251 (COLVD 5092),COLVD 5092,none
2026-02-02,Monday,PAL Session: ECON 2101 (FRIDY 122),FRIDY 122,none
2026-02-02,Monday,Career Meet Up: Career Fair Crash Course,,high
2026-02-02,Monday,PAL Session - MATH 2164 (FRIDY 123),FRIDY 123,none
2026-02-02,Monday,PAL Session - PHYS 1102 (DENNY 203),DENNY 203,none
2026-02-02,Monday,Mentor Meet & Greet,Popp Martin Student Union Room 340,medium
2026-02-02,Monday,PAL Session - CHEM 2131 (FRIDAY 128),FRIDY 128,none
2026-02-02,Monday,PAL Session: BIOL 2120 (COLVD 5092),COLVD 5092,none
2026-02-02,Monday,PAL Session: PSYC 1101 (COLVD 3140),COLVD 3140,none
2026-02-02,Monday,PAL Session - CHEM 1252 (COLVD 5091),COLVD 5091,none
2026-02-02,Monday,PAL Session: ENGR 1301 (ONLINE),Online,none
2026-02-03,Tuesday,Intro to Learning Objectives and Backwards Design,,low
2026-02-03,Tuesday,Grad School 101: Start Your Program Search with Confidence,,low
2026-02-03,Tuesday,PAL Session - MATH 2171 (DENNY 203),DENNY 203,none
2026-02-03,Tuesday,PAL Session - PHYS 2101 (DENNY 216) (Cancelled),DENNY 216,none
2026-02-03,Tuesday,Jamil Niner Student Pantry: Tuesday Volunteer Shifts,Jamil Niner Student Pantry,low
2026-02-03,Tuesday,Open Swim – Microsoft Copilot and Google Gemini,,low
2026-02-03,Tuesday,Professional In Residence: Resumes by PSA Airlines (Drop-ins),,low
2026-02-03,Tuesday,Career Meet Up: Career Fair Crash Course,,high
2026-02-03,Tuesday,PAL Session: ECON 3125 (DENNY 215),DENNY 215,none
2026-02-03,Tuesday,Syllabus and Classroom Communication on AI Tools,,low
2026-02-03,Tuesday,Building a LinkedIn Profile,,low
2026-02-03,Tuesday,Lunch & Learn,University Recreation Center,low
2026-02-03,Tuesday,Career Meet Up: Pediatric Home Health Nursing Led by Continuum Pediatric Nursing,,low
2026-02-03,Tuesday,PAL Session - CHEM 1251 (FRIDY 155),FRIDY 155,none
2026-02-03,Tuesday,PAL Session: ACCT 2122 (FRET 306),FRET 306,none
2026-02-03,Tuesday,Writing Effective Abstracts,Atkins 146,low
2026-02-03,Tuesday,PAL Session - COMM 2100 (ROBIN 308),ROBIN 308,none
2026-02-03,Tuesday,PAL Session: ACCT 2121 (COLVD 5092),COLVD 5092,none
2026-02-03,Tuesday,Career Meet Up: Networking for Introverts,,low
2026-02-03,Tuesday,A Day in the Life of a Data Scientist in Financial Services,Dubois Center at UNC Charlotte Center City,low
2026-02-03,Tuesday,Alcoholics Anonymous (AA),Waddell Center for Student Health and Wellbeing,low
2026-02-03,Tuesday,Explore CO-LAB Ventures & 49er Foundry (with CCI),Woodward Hall 335,low
2026-02-03,Tuesday,Industry Meet Up: Classroom to Career - Exploring Analytics with SAS Viya,,low
2026-02-03,Tuesday,PAL Session - MATH 1241 (FRET 405),FRET 405,none
2026-02-03,Tuesday,PAL Session - MATH 1242 (CHHS 294),CHHS 294,none
2026-02-03,Tuesday,PAL Session: ACCT 3323 (MACY 206),MACY 206,none
2026-02-03,Tuesday,PAL Session: CHEM 1204,DENNY 120,none
2026-02-03,Tuesday,PAL Session: ENGR 1301 (FRIDY 386),FRIDY 386,none
2026-02-03,Tuesday,PAL Session - EXER 2168 (COLVD 5092),COLVD 5092,none
2026-02-03,Tuesday,PAL Session - PHIL 2105 (COLVD 4068),COLVD 4068,none
2026-02-03,Tuesday,PAL Session - PSYC 1101 (ROBIN 109),ROBIN 109,none
2026-02-03,Tuesday,PAL Session: PSYC 2113 (COLVD 4123),COLVD 4123,none
2026-02-03,Tuesday,Speak So They Can Hear You: Making STEM Communication Work for Every Mind,,low
2026-02-03,Tuesday,Late Night: ‘Dose of Trivia’,Mebane,low
2026-02-03,Tuesday,PAL Session - PHYS 1102 (COLVD 5092),COLVD 5092,none
2026-02-03,Tuesday,PAL Session: CHEM 2131 (ONLINE),Online,none
2026-02-03,Tuesday,Real Talk. Real Wins. Real Opportunities. Workshop,,low
2026-02-04,Wednesday,Intro to Learning Objectives and Backwards Design,,low
2026-02-04,Wednesday,Last day to change Grade Type (P/NC or Audit),UNC Charlotte Academic Calendar,low
2026-02-04,Wednesday,Last day to Change or Opt-Out of Grade Replacement for First-Half Term,UNC Charlotte Academic Calendar,low
2026-02-04,Wednesday,Last day to withdraw from course (s) for First-Half Term; grade subject to Withdrawal Policy,UNC Charlotte Academic Calendar,none
2026-02-04,Wednesday,Humane Society (Cancelled),Humane Society,low
2026-02-04,Wednesday,Know Before You Go: Essential Steps for Newly Admitted Students,,high
2026-02-04,Wednesday,PAL Session: ACCT 2121 (FRIDAY 122),FRIDAY 122,none
2026-02-04,Wednesday,PAL Session: ACCT 3323 (FRIDY 123),FRIDY 123,none
2026-02-04,Wednesday,PAL Session: EXER 2168 (FRIDAY 130),FRIDY 130,none
2026-02-04,Wednesday,Conflict Resolution: Navigating Colleague-to-Colleague Differences,,low
2026-02-04,Wednesday,Jamil Niner Student Pantry: Wednesday Volunteer Shifts,Jamil Niner Student Pantry,low
2026-02-04,Wednesday,Lincoln Financial - Employer in the Foyer,Woodward Hall Second Floor,low
2026-02-04,Wednesday,Open Swim – GMail,,low
2026-02-04,Wednesday,PAL Session: PSYC 2113 (FRIDY 155),FRIDY 155,none
2026-02-04,Wednesday,Professional In Residence: Resumes by Equitable (Drop-ins),,low
2026-02-04,Wednesday,Professional In Residence: Resumes by Summit Design and Engineering Services (Drop-ins),,medium
2026-02-04,Wednesday,Career Meet Up: My First Networking Event,,low
2026-02-04,Wednesday,PAL Session: ECON 2102 (SMITH 306),SMITH 306,none
2026-02-04,Wednesday,From Campus to Career: Alumni Internship Stories,,low
2026-02-04,Wednesday,Lunch & Learn,University Recreation Center,low
2026-02-04,Wednesday,PAL Session - MATH 1242 (ONLINE),ONLINE,none
2026-02-04,Wednesday,PAL Session - MATH 2164 (SMITH 201),SMITH 201,none
2026-02-04,Wednesday,Public Policy PhD UNC Charlotte Informational Session,,low
2026-02-04,Wednesday,Understanding Financial Needs vs Wants,Popp Martin Student Union,medium
2026-02-04,Wednesday,Understanding Financial Needs/ Wants Presentation,Student Union Room 262,low
2026-02-04,Wednesday,Career Meet Up:  Exploring Career Paths Available in the Banking Industry Led by Truist,,low
2026-02-04,Wednesday,PAL Session - EXER 2169 (MCEN 123),MCEN 123,none
2026-02-04,Wednesday,PAL Session - MATH 1241 (COLVD 5092),COLVD 5092,none
2026-02-04,Wednesday,Pop! Into Student Involvement,Popp Martin Student Union,medium
2026-02-04,Wednesday,Navigating Contentious Conversations about Current Issues in the Classroom,,low
2026-02-04,Wednesday,PAL Session - CHEM 1252 (SMITH 204),SMITH 204,none
2026-02-04,Wednesday,PAL Session - PHIL 2105 (COLVD 3120),COLVD 3120,none
2026-02-04,Wednesday,Panel & Pastries : Women in Sports Business Brunch,Student Union Room #200,low
2026-02-04,Wednesday,Career Meet Up: Career Fair Crash Course,,high
2026-02-04,Wednesday,PAL Session: ECON 2101 (COLVD 4068),COLVD 4068,none
2026-02-04,Wednesday,PAL Session - PHYS 1102 (MCEN 401),MCEN 401,none
2026-02-04,Wednesday,Career Meet Up: International Student Career Fair Crash Course,,high
2026-02-04,Wednesday,PAL Session - PHYS 2101 (SMITH 328) (Cancelled),SMITH 328,none
2026-02-04,Wednesday,PAL Session: CHEM 2131 (COLVD 5092),COLVD 5092,none
2026-02-04,Wednesday,Guest Speaker !,Cone University Center,low
2026-02-04,Wednesday,Hybrid Agile: Outperforming AI by Delivering Real Results,Woodward Hall 335,low
2026-02-04,Wednesday,PAL Session - MATH 1241 (ONLINE),ONLINE,none
2026-02-04,Wednesday,PAL Session - MATH 1242 (FRET 205),FRET 205,none
2026-02-04,Wednesday,PAL Session - MATH 2171 (ONLINE),ONLINE,none
2026-02-04,Wednesday,PAL Session: ACCT 2122 (FRIDAY 116),FRIDAY 116,none
2026-02-04,Wednesday,PAL Session: BIOL 2120 (FRIDY 381),FRIDY 381,none
2026-02-04,Wednesday,PAL Session: CHEM 1204 (ONLINE),Online,none
2026-02-04,Wednesday,RESCHEDULED February 4 via Zoom: Make an Impact. Build Your Resume. Find Your Crew: SCEC January Chapter Meeting!,Online,none
2026-02-04,Wednesday,PAL Session - MATH 2241 (ONLINE),ONLINE,none
2026-02-04,Wednesday,PAL Session: ENGR 1301 (COLVD 5096),COLVD 5096,none
2026-02-04,Wednesday,Niner Designers: Tin Embossing,Macy,low
2026-02-04,Wednesday,Overcoming Objections With Lotus,Cone 208,low
2026-02-04,Wednesday,PAL Session: CHEM 1200 (COLVD 3120),COLVD 3120,none
2026-02-04,Wednesday,Resume & Linkedin Workshop,Charlotte Main Campus,low
2026-02-04,Wednesday,Travelers Insurance Speaker Meeting,Friday,low
2026-02-04,Wednesday,Weekly Meeting Option 2 of 2,Denny 217,low
2026-02-04,Wednesday,Advocacy Training,Denny,low
2026-02-04,Wednesday,Economic Inequality Discussion,Popp Martin Student Union,medium
2026-02-04,Wednesday,Galentines: Build Your Brand,Friday,low
2026-02-04,Wednesday,GBM: LinkedIn/Resume Workshop,College of Health & Human Services (CHHS),low
2026-02-04,Wednesday,India Game Night,Smith,low
2026-02-04,Wednesday,PAL Session - COMM 2100 (FRIDY 132),FRIDY 132,none
2026-02-04,Wednesday,Surface Mount Soldering Workshop,EPIC 2230,low
2026-02-04,Wednesday,PAL Session: ACCT 2121 (COLVD 5092),COLVD 5092,none
2026-02-04,Wednesday,The Future of Human Rights and International Law,Dubois Center at UNC Charlotte Center City,low
2026-02-04,Wednesday,ELSO Scribble Sessions - Spring 2026,,low
2026-02-04,Wednesday,PAL Session - MATH 2164 (ONLINE),ONLINE,none
2026-02-04,Wednesday,WISS Trivia Night!,Fretwell,low
2026-02-04,Wednesday,Charlotte Men's Basketball at Wichita State,"Wichita, Kans.",low
2026-02-04,Wednesday,Charlotte Women's Basketball at Tulane,"New Orleans, La.",low
2026-02-04,Wednesday,Program Coordinator Interest Meeting,Popp Martin Student Union,medium
2026-02-05,Thursday,Intro to Learning Objectives and Backwards Design,,low
2026-02-05,Thursday,PAL Session: ACCT 2122 (ONLINE),Online,none
2026-02-05,Thursday,2026 Engaged Scholarship Symposium,CO-LAB at UNC Charlotte Center City,medium
2026-02-05,Thursday,Ace Your Graduate School Application: Tips and Tricks for Success,,low
2026-02-05,Thursday,Growth Mindset Activities for Your Class,,low
2026-02-05,Thursday,STEM  Fair,,high
2026-02-05,Thursday,Jamil Niner Student Pantry: Thursday Volunteer Shifts,Jamil Niner Student Pantry,low
2026-02-05,Thursday,Applying for the PhD in CIS,,low
2026-02-05,Thursday,PAL Session: ACCT 2121 (BELK 207),BELK GYM 207,none
2026-02-05,Thursday,PAL Session - CHEM 1252 (FRET 306),FRET 306,none
2026-02-05,Thursday,PAL Session: ACCT 3323 (ONLINE),Online,none
2026-02-05,Thursday,PAL Session - MATH 1241 (BELK GYM 206),BELK GYM 206,none
2026-02-05,Thursday,PAL Session - EXER 2169 (SMITH 204),SMITH 204,none
2026-02-05,Thursday,PAL Session - CHEM 2131 (ONLINE),Online,none
2026-02-05,Thursday,PAL Session - ECON 2101 (ONLINE),Online,none
2026-02-05,Thursday,PAL Session - MATH 2241 (MCEN 118),MCEN 118,none
2026-02-05,Thursday,A2i - Digital Literacy in the AI-Powered Workplace,Atkins 146,low
2026-02-05,Thursday,International Coffee Hour,Popp Martin Student Union,medium
2026-02-05,Thursday,PAL Session - MATH 1241 (SMITH 217),SMITH 217,none
2026-02-05,Thursday,PAL Session - MATH 2171 (FRIDY 383),FRIDY 383,none
2026-02-05,Thursday,PAL Session: ENGR 1301 (COLVD 5092),COLVD 5092,none
2026-02-05,Thursday,Build and Fly Day,Smith,low
2026-02-05,Thursday,PAL Session: PSYC 1101 (MACY 206),MACY 206,none
2026-02-05,Thursday,PAL Session - MATH 1242 (MCEN 401),MCEN 401,none
2026-02-05,Thursday,PAL Session: BIOL 2120 (ONLINE),Online,none
2026-02-05,Thursday,Charlotte Sports Analytics Club Weekly Meeting,Friday,low
2026-02-05,Thursday,PAL Session: ECON 3125 (SMITH 219),SMITH 219,none
2026-02-05,Thursday,VSA: Craft GBM,CHHS 145,low
2026-02-05,Thursday,Hot Cocoa Mixer,Colvard,low
2026-02-05,Thursday,Interest Meeting,Denny,low
2026-02-05,Thursday,PAL Session: ACCT 2121 (ONLINE),Online,none
2026-02-05,Thursday,PAL Session: ECON 2102 (COLVD 5092),COLVD 5092,none
2026-02-05,Thursday,CCM Week - Bowling,AMF University Lanes,low
2026-02-05,Thursday,Rhythm,College of Health & Human Services (CHHS),low
2026-02-06,Friday,Early Alert Deadline,UNC Charlotte Academic Calendar,low
2026-02-06,Friday,Intro to Learning Objectives and Backwards Design,,low
2026-02-06,Friday,Navigating the Next Step: Insights from Industry Leaders,,low
2026-02-06,Friday,Master of Public Health - Admissions Virtual Drop-In Hour,,none
2026-02-06,Friday,Nourish Up,Nourish Up Warehouse,low
2026-02-06,Friday,"Question, Persuade, Refer (QPR) Training",,low
2026-02-06,Friday,Niner Finances Walk In Hours,King Building ,low
2026-02-06,Friday,PAL Session: EXER 2168 (FRIDY 128),FRIDY 128,none
2026-02-06,Friday,Walk In Hours,King,low
2026-02-06,Friday,Charlotte Men's Tennis at Georgia Tech,"Atlanta, Ga.",low
2026-02-06,Friday,ELSO Scribble Sessions - Midday Spring 2026,,low
2026-02-06,Friday,Getting Started with Citation Management,Online,low
2026-02-06,Friday,PAL Session: CHEM 1200 (ONLINE),Online,none
2026-02-06,Friday,Part 3: Student Writing Skills with Gen-AI,,low
2026-02-06,Friday,PAL Session: ECON 2102 (ONLINE),Online,none
2026-02-06,Friday,Career Meet Up: How to Get An Internship,,low
2026-02-06,Friday,PAL Session: PSYC 2113 (ONLINE),ONLINE,none
2026-02-06,Friday,Personal Branding,Popp Martin Student Union,medium
2026-02-06,Friday,PAL Session: CHEM 1200 (DENNY 215),DENNY 215,none
2026-02-06,Friday,Formatting and Submitting Your Thesis or Dissertation,,low
2026-02-06,Friday,PAL Session - CHEM 1251 (ONLINE),Online,none
2026-02-06,Friday,PAL Session - PHIL 2105 (ONLINE),ONLINE,none
2026-02-06,Friday,PAL Session - PHYS 1102 (ONLINE),ONLINE,none
2026-02-06,Friday,PAL Session - PSYC 1101 (ONLINE),ONLINE,none
2026-02-06,Friday,Problem Solving,Popp Martin Student Union,medium
2026-02-06,Friday,PAL Session - PHYS 2101 (ONLINE) (Cancelled),ONLINE,none
2026-02-06,Friday,PAL Session: ECON 2101 (COLVD 2006),COLVD 2006,none
2026-02-06,Friday,Niners with Novels Reading Club Meeting,Friday,low
2026-02-06,Friday,PAL Session - COMM 2100 (ONLINE),Online,none
2026-02-06,Friday,Getting Started with Active Teaching and Learning,,low
2026-02-06,Friday,PAL Session - EXER 2169 (ONLINE),ONLINE,none
2026-02-06,Friday,PAL Session: ECON 3125 (ONLINE),Online,none
2026-02-06,Friday,PAL Session - MATH 1242 (ONLINE),ONLINE,none
2026-02-06,Friday,PAL Session - CHEM 1252 (ONLINE),Online,none
2026-02-06,Friday,Info Session + Hot Chocolate ☕❄️,Fretwell,low
2026-02-06,Friday,Info Session + UNO Tournament ♠️,College of Health & Human Services (CHHS),low
2026-02-06,Friday,Super bowl Shabbat,College of Health & Human Services (CHHS),low
2026-02-06,Friday,CAB's Winter Ball,Barnhardt Student Activity Center (SAC) ,medium
2026-02-06,Friday,"LEGENDARY GAME NIGHT (we back, with NEW games!)",College of Health & Human Services (CHHS),low
2026-02-06,Friday,Collage Concert,Robinson Hall,high
2026-02-07,Saturday,Campfire and Cave Exploration,"Bristol, TN",low
2026-02-07,Saturday,49er Gold Rush 5K,Belk Gym,low
2026-02-07,Saturday,Spring 2026 Graduate Programs Open House,Dubois Center at UNC Charlotte Center City,high
2026-02-07,Saturday,Meal Packing (Cancelled),Gibson Mill,low
2026-02-07,Saturday,NinerCon 2026,Popp Martin Student Union,medium
2026-02-07,Saturday,SHPilates,Yoga Studio,low
2026-02-07,Saturday,Habitat for Humanity,Habitat for Humanity,low
2026-02-07,Saturday,Charlotte Women's Basketball vs Wichita State,"Charlotte, N.C., Halton Arena",high
2026-02-07,Saturday,Charlotte Women's Basketball Vs. Wichita State,Dale F. Halton Arena,high
2026-02-08,Sunday,Campfire and Cave Exploration,"Bristol, TN",low
2026-02-08,Sunday,Charlotte Men's Tennis at Clemson,"Clemson, S.C.",low
2026-02-08,Sunday,Charlotte Men's Basketball at Memphis,"Memphis, Tenn.",low
2026-02-08,Sunday,Super Bowl Watch Party,Cone University Center,low
2026-02-08,Sunday,Super Bowl Party,Crossway Community Church,low
2026-02-09,Monday,Charlotte Women's Golf at Day 1 - 36 Holes- Tucson Country Club,"Tucson, Ariz.",low
2026-02-09,Monday,"EMPIRICAL STUDIES ON THE IMPACT OF VISUALIZATION DESIGN ON HUMAN COGNITION, JUDGMENT, AND AI UNDERSTANDING",Register through this form to receive Zoom link: http://bit.ly/3L2dE5U,low
2026-02-09,Monday,PAL Session - EXER 2168 (ONLINE),ONLINE,none
2026-02-09,Monday,PAL Session: ACCT 2122 (COLVD 5092),COLVD 5092,none
2026-02-09,Monday,"Part 2: Using NotebookLM AI for Critical Writing, Reading, Reflection, and Synthesis",,low
2026-02-09,Monday,PAL Session: CHEM 1200 (FRIDY 122),FRIDAY 122,none
2026-02-09,Monday,PAL Session: ACCT 2121 (ONLINE),Online,none
2026-02-09,Monday,PAL Session: PSYC 2113 (DENNY 105),DENNY 105,none
2026-02-09,Monday,Professional In Residence: Resumes by Sherwin-Williams (Drop-ins),,low
2026-02-09,Monday,PAL Session: ECON 2102 (FRIDY 130),FRIDY 130,none
2026-02-09,Monday,Lego Day,Popp Martin Student Union,medium
2026-02-09,Monday,Time Management,,low
2026-02-09,Monday,Career Meet Up: How to Set Up Your LinkedIn Profile,,low
2026-02-09,Monday,PAL Session - EXER 2169 (FRIDY 144),FRIDY 144,none
2026-02-09,Monday,PAL Session: ACCT 3323 (MCEN 123),MCEN 123,none
2026-02-09,Monday,Career Meet Up: Career Fair Crash Course,,high
2026-02-09,Monday,PAL Session - PHYS 2101 (FRIDY 117) (Cancelled),FRIDY 117,none
2026-02-09,Monday,PAL Session - MATH 1242 (FRIDY 107),FRIDY 107,none
2026-02-09,Monday,PAL Session: CHEM 1251 (COLVD 5092),COLVD 5092,none
2026-02-09,Monday,PAL Session: ECON 2101 (FRIDY 122),FRIDY 122,none
2026-02-09,Monday,Law School Admissions Insights from an Experienced Admissions Professional,University Career Center,low
2026-02-09,Monday,PAL Session - MATH 2164 (FRIDY 123),FRIDY 123,none
2026-02-09,Monday,Ace Your Graduate School Application: Tips and Tricks for Success,,low
2026-02-09,Monday,PAL Session - PHYS 1102 (DENNY 203),DENNY 203,none
2026-02-09,Monday,PAL Session - CHEM 2131 (FRIDAY 128),FRIDY 128,none
2026-02-09,Monday,PAL Session: BIOL 2120 (COLVD 5092),COLVD 5092,none
2026-02-09,Monday,Spring 2026 Grad Student and Postdoctoral Writing Group,Atkins 146,low
2026-02-09,Monday,PAL Session: PSYC 1101 (COLVD 3140),COLVD 3140,none
2026-02-09,Monday,CSN x Charlotte Hornets,Spectrum Center,low
2026-02-09,Monday,PAL Session - CHEM 1252 (COLVD 5091),COLVD 5091,none
2026-02-09,Monday,Women in Business Networking Event,Cone University Center,low
2026-02-09,Monday,PAL Session: ENGR 1301 (ONLINE),Online,none
2026-02-09,Monday,Pop The Balloon: Speed Connections,Popp Martin Student Union,medium
2026-02-09,Monday,Birthright and Bagels,Popp Martin Student Union,medium
2026-02-10,Tuesday,Charlotte Women's Golf at Final Round- Tucson Country Club,"Tucson, Ariz.",low
2026-02-10,Tuesday,Entrepreneurial Mindset for Engineers,PORTAL Seminar Room 242,low
2026-02-10,Tuesday,PAL Session - MATH 2171 (DENNY 203) - Exam Review,DENNY 203,none
2026-02-10,Tuesday,PAL Session - PHYS 2101 (DENNY 216) (Cancelled),DENNY 216,none
2026-02-10,Tuesday,Jamil Niner Student Pantry: Tuesday Volunteer Shifts,Jamil Niner Student Pantry,low
2026-02-10,Tuesday,Professional In Residence: Resumes by U.S. Bank (Drop-ins),,low
2026-02-10,Tuesday,Zero Waste Dog Treats Demo Kitchen,UREC Demo Kitchen,low
2026-02-10,Tuesday,PAL Session: ECON 3125 (DENNY 215),DENNY 215,none
2026-02-10,Tuesday,Information Session: UNC Charlotte Tech Bootcamps,,low
2026-02-10,Tuesday,Peer Talk: Career Fair Mastery with the BCOB Peer Guides,Friday,high
2026-02-10,Tuesday,"Real Estate Licensing and the Career Paths You Didn’t Know Existed, Presented by Minerva Mims and Tiffany Ross of the NC Real Estate Commission",,low
2026-02-10,Tuesday,Effective Communication,Popp Martin Student Union,medium
2026-02-10,Tuesday,PAL Session - CHEM 1251 (FRIDY 155),FRIDY 155,none
2026-02-10,Tuesday,PAL Session: ACCT 2122 (FRET 306),FRET 306,none
2026-02-10,Tuesday,Part 1: Canvas Studio - Flipping Your Class with Videos,,low
2026-02-10,Tuesday,PAL Session - COMM 2100 (ROBIN 308),ROBIN 308,none
2026-02-10,Tuesday,PAL Session: ACCT 2121 (COLVD 5092),COLVD 5092,none
2026-02-10,Tuesday,Career Meet Up: Career Fair Crash Course,,high
2026-02-10,Tuesday,Writing Synthesized Literature Reviews,Atkins 146,low
2026-02-10,Tuesday,Blue Ridge Broadcast (with Law Schools),,low
2026-02-10,Tuesday,Career Meet Up: Careers in ABA Led by Cross River Therapy,,low
2026-02-10,Tuesday,PAL Session - MATH 1241 (FRET 405),FRET 405,none
2026-02-10,Tuesday,PAL Session - MATH 1242 (CHHS 294),CHHS 294,none
2026-02-10,Tuesday,PAL Session: ACCT 3323 (MACY 206),MACY 206,none
2026-02-10,Tuesday,PAL Session: CHEM 1204,DENNY 120,none
2026-02-10,Tuesday,PAL Session: ENGR 1301 (FRIDY 386),FRIDY 386,none
2026-02-10,Tuesday,The Power of Being a Consultant,"Dubois Center, UNC Charlotte, 320 E 9th St, Charlotte, NC 28202",low
2026-02-10,Tuesday,PAL Session - EXER 2168 (COLVD 5092),COLVD 5092,none
2026-02-10,Tuesday,PAL Session - PHIL 2105 (COLVD 4068),COLVD 4068,none
2026-02-10,Tuesday,PAL Session - PSYC 1101 (ROBIN 109),ROBIN 109,none
2026-02-10,Tuesday,Black History Month Film Screening,Cone University Center,low
2026-02-10,Tuesday,General Body X Interest Meeting,Cone University Center,low
2026-02-10,Tuesday,PAL Session: PSYC 2113 (COLVD 4123),COLVD 4123,none
2026-02-10,Tuesday,Popcorn & Prose: General Body Meeting,Friday,low
2026-02-10,Tuesday,Weekly Meeting Option 1 of 2,Fretwell 223,low
2026-02-10,Tuesday,"From the Heart, Not the Bottle: Valentine's Crafting",Friday,low
2026-02-10,Tuesday,GInkgo Residential Guest Lecture Series,Independent Picture House,low
2026-02-10,Tuesday,"Ginkgo Residential Speaker Series: “Tariffs, Trade Wars, and Boycotts: Between Nationalism and Globalism”",Independent Picture House,low
2026-02-10,Tuesday,Hidden Hearts,Popp Martin Student Union,medium
2026-02-10,Tuesday,Kick-Off! Rock Climbing Night @ the SAC,Barnhardt Student Activity Center (SAC),medium
2026-02-10,Tuesday,PAL Session - PHYS 1102 (COLVD 5092),COLVD 5092,none
2026-02-10,Tuesday,Sweetheart Social,Popp Martin Student Union,medium
2026-02-10,Tuesday,Learn about Mexico,Friday,low
2026-02-10,Tuesday,"Con Amor, Lambdas y LASO",Cone University Center,low
2026-02-10,Tuesday,PAL Session: CHEM 2131 (ONLINE),Online,none
2026-02-10,Tuesday,Digitals Workshop,McEniry,low
2026-02-10,Tuesday,MM Casting Call Day 2,McEniry,low
2026-02-10,Tuesday,Practice Swap w/ Women's Basketball Club,Belk Gym,low
2026-02-11,Wednesday,Faculty Final web grading access available for First-Half Term,UNC Charlotte Academic Calendar,low
2026-02-11,Wednesday,Bank of America's 2026 Campus Insight Forum: The Power to Lead,,low
2026-02-11,Wednesday,Instant Poetry,"Outside Fretwell Building, Facing Storrs (Rain location - Second Floor Fretwell Lobby)",low
2026-02-11,Wednesday,PAL Session: ACCT 2121 (FRIDAY 122),FRIDAY 122,none
2026-02-11,Wednesday,2nd Vintage Market & Clothing Drive,CHHS Plaza (Norm's Statue),low
2026-02-11,Wednesday,PAL Session: ACCT 3323 (FRIDY 123),FRIDY 123,none
2026-02-11,Wednesday,PAL Session: EXER 2168 (FRIDAY 130),FRIDY 130,none
2026-02-11,Wednesday,C-Suite Speaker Series featuring Tom Gabbard,Robinson Hall,low
2026-02-11,Wednesday,Jamil Niner Student Pantry: Wednesday Volunteer Shifts,Jamil Niner Student Pantry,low
2026-02-11,Wednesday,Clothing Closet Pop Up,University Career Center,low
2026-02-11,Wednesday,PAL Session: PSYC 2113 (FRIDY 155),FRIDY 155,none
2026-02-11,Wednesday,Professional In Residence: Resumes by Carolina Handling (Drop-ins),,low
2026-02-11,Wednesday,Professional In Residence: Resumes by Columbus McKinnon (Drop-ins),,low
2026-02-11,Wednesday,"Resume Roast, Red Tea & Real Chats",CHHS 128,low
2026-02-11,Wednesday,"Discovering Your Edge: A Conversation with Kaylan Joseph, CEO of GlamourBae",Popp Martin Student Union,medium
2026-02-11,Wednesday,Open Swim – Microsoft Copilot and Google Gemini,,low
2026-02-11,Wednesday,Part 1: Introduction to Gen-AI and Prompt Writing,,low
2026-02-11,Wednesday,PAL Session: ECON 2102 (SMITH 306),SMITH 306,none
2026-02-11,Wednesday,Lunch & Learn,University Recreation Center,low
2026-02-11,Wednesday,Managing Personal Finances Webinar,,none
2026-02-11,Wednesday,PAL Session - MATH 1242 (ONLINE),ONLINE,none
2026-02-11,Wednesday,PAL Session - MATH 2164 (SMITH 201),SMITH 201,none
2026-02-11,Wednesday,True Colors,Popp Martin Student Union,medium
2026-02-11,Wednesday,Career Meet Up:  How to Build Awesome Customer Relationships led by Sherwin-Williams,University Career Center,low
2026-02-11,Wednesday,PAL Session - EXER 2169 (MCEN 123),MCEN 123,none
2026-02-11,Wednesday,PAL Session - MATH 1241 (COLVD 5092),COLVD 5092,none
2026-02-11,Wednesday,Pop! Into Student Involvement,Popp Martin Student Union,medium
2026-02-11,Wednesday,Motivation,Popp Martin Student Union,medium
2026-02-11,Wednesday,PAL Session - CHEM 1252 (SMITH 204),SMITH 204,none
2026-02-11,Wednesday,PAL Session - PHIL 2105 (COLVD 3120),COLVD 3120,none
2026-02-11,Wednesday,PAL Session: ECON 2101 (COLVD 4068),COLVD 4068,none
2026-02-11,Wednesday,Introduction to EndNote,Online,low
2026-02-11,Wednesday,PAL Session - PHYS 1102 (MCEN 401),MCEN 401,none
2026-02-11,Wednesday,Three-Article Dissertation Workshop - Understanding Author Agreements,,low
2026-02-11,Wednesday,Career Meet Up: Career Fair Crash Course,,high
2026-02-11,Wednesday,PAL Session - PHYS 2101 (SMITH 328) (Cancelled),SMITH 328,none
2026-02-11,Wednesday,Funding Your Future: Navigating Graduate Funding Strategies,,low
2026-02-11,Wednesday,PAL Session: CHEM 2131 (COLVD 5092),COLVD 5092,none
2026-02-11,Wednesday,Student Org Funding 101 - SOLD Workshop,Popp Martin Student Union,medium
2026-02-11,Wednesday,T4T Charlotte x Prism Clothing Swap,Popp Martin Student Union,medium
2026-02-11,Wednesday,Making Sense of Sensors with Data Analytics Workshop led by Touio,Woodward Hall 335,low
2026-02-11,Wednesday,PAL Session - MATH 1241 (ONLINE),ONLINE,none
2026-02-11,Wednesday,PAL Session - MATH 1242 (FRET 205),FRET 205,none
2026-02-11,Wednesday,PAL Session - MATH 2171 (ONLINE),ONLINE,none
2026-02-11,Wednesday,PAL Session: ACCT 2122 (FRIDAY 116),FRIDAY 116,none
2026-02-11,Wednesday,PAL Session: BIOL 2120 (FRIDY 381),FRIDY 381,none
2026-02-11,Wednesday,PAL Session: CHEM 1204 (ONLINE),Online,none
2026-02-11,Wednesday,Adopt A Spot,Lot 7A,low
2026-02-11,Wednesday,PAL Session - MATH 2241 (ONLINE),ONLINE,none
2026-02-11,Wednesday,PAL Session: ENGR 1301 (COLVD 5096),COLVD 5096,none
2026-02-11,Wednesday,AMA Speed Networking,Popp Martin Student Union,medium
2026-02-11,Wednesday,CANCELED - The Podcaster's Guide to Using AI,,low
2026-02-11,Wednesday,Charlotte Birding Club: Spring Interest Meeting,McEniry,low
2026-02-11,Wednesday,Ethos Initiative meeting,Colvard,low
2026-02-11,Wednesday,Guest Speaker: Sabrina Williams Weekly Meeting Option 2 of 2,Denny 217,low
2026-02-11,Wednesday,PAL Session: CHEM 1200 (ONLINE),ONLINE,none
2026-02-11,Wednesday,The Podcaster's Guide to Using AI,"Zoom, Register at bit.ly/aiPOD",low
2026-02-11,Wednesday,First-Gen Meetup: Karaoke & Craft Night,Cone University Center,low
2026-02-11,Wednesday,Interest Meeting,Denny,low
2026-02-11,Wednesday,PAL Session - COMM 2100 (FRIDY 132),FRIDY 132,none
2026-02-11,Wednesday,Bears With BSU,Cone University Center,low
2026-02-11,Wednesday,Multilateral Institutions in a Changing World Order,Dubois Center at UNC Charlotte Center City,low
2026-02-11,Wednesday,OAS Love Hotline,Fretwell,low
2026-02-11,Wednesday,PAL Session: ACCT 2121 (COLVD 5092),COLVD 5092,none
2026-02-11,Wednesday,ELSO Scribble Sessions - Spring 2026,,low
2026-02-11,Wednesday,Industry Insight #1: Data Analytics,Denny,low
2026-02-11,Wednesday,Love For The Game: Basketball Tournament Fundraiser  (Cancelled),TBA,low
2026-02-11,Wednesday,PAL Session - MATH 2164 (ONLINE) (Cancelled),ONLINE,none
2026-02-11,Wednesday,Wednesday Night Live,Popp Martin Student Union,medium
2026-02-12,Thursday,Deadline to apply for May 2026 graduation,UNC Charlotte Academic Calendar,low
2026-02-12,Thursday,PAL Session: ACCT 2122 (ONLINE),Online,none
2026-02-12,Thursday,PAL Session: ACCT 2121 (FRIDY 122) EXAM REVIEW,FRIDY 122,none
2026-02-12,Thursday,Entrepreneurial Mindset for Engineers,PORTAL Seminar Room 242,low
2026-02-12,Thursday,Conflict Resolution: Employee-Manager Differences and Managing Up,,low
2026-02-12,Thursday,Jamil Niner Student Pantry: Thursday Volunteer Shifts,Jamil Niner Student Pantry,low
2026-02-12,Thursday,Open Swim – GMail,,low
2026-02-12,Thursday,Bake sale,Prospector,low
2026-02-12,Thursday,Drop-In Hours,Barnard,low
2026-02-12,Thursday,Professional In Residence: Resumes by Continuum Pediatric Nursing (Drop-ins),,low
2026-02-12,Thursday,Professional In Residence: Resumes by PSA Airlines (Drop-ins),University Career Center,low
2026-02-12,Thursday,Mechanical Engineering Graduate Programs Information Session,,low
2026-02-12,Thursday,Budgeting Blueprint Presentation,Popp Martin Student Union,medium
2026-02-12,Thursday,PAL Session: ACCT 2121 (BELK 207),BELK GYM 207,none
2026-02-12,Thursday,Think About It Thursday- Educational Leadership MED,,low
2026-02-12,Thursday,What I Love About Charlotte Tabling,CHHS/COED Plaza,low
2026-02-12,Thursday,Career Meet Up:  Recruiting Trends Led by Ally,,low
2026-02-12,Thursday,PAL Session - CHEM 1252 (FRET 306),FRET 306,none
2026-02-12,Thursday,PAL Session: ACCT 3323 (ONLINE),Online,none
2026-02-12,Thursday,Syllabus and Classroom Communication on AI Tools,,low
2026-02-12,Thursday,PAL Session - MATH 1241 (BELK GYM 206),BELK GYM 206,none
2026-02-12,Thursday,Career Meet Up: Career Fair Crash Course,,high
2026-02-12,Thursday,PAL Session - EXER 2169 (SMITH 204),SMITH 204,none
2026-02-12,Thursday,Part 2: Collaborative Projects of GNL,,low
2026-02-12,Thursday,Grad School 101: Start Your Program Search with Confidence,,low
2026-02-12,Thursday,Interview Tips for Positions in the U.S.,Atkins 146,low
2026-02-12,Thursday,PAL Session - CHEM 2131 (ONLINE) EXAM REVIEW,Online,none
2026-02-12,Thursday,PAL Session - ECON 2101 (ONLINE) EXAM REVIEW,Online,none
2026-02-12,Thursday,PAL Session - MATH 2241 (MCEN 118),MCEN 118,none
2026-02-12,Thursday,Small Notes Big Impact: Cards for LGBTQ+ Youth,Atkins Library,low
2026-02-12,Thursday,TSERS Retirement Planning Webinar,,none
2026-02-12,Thursday,Educators and Staff: Enrolling in the NC 401(k) and NC 457 Plans,,low
2026-02-12,Thursday,Hybrid Agile: Outperforming AI by Delivering Real Results,Woodward Hall 335,low
2026-02-12,Thursday,PAL Session - MATH 1241 (SMITH 217),SMITH 217,none
2026-02-12,Thursday,PAL Session - MATH 2171 (FRIDY 383),FRIDY 383,none
2026-02-12,Thursday,PAL Session: ENGR 1301 (COLVD 5092),COLVD 5092,none
2026-02-12,Thursday,PAL Session: PSYC 1101 (MACY 206),MACY 206,none
2026-02-12,Thursday,PAL Session - MATH 1242 (MCEN 401),MCEN 401,none
2026-02-12,Thursday,PAL Session: BIOL 2120 (ONLINE),Online,none
2026-02-12,Thursday,AWS Cloud Club: Networking Session,Cone University Center,low
2026-02-12,Thursday,Charlotte Sports Analytics Club Weekly Meeting,Friday,low
2026-02-12,Thursday,February General Body Meeting,Friday,low
2026-02-12,Thursday,PAL Session: ECON 3125 (SMITH 219),SMITH 219,none
2026-02-12,Thursday,"Movie: ""Sarah's Oil""",Popp Martin Student Union,medium
2026-02-12,Thursday,Mycology Club Interest Meeting,Fretwell,low
2026-02-12,Thursday,PAL Session: ECON 2102 (COLVD 5092),COLVD 5092,none
2026-02-12,Thursday,Indigenous Power Hour,Denny,low
2026-02-12,Thursday,STEM Speed Networking,Popp Martin Student Union,medium
2026-02-12,Thursday,A Majestic Valentine's Party,McEniry,low
2026-02-12,Thursday,Rhythm,College of Health & Human Services (CHHS),low
2026-02-12,Thursday,"Movie: ""The Color Purple""",Popp Martin Student Union,medium
2026-02-13,Friday,3rd Charlotte Symposium for Online Learning,Cone University Center,none
2026-02-13,Friday,Graduate Admissions Virtual Office Hours,,none
2026-02-13,Friday,Niner Finances Walk In Hours,King Building ,low
2026-02-13,Friday,PAL Session: EXER 2168 (FRIDY 128),FRIDY 128,none
2026-02-13,Friday,Spring Career and Internship Fair 2026,,high
2026-02-13,Friday,V.I.T.A,Popp Martin Student Union,medium
2026-02-13,Friday,Walk In Hours,King,low
2026-02-13,Friday,ELSO Scribble Sessions - Midday Spring 2026,,low
2026-02-13,Friday,Canvas Accessibility with UDOIT,,low
2026-02-13,Friday,MSRE Seminar Series,Olde Mecklenburg Brewery & Biergarten,low
2026-02-13,Friday,PAL Session: CHEM 1200 (ONLINE),Online,none
2026-02-13,Friday,PAL Session: ECON 2102 (ONLINE),Online,none
2026-02-13,Friday,PAL Session: PSYC 2113 (ONLINE),ONLINE,none
2026-02-13,Friday,PAL Session: CHEM 1200 (DENNY 215),DENNY 215,none
2026-02-13,Friday,Valentine Cardmaking!,Bioinformatics,low
2026-02-13,Friday,PAL Session - CHEM 1251 (ONLINE),Online,none
2026-02-13,Friday,PAL Session - PHIL 2105 (ONLINE),ONLINE,none
2026-02-13,Friday,PAL Session - PHYS 1102 (ONLINE),ONLINE,none
2026-02-13,Friday,PAL Session - PSYC 1101 (ONLINE),ONLINE,none
2026-02-13,Friday,A Life in Music: BIG Ideas on Career and Financial Success,Rowe,low
2026-02-13,Friday,PAL Session - PHYS 2101 (ONLINE) (Cancelled),ONLINE,none
2026-02-13,Friday,PAL Session: ECON 2101 (COLVD 2006),COLVD 2006,none
2026-02-13,Friday,Niners with Novels Reading Club Meeting,Friday,low
2026-02-13,Friday,PAL Session - COMM 2100 (ONLINE),Online,none
2026-02-13,Friday,C.O.S Kids,Child Development Campus,low
2026-02-13,Friday,PAL Session - EXER 2169 (ONLINE),ONLINE,none
2026-02-13,Friday,PAL Session: ECON 3125 (ONLINE),Online,none
2026-02-13,Friday,CLT MSA Charity Banquet 2026,Popp Martin Student Union,medium
2026-02-13,Friday,PAL Session - MATH 1242 (ONLINE),ONLINE,none
2026-02-13,Friday,PAL Session - CHEM 1252 (ONLINE),Online,none
2026-02-13,Friday,Shadowing 101,Woodward,low
2026-02-13,Friday,Casual Chess Meetup,Atkins Library,low
2026-02-13,Friday,Ice Skating,Whitewater Center,low
2026-02-13,Friday,"Movie: ""The Color Purple""",Popp Martin Student Union,medium
2026-02-13,Friday,2016 Kickoff Party,Cone University Center,low
2026-02-13,Friday,"LEGENDARY GAME NIGHT (we back, with NEW games!)",CHHS,low
2026-02-13,Friday,"Movie: ""Sarah's Oil""",Popp Martin Student Union,medium
2026-02-14,Saturday,Charlotte Men's Golf at Day 1 - 36 Holes- Mark Bostick Golf Course,"Gainesville, Fla.",low
2026-02-14,Saturday,Charlotte Men's Tennis at Elon,"Elon, N.C.",low
2026-02-14,Saturday,Charlotte Women's Basketball at Memphis,"Memphis, Tenn.",low
2026-02-14,Saturday,Statement making Fashion Show,STORRS Salon,low
2026-02-14,Saturday,"Movie: ""Sarah's Oil""",Popp Martin Student Union,medium
2026-02-14,Saturday,"Movie: ""The Color Purple""",Popp Martin Student Union,medium
2026-02-15,Sunday,Charlotte Men's Golf at Final Round- Mark Bostick Golf Course,"Gainesville, Fla.",low
2026-02-15,Sunday,Charlotte Men's Basketball vs UTSA,"Charlotte, N.C.",low
2026-02-15,Sunday,Charlotte Men's Tennis vs South Carolina State,"Charlotte, N.C., Halton-Wagner Tennis Complex",low
2026-02-15,Sunday,"Movie: ""The Color Purple""",Popp Martin Student Union,medium
2026-02-15,Sunday,"Movie: ""Sarah's Oil""",Popp Martin Student Union,medium
2026-02-16,Monday,Master’s Thesis Proposal Defense deadline for May 2026 graduation,UNC Charlotte Academic Calendar,low
2026-02-16,Monday,Unsatisfactory web mid-term grading access available,UNC Charlotte Academic Calendar,low
2026-02-16,Monday,Grad School 101: Start Your Program Search with Confidence,,low
2026-02-16,Monday,PAL Session - EXER 2168 (ONLINE),ONLINE,none
2026-02-16,Monday,PAL Session: ACCT 2122 (COLVD 5092),COLVD 5092,none
2026-02-16,Monday,PAL Session: CHEM 1200 (FRIDY 122),FRIDAY 122,none
2026-02-16,Monday,PAL Session: ACCT 2121 (ONLINE) - Exam Review,Online,none
2026-02-16,Monday,PAL Session: PSYC 2113 (DENNY 105),DENNY 105,none
2026-02-16,Monday,PAL Session: ECON 2102 (FRIDY 130) (Cancelled),FRIDY 130,none
2026-02-16,Monday,Drop-In Hours,Barnard,low
2026-02-16,Monday,PAL Session - EXER 2169 (FRIDY 144),FRIDY 144,none
2026-02-16,Monday,PAL Session: ACCT 3323 (MCEN 123),MCEN 123,none
2026-02-16,Monday,PAL Session - PHYS 2101 (FRIDY 117) (Cancelled),FRIDY 117,none
2026-02-16,Monday,PAL Session - MATH 1242 (FRIDY 107),FRIDY 107,none
2026-02-16,Monday,PAL Session: CHEM 1251 (COLVD 5092),COLVD 5092,none
2026-02-16,Monday,PAL Session: ECON 2101 (FRIDY 122),FRIDY 122,none
2026-02-16,Monday,"Career Meet Up: Professionalism During Your Interview for Tech, Data and Analytics",,low
2026-02-16,Monday,PAL Session - MATH 2164 (FRIDY 123),FRIDY 123,none
2026-02-16,Monday,Pollinator Club - Climate Change Quilt Workshop,Atkins Library,low
2026-02-16,Monday,PAL Session - PHYS 1102 (DENNY 203),DENNY 203,none
2026-02-16,Monday,Qualtrics 102,Cone 111,low
2026-02-16,Monday,PAL Session - CHEM 2131 (FRIDAY 128),FRIDY 128,none
2026-02-16,Monday,PAL Session: BIOL 2120 (COLVD 5092),COLVD 5092,none
2026-02-16,Monday,Spring 2026 Grad Student and Postdoctoral Writing Group,Atkins 146,low
2026-02-16,Monday,PAL Session: PSYC 1101 (COLVD 3140),COLVD 3140,none
2026-02-16,Monday,PAL Session - CHEM 1252 (COLVD 5091),COLVD 5091,none
2026-02-16,Monday,Prism General Body Meeting,Fretwell,low
2026-02-16,Monday,GWC Bracelet Making Event,Friday,low
2026-02-16,Monday,Kaffeeklatsch,Mebane,low
2026-02-16,Monday,MA English Admissions Information Session,,low
2026-02-16,Monday,PAL Session: ENGR 1301 (ONLINE),Online,none
2026-02-16,Monday,The Impact of Black Leadership in Sports,Friday,low
2026-02-16,Monday,Know Your Lane. Lead With Intention. Leaders Program Workshop #1,College of Health & Human Services (CHHS),low
2026-02-16,Monday,Monday Night Bible Study,College of Health & Human Services (CHHS),low
2026-02-16,Monday,PAL Session - MATH 2164 (ONLINE),ONLINE,none
2026-02-17,Tuesday,Mental Health First Aid,,low
2026-02-17,Tuesday,Ace Your Graduate School Application: Tips and Tricks for Success,,low
2026-02-17,Tuesday,I  CLT (Cancelled),Student Union 200,low
2026-02-17,Tuesday,Nursing Career Expo 2026,,medium
2026-02-17,Tuesday,PAL Session - MATH 2171 (DENNY 203),DENNY 203,none
2026-02-17,Tuesday,PAL Session - PHYS 2101 (DENNY 216) (Cancelled),DENNY 216,none
2026-02-17,Tuesday,Jamil Niner Student Pantry: Tuesday Volunteer Shifts,Jamil Niner Student Pantry,low
2026-02-17,Tuesday,Open Swim – Microsoft Copilot and Google Gemini,,low
2026-02-17,Tuesday,Interest meeting,EPIC 2344,low
2026-02-17,Tuesday,PAL Session: ECON 3125 (DENNY 215),DENNY 215,none
2026-02-17,Tuesday,Heart to Heart: Self-Love Edition,Popp Martin Student Union,medium
2026-02-17,Tuesday,Lemon Herb Sheet Pan Flatbread Demo Kitchen,UREC Demo Kitchen,low
2026-02-17,Tuesday,M.S. in Math Finance (MAFI) Virtual Information Session,,none
2026-02-17,Tuesday,Guest Speaker!,Cone University Center,low
2026-02-17,Tuesday,Career Meet Up: Resume Writing Basics,,low
2026-02-17,Tuesday,Charlotte Men's Tennis vs South Carolina State,"Charlotte, N.C., Halton-Wagner Tennis Complex",low
2026-02-17,Tuesday,PAL Session - CHEM 1251 (FRIDY 155),FRIDY 155,none
2026-02-17,Tuesday,PAL Session: ACCT 2122 (FRET 306),FRET 306,none
2026-02-17,Tuesday,Part 2: Canvas Studio - Creating Video Quizzes,,low
2026-02-17,Tuesday,Career Meet Up: Land the Right Internship: Strategies for Business Students led by Enterprise Mobility,,low
2026-02-17,Tuesday,Climate Change Quilt Workshop,"Area 49 Makerspace, Atkins Library 2nd Floor",low
2026-02-17,Tuesday,PAL Session - COMM 2100 (ROBIN 308),ROBIN 308,none
2026-02-17,Tuesday,PAL Session: ACCT 2121 (COLVD 5092),COLVD 5092,none
2026-02-17,Tuesday,A2i - Digital Literacy in the AI-Powered Workplace,Atkins Library,low
2026-02-17,Tuesday,Agentic Coding for Modern Analytics: Upskilling Faster with AI Teammates,,low
2026-02-17,Tuesday,PAL Session - MATH 1241 (FRET 405),FRET 405,none
2026-02-17,Tuesday,PAL Session - MATH 1242 (CHHS 294),CHHS 294,none
2026-02-17,Tuesday,PAL Session: ACCT 3323 (MACY 206),MACY 206,none
2026-02-17,Tuesday,PAL Session: CHEM 1204,DENNY 120,none
2026-02-17,Tuesday,PAL Session: ENGR 1301 (FRIDY 386),FRIDY 386,none
2026-02-17,Tuesday,Speed Friending,Popp Martin Student Union,medium
2026-02-17,Tuesday,PAL Session - EXER 2168 (COLVD 5092),COLVD 5092,none
2026-02-17,Tuesday,PAL Session - PHIL 2105 (COLVD 4068),COLVD 4068,none
2026-02-17,Tuesday,PAL Session - PSYC 1101 (ROBIN 109),ROBIN 109,none
2026-02-17,Tuesday,PAL Session: PSYC 2113 (COLVD 4123),COLVD 4123,none
2026-02-17,Tuesday,Weekly Meeting Option 1 of 2,Fretwell 223,low
2026-02-17,Tuesday,Every Beat Counts,Cone,low
2026-02-17,Tuesday,Exec Panel,McEniry,low
2026-02-17,Tuesday,Late Night: ‘Dose of Trivia’,Mebane,low
2026-02-17,Tuesday,PAL Session - PHYS 1102 (COLVD 5092) - EXAM REVIEW,COLVD 5092,none
2026-02-17,Tuesday,Valentine's Exchange!,College of Health & Human Services (CHHS),low
2026-02-17,Tuesday,Charlotte Women's Basketball vs Temple,"Charlotte, N.C., Halton Arena",high
2026-02-17,Tuesday,Charlotte Women's Basketball Vs. Temple,Dale F. Halton Arena,high
2026-02-17,Tuesday,NABA Black History Month Panel,Denny,low
2026-02-17,Tuesday,PAL Session: CHEM 2131 (ONLINE),Online,none
2026-02-17,Tuesday,Valentine's Practice,Belk Gym,low
2026-02-18,Wednesday,Promotion of the Lore app,Prospector,low
2026-02-18,Wednesday,DSBA and HIA Prospective Graduate Student Information Session,,low
2026-02-18,Wednesday,PAL Session: ACCT 2121 (ONLINE),Online,none
2026-02-18,Wednesday,Qualtrics 102,Student Union 263,low
2026-02-18,Wednesday,"Career Meet Up: Lead, Solve, Succeed: Real-World Management Skills Employers Want led by Equitable",,low
2026-02-18,Wednesday,Funding Your Future: Navigating Graduate Funding Strategies,,low
2026-02-18,Wednesday,PAL Session: ACCT 3323 (FRIDY 123),FRIDY 123,none
2026-02-18,Wednesday,PAL Session: EXER 2168 (FRIDAY 130),FRIDY 130,none
2026-02-18,Wednesday,Jamil Niner Student Pantry: Wednesday Volunteer Shifts,Jamil Niner Student Pantry,low
2026-02-18,Wednesday,Using Generative AI in Your Daily Work,,low
2026-02-18,Wednesday,I  CLT,Student Union First Floor Rotunda,low
2026-02-18,Wednesday,PAL Session: PSYC 2113 (FRIDY 155),FRIDY 155,none
2026-02-18,Wednesday,Valentine's Bake Sale,Fretwell,low
2026-02-18,Wednesday,PAL Session: ECON 2102 (SMITH 306),SMITH 306,none
2026-02-18,Wednesday,M.S. in Economics Virtual Information Session,,none
2026-02-18,Wednesday,PAL Session - MATH 1242 (ONLINE),ONLINE,none
2026-02-18,Wednesday,PAL Session - MATH 2164 (SMITH 201),SMITH 201,none
2026-02-18,Wednesday,Pop! Into Student Involvement,Popp Martin Student Union,medium
2026-02-18,Wednesday,PAL Session - EXER 2169 (MCEN 123),MCEN 123,none
2026-02-18,Wednesday,PAL Session - MATH 1241 (COLVD 5092),COLVD 5092,none
2026-02-18,Wednesday,SoA Symposium: First Matter,Storrs,medium
2026-02-18,Wednesday,Critical Thinking,Popp Martin Student Union,medium
2026-02-18,Wednesday,"Gallery Reception- Generative Fields Nathaniel Elberfeld, Sabri Gokmen, Kyle Spence, Alexandra Waller",Storrs,low
2026-02-18,Wednesday,Open Swim – Google Drive,,low
2026-02-18,Wednesday,PAL Session - CHEM 1252 (SMITH 204),SMITH 204,none
2026-02-18,Wednesday,PAL Session - PHIL 2105 (COLVD 3120),COLVD 3120,none
2026-02-18,Wednesday,Tech Connect Networking Event,"Barnhardt Student Activity Center Salons A,B,C",medium
2026-02-18,Wednesday,PAL Session: ECON 2101 (COLVD 4068),COLVD 4068,none
2026-02-18,Wednesday,MSW Information Session,,low
2026-02-18,Wednesday,PAL Session - PHYS 1102 (MCEN 401),MCEN 401,none
2026-02-18,Wednesday,PAL Session - PHYS 2101 (SMITH 328) (Cancelled),SMITH 328,none
2026-02-18,Wednesday,Formatting and Submitting Your Thesis or Dissertation,,low
2026-02-18,Wednesday,PAL Session: CHEM 2131 (COLVD 5092),COLVD 5092,none
2026-02-18,Wednesday,Charlotte Women's Lacrosse Vs. Coastal Carolina,Jerry Richardson Stadium,low
2026-02-18,Wednesday,PAL Session - MATH 1241 (ONLINE),ONLINE,none
2026-02-18,Wednesday,PAL Session - MATH 1242 (FRET 205),FRET 205,none
2026-02-18,Wednesday,PAL Session - MATH 2171 (ONLINE),ONLINE,none
2026-02-18,Wednesday,PAL Session: ACCT 2122 (FRIDAY 116),FRIDAY 116,none
2026-02-18,Wednesday,PAL Session: BIOL 2120 (FRIDY 381),FRIDY 381,none
2026-02-18,Wednesday,PAL Session: CHEM 1204 (ONLINE),Online,none
2026-02-18,Wednesday,It's In Our Bones: A Biological Microhistory of Identity and Community in Ancient Bolivia,Atkins Library,low
2026-02-18,Wednesday,"Personally Speaking: ""It's In Our Bones: A Biological Microhistory of Identity and Community in Ancient Bolivia,"" featuring Sara Juengst, Ph.D.",Atkins Library,low
2026-02-18,Wednesday,"Personally Speaking: Sara Juengst, Ph.D.",Atkins Library - Halton Reading Room,low
2026-02-18,Wednesday,Charlotte Softball Vs. Clemson,D.L. Phillips Softball Complex,low
2026-02-18,Wednesday,PAL Session - MATH 2241 (ONLINE),ONLINE,none
2026-02-18,Wednesday,PAL Session: ENGR 1301 (COLVD 5096),COLVD 5096,none
2026-02-18,Wednesday,Ethos Initiative meeting,Colvard,low
2026-02-18,Wednesday,Guest Speaker Jack Allweil: Weekly Meeting Option 2 of 2,Denny 217,low
2026-02-18,Wednesday,PAL Session: CHEM 1200 (ONLINE),ONLINE,none
2026-02-18,Wednesday,Top Golf Social W/ CRES,Top Golf - University,low
2026-02-18,Wednesday,PAL Session - COMM 2100 (FRIDY 132),FRIDY 132,none
2026-02-18,Wednesday,Pharmacy Pathway Stations Pt. 2,College of Health & Human Services (CHHS),low
2026-02-18,Wednesday,"Question, Persuade, Refer (QPR) Training",,low
2026-02-18,Wednesday,PAL Session: ACCT 2121 (COLVD 5092),COLVD 5092,none
2026-02-18,Wednesday,Career Advice Night!,Fretwell 116,low
2026-02-18,Wednesday,ELSO Scribble Sessions - Spring 2026,,low
2026-02-18,Wednesday,Industry Insight #2: Aerospace (Virtual) – Spring 2026,Online,none
2026-02-18,Wednesday,PAL Session - MATH 2164 (ONLINE),ONLINE,none
2026-02-18,Wednesday,Wednesday Night Live,Popp Martin Student Union,medium
2026-02-18,Wednesday,Charlotte Men's Basketball at Tulsa,"Tulsa, Okla.",low
2026-02-19,Thursday,Mental Health First Aid,,low
2026-02-19,Thursday,2026 Heritage Language Learning Symposium,,medium
2026-02-19,Thursday,I  CLT,Student Union Room 200,low
2026-02-19,Thursday,Drop-In Hours,Barnard,low
2026-02-19,Thursday,Industry Meet Up: Taking Off in Charlotte: PSA Airlines Careers + the Headquarters Move,,low
2026-02-19,Thursday,"Pre-Law 101: Academics, Experience, and More",,low
2026-02-19,Thursday,Professional In Residence: Resumes by Truist (Drop-ins),,low
2026-02-19,Thursday,Overview of Gen-AI Tools in Education,,low
2026-02-19,Thursday,Enrolling in the NC 401(k) and NC 457 Plans,,low
2026-02-19,Thursday,LSAT 101,,low
2026-02-19,Thursday,M.S. in Real Estate Virtual Information Session,,none
2026-02-19,Thursday,Red Ventures Case Competition,University Career Center,low
2026-02-19,Thursday,Think About It Thursday- Educational Leadership EDD,,low
2026-02-19,Thursday,Peer Talk: Becoming a Student Leader - Q&A with BCOB Peer Guides,Friday,low
2026-02-19,Thursday,Charlotte Men's Tennis at Elon,"Elon, N.C.",low
2026-02-19,Thursday,Choosing Investments NC 401(k) and NC 457 Plans,,low
2026-02-19,Thursday,Midterm Re-Charge,Atkins Library,low
2026-02-19,Thursday,Career Meet Up: Careers in Analytics & the Skills to Get You There,,low
2026-02-19,Thursday,Discover USAA & Their Summer 2026 Finance Internship Program,University Career Center,low
2026-02-19,Thursday,International Coffee Hour,Popp Martin Student Union,medium
2026-02-19,Thursday,Interest meeting,EPIC 2344,low
2026-02-19,Thursday,Charlotte Sports Analytics Club Weekly Meeting,Friday,low
2026-02-19,Thursday,Mardi Gras Masquerade,Cone University Center,low
2026-02-19,Thursday,"Movie: ""Crazy Rich Asians""",Popp Martin Student Union,medium
2026-02-19,Thursday,Rock Climbing Night @ the SAC,Barnhardt Student Activity Center (SAC),medium
2026-02-19,Thursday,ELSO Game Night,Mebane (COED) 110,low
2026-02-19,Thursday,Thursday Worship Night,Popp Martin Student Union,medium
2026-02-19,Thursday,Portfolio Builiding Workshop,McEniry 117,low
2026-02-19,Thursday,Rhythm,College of Health & Human Services (CHHS),low
2026-02-19,Thursday,THE SLUMBER PARTY,Robinson Hall,low
2026-02-19,Thursday,Chi Omega HIIT Practice,Belk Gym,low
2026-02-19,Thursday,"Movie: ""Wicked: For Good""",Popp Martin Student Union,medium
2026-02-20,Friday,Effective Networking: Building Connections in Every Direction,,low
2026-02-20,Friday,Master of Public Health - Admissions Virtual Drop-In Hour,,none
2026-02-20,Friday,2026 Heritage Language Learning Symposium,,medium
2026-02-20,Friday,DECODING ORGANIZATIONAL SIGNALS: THE INFLUENCE OF ENTREPRENEURIAL ORIENTATION AND FAMILY OWNERSHIP SIGNALS IN JOB ADS ON ORGANIZATIONAL ATTRACTIVENESS,Dubois Center at UNC Charlotte Center City,high
2026-02-20,Friday,Niner Finances Walk In Hours,King Building ,low
2026-02-20,Friday,V.I.T.A,Popp Martin Student Union,medium
2026-02-20,Friday,Walk In Hours,King,low
2026-02-20,Friday,"Tech, Music, + Career Insights with Jonathan Marmor, Former Director of Engineering at Spotify",University Career Center,low
2026-02-20,Friday,ELSO Scribble Sessions - Midday Spring 2026,,low
2026-02-20,Friday,CONNECT Leadership Development Symposium,Cone University Center,medium
2026-02-20,Friday,Networking Across Cultures,Atkins 146,low
2026-02-20,Friday,Beds for Kids (Cancelled),Beds for Kids,low
2026-02-20,Friday,"Exploring Canvas Course Analytics for Assignments, Quizzes, and Videos",,low
2026-02-20,Friday,Niners with Novels Reading Club Meeting,Friday,low
2026-02-20,Friday,Build day,Duke Centennial Hall,low
2026-02-20,Friday,From Events to Outcomes - An Application Analytics Datathon (Day 1),,low
2026-02-20,Friday,From Events to Outcomes: An Application Analytics Datathon,Colvard 1040,low
2026-02-20,Friday,Ramadan Iftar - Feb 20th,BSAC Salon DE,low
2026-02-20,Friday,Bajo La Misa Luna,SAC Salons ABC,low
2026-02-20,Friday,"Movie: ""Crazy Rich Asians""",Popp Martin Student Union,medium
2026-02-20,Friday,"LEGENDARY GAME NIGHT (we back, with NEW games!)",College of Health & Human Services (CHHS),low
2026-02-20,Friday,Scavenger Hunt,Meeting at Levine Archway,low
2026-02-20,Friday,THE SLUMBER PARTY,Robinson Hall,low
2026-02-20,Friday,Trivia Night,Cone University Center,low
2026-02-20,Friday,"Movie: ""Wicked: For Good""",Popp Martin Student Union,medium
2026-02-21,Saturday,ULTIMATE HS Play Day,Northeast Recreational Field Complex (NRFC),low
2026-02-21,Saturday,AIAA Carolina Aerospace Symposium,Energy Production and Infrastructure Center (EPIC) Room G-287,medium
2026-02-21,Saturday,Roof Above,Roof Above,low
2026-02-21,Saturday,Charlotte Men's Basketball vs East Carolina,"Charlotte, N.C.",low
2026-02-21,Saturday,TEDxUNCCharlotte,McKnight Theatre,low
2026-02-21,Saturday,THE SLUMBER PARTY,Robinson Hall,low
2026-02-21,Saturday,Copa Mundial  (Cancelled),Soccer Fields,low
2026-02-21,Saturday,Charlotte Women's Basketball vs North Texas,"Charlotte, N.C., Halton Arena",high
2026-02-21,Saturday,"Movie: ""Crazy Rich Asians""",Popp Martin Student Union,medium
2026-02-21,Saturday,"Movie: ""Wicked: For Good""",Popp Martin Student Union,medium
2026-02-22,Sunday,Fire Tower Hike,Pisgah National Forest,low
2026-02-22,Sunday,Build day,Duke Centennial Hall,low
2026-02-22,Sunday,THE SLUMBER PARTY,Robinson Hall,low
2026-02-22,Sunday,"Movie: ""Crazy Rich Asians""",Popp Martin Student Union,medium
2026-02-22,Sunday,"Movie: ""Wicked: For Good""",Popp Martin Student Union,medium
2026-02-23,Monday,Drop-In Hours,Barnard,low
2026-02-23,Monday,Know Before You Go: Essential Steps for Newly Admitted Students,,high
2026-02-23,Monday,Climate Change Quilt Workshop with Creator Pamela Mischen,"Visualization Lab, Atkins Library, 2nd floor",low
2026-02-23,Monday,Slime Workshop,"Area 49 Makerspace, Atkins Library, Second Floor",low
2026-02-23,Monday,Business Etiquette,Cone Room #210A/B,low
2026-02-23,Monday,Spring 2026 Grad Student and Postdoctoral Writing Group,Atkins 146,low
2026-02-23,Monday,Ramadan Iftar - Feb 23rd,Cone University Center,low
2026-02-23,Monday,February Coffee Hour,,low
2026-02-23,Monday,Kaffeeklatsch,Mebane,low
2026-02-23,Monday,UX/UI Career Paths with Carol Lott of Lowe's,,low
2026-02-23,Monday,Resume Workshop and Headshot,Fretwell 302,low
2026-02-23,Monday,Art of Impact,UNC Charlotte,low
2026-02-23,Monday,Monday Night Bible Study,College of Health & Human Services (CHHS),low
2026-02-23,Monday,Jazz Ensemble and Jazz Combos,Robinson Hall,low
2026-02-24,Tuesday,Adopt-A-Spot,Lot 12,low
2026-02-24,Tuesday,Master of Accountancy (MACC) Virtual Information Session,,none
2026-02-24,Tuesday,Principal Financial Group - Employer in the Foyer,Woodward,low
2026-02-24,Tuesday,M.S. in Management Virtual Information Session,,none
2026-02-24,Tuesday,Niners in the Queen City: Exploring Life in Charlotte and NC,,low
2026-02-24,Tuesday,Off-Campus Housing & Resource Fair,Barnhardt Student Activity Center (SAC),medium
2026-02-24,Tuesday,AMD Week Career Meet Up: Finding Your Voice - Podcasting with Charlotte Native Katie Black,,low
2026-02-24,Tuesday,Career Meet Up: Learning all about You with PathwayU!,,low
2026-02-24,Tuesday,Study Abroad Peer Advising,College of Health & Human Services (CHHS),low
2026-02-24,Tuesday,The International Infusion: Stirring Up New Friendships and Stronger Student Ties,Atkins Library,low
2026-02-24,Tuesday,Tote-ally Yours,Popp Martin Student Union,medium
2026-02-24,Tuesday,Canvas Accessibility with UDOIT,,low
2026-02-24,Tuesday,Lunch & Learn: Investing in Your Future - High Yield Networking with Financial Professionals,Popp Martin Student Union,medium
2026-02-24,Tuesday,NC 401(k) and NC 457 Plans en Español,,low
2026-02-24,Tuesday,Alcoholics Anonymous (AA),Waddell Center for Student Health and Wellbeing,low
2026-02-24,Tuesday,Building Trustworthy and Explainable AI Systems,,low
2026-02-24,Tuesday,Design Tips for Scientists: How to Increase Connection & Comprehension through Visual Clarity,,low
2026-02-24,Tuesday,Crocheting Club Beginner Workshop,Friday,low
2026-02-24,Tuesday,Ramadan Iftar,Popp Martin Student Union,medium
2026-02-24,Tuesday,Study Hall: Weekly Meeting Option 1 of 2,Fretwell 223,low
2026-02-24,Tuesday,Two Ways to MBA Information Session,,low
2026-02-24,Tuesday,Mastermind of the Universe | GBM 2,Woodward,low
2026-02-24,Tuesday,Rock Climbing Night @ the SAC,Barnhardt Student Activity Center (SAC),medium
2026-02-24,Tuesday,Study Session & Destress Night,College of Health & Human Services (CHHS),low
2026-02-24,Tuesday,The Black Read: Reading & Discussion Group,Atkins Library - Halton Reading Room,low
2026-02-24,Tuesday,Great Decisions,UNC Charlotte Dubois Center in Uptown Charlotte,low
2026-02-24,Tuesday,U.S. Engagement in Africa,Dubois Center at UNC Charlotte Center City,low
2026-02-24,Tuesday,2016 Is Calling,Cone University Center,low
2026-02-24,Tuesday,Charlotte Women's Basketball at Florida Atlantic,"Boca Raton, Fla.",low
2026-02-24,Tuesday,Branding and Digital Presence Workshop,McEniry,low
2026-02-24,Tuesday,Arms Day,Belk Gym,low
2026-02-25,Wednesday,Last Day of Classes for First-Half Term,UNC Charlotte Academic Calendar,low
2026-02-25,Wednesday,PAL Session: ACCT 2121 (FRIDAY 122),FRIDAY 122,none
2026-02-25,Wednesday,PAL Session: ACCT 3323 (FRIDY 123),FRIDY 123,none
2026-02-25,Wednesday,PAL Session: EXER 2168 (FRIDAY 130),FRIDY 130,none
2026-02-25,Wednesday,Jamil Niner Student Pantry: Wednesday Volunteer Shifts,Jamil Niner Student Pantry,low
2026-02-25,Wednesday,Career Meet Up: How to Get An Internship,,low
2026-02-25,Wednesday,PAL Session: PSYC 2113 (FRIDY 155),FRIDY 155,none
2026-02-25,Wednesday,Study Abroad Peer Advising,College of Health & Human Services (CHHS),low
2026-02-25,Wednesday,TIAA - Employer in the Foyer,Woodward Hall Second Floor,low
2026-02-25,Wednesday,Spring Social,Woodward,low
2026-02-25,Wednesday,PAL Session: ECON 2102 (SMITH 306),SMITH 306,none
2026-02-25,Wednesday,Grad School 101: Start Your Program Search with Confidence,,low
2026-02-25,Wednesday,Investigating Educator Preparation Program Faculty Decisions on Generative Artificial Intelligence Adoption,Mebane Hall,low
2026-02-25,Wednesday,Running on E: Adding Energy and Passion to Your Work and Life Webinar,,none
2026-02-25,Wednesday,Career Meet Up:  Introduction to Real Estate Investing,University Career Center,low
2026-02-25,Wednesday,Pop! Into Student Involvement,Popp Martin Student Union,medium
2026-02-25,Wednesday,PAL Session: ECON 2101 (COLVD 4068),COLVD 4068,none
2026-02-25,Wednesday,Entrepreneur Profiles,Dubois Center at UNC Charlotte Center City,low
2026-02-25,Wednesday,Tryon Street Clean Up,Marriot hotel,low
2026-02-25,Wednesday,Career Meet Up: Purpose Over Position: Designing a Career That Matters,,low
2026-02-25,Wednesday,PAL Session: CHEM 2131 (COLVD 5092),COLVD 5092,none
2026-02-25,Wednesday,Study Abroad Vision Board Night,College of Health & Human Services (CHHS),low
2026-02-25,Wednesday,CCI Workshop - Insider Cyber Threats,Woodward Hall 335,low
2026-02-25,Wednesday,Charlotte Women's Lacrosse,Jerry Richardson Stadium,low
2026-02-25,Wednesday,PAL Session: ACCT 2122 (FRIDAY 116) - EXAM REVIEW,FRIDAY 116,none
2026-02-25,Wednesday,PAL Session: BIOL 2120 (FRIDY 381),FRIDY 381,none
2026-02-25,Wednesday,PAL Session: CHEM 1204 (ONLINE),Online,none
2026-02-25,Wednesday,Panel: Creative Career Conversation,,low
2026-02-25,Wednesday,PAL Session: ENGR 1301 (COLVD 5096),COLVD 5096,none
2026-02-25,Wednesday,Ramadan Iftar - Feb 25th,Friday,low
2026-02-25,Wednesday,Ethos Initiative meeting,Colvard,low
2026-02-25,Wednesday,Guest Speaker: Jose Quirindongo Weekly Meeting Option 2 of 2,Denny 217,low
2026-02-25,Wednesday,PAL Session: CHEM 1200 (ONLINE) - EXAM REVIEW,ONLINE,none
2026-02-25,Wednesday,Surface Mount Soldering Workshop,EPIC 2230,low
2026-02-25,Wednesday,Vision board: Design your future mentorship meeting,Smith,low
2026-02-25,Wednesday,Wells Fargo: 'College to Corporate',McEniry,low
2026-02-25,Wednesday,Advocacy Training,Denny,low
2026-02-25,Wednesday,Maid and Butler Cafe,Popp Martin Student Union,medium
2026-02-25,Wednesday,Reconnect and Reflect: Fireside Chat with Dean Butler,Harris Alumni Center,low
2026-02-25,Wednesday,OAS Wellness Night,Cone University Center,low
2026-02-25,Wednesday,PAL Session: ACCT 2121 (COLVD 5092),COLVD 5092,none
2026-02-25,Wednesday,Sip and Pitch,Cone University Center,low
2026-02-25,Wednesday,Charlotte Men's Basketball vs North Texas,"Charlotte, N.C.",low
2026-02-25,Wednesday,Charlotte Men's Basketball Vs. North Texas,Dale F. Halton Arena,high
2026-02-25,Wednesday,Crocheting Club General Meeting,McEniry,low
2026-02-25,Wednesday,ELSO Scribble Sessions - Spring 2026,Online,low
2026-02-25,Wednesday,Wednesday Night Live,Popp Martin Student Union,medium
2026-02-25,Wednesday,Wind Ensemble,Robinson Hall,low
2026-02-26,Thursday,Reading Day for First-Half Term,UNC Charlotte Academic Calendar,low
2026-02-26,Thursday,PAL Session: ACCT 2122 (ONLINE),Online,none
2026-02-26,Thursday,HAVK - Intern for a day; at TIAA (Form in description required),TIAA Charlotte Campus,low
2026-02-26,Thursday,"Part 2: Using NotebookLM AI for Critical Writing, Reading, Reflection, and Synthesis",,low
2026-02-26,Thursday,Jamil Niner Student Pantry: Thursday Volunteer Shifts,Jamil Niner Student Pantry,low
2026-02-26,Thursday,TSO Bake Sale,Popp-Martin Student Union,medium
2026-02-26,Thursday,Drop-In Hours,Barnard,low
2026-02-26,Thursday,FedEx Office Grand Opening,Prospector,low
2026-02-26,Thursday,Safer Drinking: Bystander Intervention,Popp Martin Student Union,medium
2026-02-26,Thursday,Safer Drinking: Bystander Intervention Workshop,Popp Martin Student Union,medium
2026-02-26,Thursday,AMD Week Career Meet Up: Handmade for a Digital World: Art and Activism with Ali Mac,,low
2026-02-26,Thursday,Open Swim – Microsoft Copilot and Google Gemini,,low
2026-02-26,Thursday,Ace Your Graduate School Application: Tips and Tricks for Success,,low
2026-02-26,Thursday,MSW Information Session,,low
2026-02-26,Thursday,PAL Session: ACCT 2121 (BELK 207),BELK GYM 207,none
2026-02-26,Thursday,Microcredential Minute: Student Pathways for Engagement,,low
2026-02-26,Thursday,PAL Session - CHEM 1252 (FRET 306),FRET 306,none
2026-02-26,Thursday,PAL Session: ACCT 3323 (ONLINE),Online,none
2026-02-26,Thursday,Study Abroad Table,Popp Martin Student Union,medium
2026-02-26,Thursday,The View Above in Corporate and Crisis Communication,,low
2026-02-26,Thursday,PAL Session - MATH 1241 (BELK GYM 206),BELK GYM 206,none
2026-02-26,Thursday,PAL Session - EXER 2169 (SMITH 204),SMITH 204,none
2026-02-26,Thursday,PAL Session - CHEM 2131 (ONLINE),Online,none
2026-02-26,Thursday,PAL Session - ECON 2101 (ONLINE),Online,none
2026-02-26,Thursday,PAL Session - MATH 2241 (MCEN 118),MCEN 118,none
2026-02-26,Thursday,Love Your Career - Washington Center Information Session,,low
2026-02-26,Thursday,Financial Services Career Fair,Popp Martin Student Union,high
2026-02-26,Thursday,PAL Session - MATH 1241 (SMITH 217),SMITH 217,none
2026-02-26,Thursday,PAL Session - MATH 2171 (FRIDY 383),FRIDY 383,none
2026-02-26,Thursday,PAL Session: ENGR 1301 (COLVD 5092),COLVD 5092,none
2026-02-26,Thursday,TowneBank Office Tour: Inside Commercial Real Estate Lending,TowneBank Office,low
2026-02-26,Thursday,Black History Month Trivia Night,Popp Martin Student Union,medium
2026-02-26,Thursday,PAL Session: PSYC 1101 (MACY 206),MACY 206,none
2026-02-26,Thursday,PAL Session - MATH 1242 (MCEN 401) - Exam Review,MCEN 401,none
2026-02-26,Thursday,PAL Session: BIOL 2120 (ONLINE),Online,none
2026-02-26,Thursday,Charlotte Sports Analytics Club Weekly Meeting,Friday,low
2026-02-26,Thursday,PAL Session: ECON 3125 (SMITH 219),SMITH 219,none
2026-02-26,Thursday,Afrofusion Dance Workshop,Cone University Center,low
2026-02-26,Thursday,Fungi in a Warming World,College of Health & Human Services (CHHS),low
2026-02-26,Thursday,Graduate Student EGYM Onboarding Drop-In,University Recreation Center,low
2026-02-26,Thursday,NCPIRG Hunger & Homelessness Campaign Planning,McEniry,low
2026-02-26,Thursday,PAL Session: ACCT 2121 (ONLINE),Online,none
2026-02-26,Thursday,PAL Session: ECON 2102 (COLVD 5092),COLVD 5092,none
2026-02-26,Thursday,Rock Climbing Night @ the SAC,Barnhardt Student Activity Center (SAC),medium
2026-02-26,Thursday,Surface Mount Soldering Workshop,EPIC 2230,low
2026-02-26,Thursday,9th Multi-Language Poetry Slam,Cone After Hours,low
2026-02-26,Thursday,"Culinary Club, American Marketing Association, & NCPIRG Canned Food Drive Potluck",McEniry,low
2026-02-26,Thursday,MJ inspired Black History Month Hip-Hop Class,Cone University Center,low
2026-02-26,Thursday,"Tea for Me, Tea for You",Klein,low
2026-02-26,Thursday,PARTISAN SONG: Stories and Music of Holocaust Resistance,Temple Beth El,low
2026-02-26,Thursday,Orchestra,Robinson Hall,low
2026-02-26,Thursday,Rhythm,College of Health & Human Services (CHHS),low
2026-02-26,Thursday,Back Day,Belk Gym,low
2026-02-26,Thursday,"Movie: ""Zootopia 2""",Popp Martin Student Union,medium
2026-02-27,Friday,Unsatisfactory mid-term grades due for Spring 2026 Term by noon,UNC Charlotte Academic Calendar,low
2026-02-27,Friday,Final Examinations for First-Half Term,,low
2026-02-27,Friday,Charlotte Men's Tennis vs Furman,"Charlotte, N.C. / LifeTime Fitness",low
2026-02-27,Friday,Niner Finances Walk In Hours,King Building ,low
2026-02-27,Friday,V.I.T.A,Popp Martin Student Union,medium
2026-02-27,Friday,Walk In Hours,King,low
2026-02-27,Friday,Quantitative Research Networking and Skill Sharing Event: A Walkthrough of Panel Data Methods,Fretwell 302 - UNC Charlotte Main Campus,low
2026-02-27,Friday,ELSO Scribble Sessions - Midday Spring 2026,,low
2026-02-27,Friday,A2i - Skills for Working Across Countries and Cultures with Cefla (Cancelled),Atkins 146,low
2026-02-27,Friday,Faculty Q&A Session about Charlotte Online,,none
2026-02-27,Friday,Spring Intensive Retreat,"Columbia, SC",low
2026-02-27,Friday,U.S. Immigration in 2026,,low
2026-02-27,Friday,Niners with Novels Reading Club Meeting,Friday,low
2026-02-27,Friday,Charlotte Men's Tennis vs Davidson,"Charlotte, N.C.",low
2026-02-27,Friday,Project Downtown Volunteer Event,Uptown Charlotte,low
2026-02-27,Friday,Casual Chess Night,Atkins Library,low
2026-02-27,Friday,Sigma Tau Delta- Pride & Prejudice Movie Night,Fretwell,low
2026-02-27,Friday,March to the Polls,EPIC Building,low
2026-02-27,Friday,BOAB Community Baby Shower,Popp Martin Student Union,medium
2026-02-27,Friday,Movie Night! - Chasing Time,College of Health & Human Services (CHHS),low
2026-02-27,Friday,CHARLOTTE'S GOT TALENT,Rowe,low
2026-02-27,Friday,"LEGENDARY GAME NIGHT (we back, with NEW games!) (Cancelled)",College of Health & Human Services (CHHS),low
2026-02-27,Friday,Slam's Birthday Party,,low
2026-02-27,Friday,Bonfire,Crossway Community Church,low
2026-02-27,Friday,Symphonic Band,Robinson Hall,low
2026-02-27,Friday,"Movie: ""Zootopia 2""",Popp Martin Student Union,medium
2026-02-28,Saturday,Final Examinations for First-Half Term,,low
2026-02-28,Saturday,TRIP FULL Vertical Ventures  - Climbing and Camping,Pisgah National Forest (or similar),low
2026-02-28,Saturday,Vertical Ventures - Climbing and Camping,Pisgah National Forest,low
2026-02-28,Saturday,AWWA and GEO Club Clean-up,North Deck,low
2026-02-28,Saturday,CCI Graduate Programs Open House,University of North Carolina at Charlotte (UNCC),high
2026-02-28,Saturday,SAFE Community Service: Street Clean-up,Lot 12,low
2026-02-28,Saturday,Ninerthon Dance Marathon,Cone University Center,low
2026-02-28,Saturday,Spring Intensive Retreat,"Columbia, SC",low
2026-02-28,Saturday,Warm Soles Night Walk,Queens University of Charlotte,low
2026-02-28,Saturday,Women in Engineering (WIE) STEM Fair,EPIC Building,medium
2026-02-28,Saturday,Charlotte Women's Basketball at East Carolina,"Greenville, N.C.",low
2026-02-28,Saturday,Student Family Social at the Park,Reedy Creek Park,low
2026-02-28,Saturday,Monochromatic Photoshoot,Star Quad,low
2026-02-28,Saturday,"Movie: ""Zootopia 2""",Popp Martin Student Union,medium
2026-03-01,Sunday,Faculty Textbook Adoption Deadline (Summer),,low
2026-03-01,Sunday,Final Examinations for First-Half Term,,low
2026-03-01,Sunday,Vertical Ventures - Climbing and Camping,Pisgah National Forest,low
2026-03-01,Sunday,Charlotte Men's Tennis at ETSU,"Johnson City, TN",low
2026-03-01,Sunday,Hello Asia,Popp Martin Student Union,medium
2026-03-01,Sunday,Charlotte Men's Basketball at Florida Atlantic,"Boca Raton, Fla.",low
2026-03-01,Sunday,6v6 Soccer Fundraiser,"North Recreational Field Complex, Field 15",low
2026-03-01,Sunday,"Movie: ""Zootopia 2""",Popp Martin Student Union,medium
2026-03-02,Monday,Charlotte Women's Golf at Day 1 - 36 Holes- Daniel Island Club,"Charleston, S.C.",low
2026-03-02,Monday,Fall 2026 Schedule of Classes available on web,UNC Charlotte Academic Calendar,low
2026-03-02,Monday,Student registration appointment times available on web,UNC Charlotte Academic Calendar,low
2026-03-02,Monday,Unsatisfactory Mid-Term Grade notices emailed to students for Spring 2026,UNC Charlotte Academic Calendar,none
2026-03-02,Monday,Final Examinations for First-Half Term,,low
2026-03-02,Monday,Improving Opioid Safety: Increasing Naloxone Fulfillment in Long-Term Opioid Therapy,College of Health & Human Services (CHHS),low
2026-03-02,Monday,Supply Chain Finance as a Catalyst for AI Readiness in Small and Medium Enterprises: The Role of Supply Chain Dynamic Capabilities,Dubois Center at UNC Charlotte Center City,low
2026-03-02,Monday,Coffee & Connections,Storrs Hall Salon A,low
2026-03-02,Monday,March 2: SCEC Chapter Meeting,,low
2026-03-02,Monday,March 2: SCEC-DR Poster Development,Mebane COED 259,low
2026-03-02,Monday,Problem Solving,Popp Martin Student Union,medium
2026-03-02,Monday,Career and Major Decisions: What's the right answer?,University Career Center,low
2026-03-02,Monday,Grad School 101: Start Your Program Search with Confidence,,low
2026-03-02,Monday,Tech Compass Networking Event sponsored by SIM Women Charlotte,Popp Martin Student Union,medium
2026-03-02,Monday,6th Annual Honors College Failure Showcase,Popp Martin Student Union,medium
2026-03-02,Monday,"Failure Showcase, Hosted by the Honors College",Popp Martin Student Union,medium
2026-03-02,Monday,Spring 2026 Grad Student and Postdoctoral Writing Group,Atkins Library,low
2026-03-02,Monday,Prism General Body Meeting,Fretwell,low
2026-03-02,Monday,Ramadan Iftar - Mar 2nd,Friday,low
2026-03-02,Monday,Kaffeeklatsch,Mebane,low
2026-03-02,Monday,Laser Cutting Workshop,Kennedy Super Fab Lab,low
2026-03-02,Monday,Speaker Event,Fretwell,low
2026-03-02,Monday,Write Now!,,low
2026-03-02,Monday,Caso Cerrado,Cone University Center,low
2026-03-02,Monday,Honor Her Impact: Women's Leadership Roundtable,Union 340 DE,low
2026-03-02,Monday,Monday Night Bible Study,College of Health & Human Services (CHHS),low
2026-03-03,Tuesday,Charlotte Women's Golf at Final Round- Daniel Island Club,"Charleston, S.C.",low
2026-03-03,Tuesday,Final Examinations for First-Half Term,,low
2026-03-03,Tuesday,49ers4LIFE Blood Drive,Popp Martin Student Union,medium
2026-03-03,Tuesday,49ers4LIFE Blood Drive 2026,Popp Martin Student Union,medium
2026-03-03,Tuesday,"Pre-Law 101: Academics, Experience, and More",,low
2026-03-03,Tuesday,Career Meet Up: Learning all about You with PathwayU!,,low
2026-03-03,Tuesday,"PRINCIPAL LEADERSHIP AND TEACHER RETENTION IN LOW-INCOME, HIGH-MINORITY HIGH SCHOOLS",Register through this form to receive Zoom link: http://bit.ly/3L2dE5U,low
2026-03-03,Tuesday,Belk College Explorers,University Career Center,low
2026-03-03,Tuesday,Defending Your Dollar Presentation,Popp Martin Student Union,medium
2026-03-03,Tuesday,Industry Meet Up: Careers in Supply Chain with Carolina Handling,,low
2026-03-03,Tuesday,Ace Your Graduate School Application: Tips and Tricks for Succes,,low
2026-03-03,Tuesday,Berry Bread Pudding Demo Kitchen,UREC Demo Kitchen,low
2026-03-03,Tuesday,CAB-E-Oke,Various Locations,low
2026-03-03,Tuesday,Study Abroad Peer Advising,College of Health & Human Services (CHHS),low
2026-03-03,Tuesday,Insite Properties Office Tour,Insite Properties Office,low
2026-03-03,Tuesday,"Mentorship: Building Natural, Lasting Professional Relationships",,low
2026-03-03,Tuesday,STEM Communication: Bridging Research and Industry,Discovery Place Education Studio,low
2026-03-03,Tuesday,A Day in the Life of a Data Scientist in Financial Services,Dubois Center at UNC Charlotte Center City,low
2026-03-03,Tuesday,Alcoholics Anonymous (AA),Waddell Center for Student Health and Wellbeing,low
2026-03-03,Tuesday,Ramadan Iftar - Mar 3rd,Friday,low
2026-03-03,Tuesday,Crocheting Club Beginner Workshop,Friday,low
2026-03-03,Tuesday,Study Hall: Weekly Meeting Option 1 of 2,Fretwell,low
2026-03-03,Tuesday,Card Making for those in Hospitals,CHHS,low
2026-03-03,Tuesday,Global Medical Brigades ~ Jeopardy Night,Mebane,low
2026-03-03,Tuesday,Writing Effective Abstracts,,low
2026-03-03,Tuesday,Charlotte Women's Basketball vs Rice,"Charlotte, N.C., Halton Arena",high
2026-03-03,Tuesday,RSA General Body Meetings,Woodward,low
2026-03-03,Tuesday,Protect Your Crown,Lynch Hall,low
2026-03-04,Wednesday,Book Sale,Prospector,low
2026-03-04,Wednesday,V.I.T.A,Popp Martin Student Union,medium
2026-03-04,Wednesday,EY - Employer in the Foyer (Cancelled),Woodward,low
2026-03-04,Wednesday,Part Time Job Fair,,high
2026-03-04,Wednesday,Study Abroad Peer Advising,College of Health & Human Services (CHHS),low
2026-03-04,Wednesday,The Power Pitch: Mastering the Art of Confidently Integrating Disability into Your Career Narrative,,low
2026-03-04,Wednesday,Career Meet Up: Purpose Over Position: Designing a Career That Matters,,low
2026-03-04,Wednesday,Industry Meet Up: Demystifying Sales + Marketing Roles and the Impact of AI,,low
2026-03-04,Wednesday,Pop! Into Student Involvement,Popp Martin Student Union,medium
2026-03-04,Wednesday,Building Community with the Periodic Table of Emotions,,low
2026-03-04,Wednesday,Funding Your Future: Navigating Graduate Funding Strategies,,low
2026-03-04,Wednesday,Deciding What Your Future Holds: Career Decision Making,University Career Center,low
2026-03-04,Wednesday,AI and Digital Trends - Emerging Technology in the Enterprise (Cancelled),Woodward 335,low
2026-03-04,Wednesday,Charlotte Women's Lacrosse Vs. Winthrop,Jerry Richardson Stadium,low
2026-03-04,Wednesday,Aptive Sales Training Course,Denny,low
2026-03-04,Wednesday,Ramadan Iftar - Mar 4th,Friday,low
2026-03-04,Wednesday,Study Hall,Atkins Library Room 128B,low
2026-03-04,Wednesday,Gallery Reception- The Walls Have Ears: Laura Lucas,Rowe,low
2026-03-04,Wednesday,Gallery Reception: 58th Annual Juried Student Exhibition,Rowe,low
2026-03-04,Wednesday,Mentor/Mentee Meet & Greet,Macy,low
2026-03-04,Wednesday,Weekly Meeting Option 2 of 2,Denny,low
2026-03-04,Wednesday,Great Decisions,UNC Charlotte Dubois Center in Uptown Charlotte,low
2026-03-04,Wednesday,Tariffs and the Future of the World Economy,Dubois Center at UNC Charlotte Center City,low
2026-03-04,Wednesday,Fidus Capital Private Credit Speaker Session,Denny 120,low
2026-03-04,Wednesday,Charlotte Men's Basketball vs UAB,"Charlotte, N.C.",low
2026-03-04,Wednesday,Charlotte Men's Basketball Vs. UAB,Dale F. Halton Arena,high
2026-03-04,Wednesday,Crocheting Club General Meeting,McEniry,low
2026-03-04,Wednesday,ELSO Scribble Sessions - Spring 2026,,low
2026-03-04,Wednesday,Wednesday Night Live,College of Health & Human Services (CHHS),low
2026-03-04,Wednesday,Worship & Soda Bar,Fretwell,low
2026-03-05,Thursday,Final Grades due for First-Half Term,UNC Charlotte Academic Calendar,low
2026-03-05,Thursday,Balancing the Chord: Examining the Self-Efficacy of Music Educators and Their Motivation Levels of Retention in North Carolina,Mebane Hall,low
2026-03-05,Thursday,Finding the Right Numbers: A Practical Workshop on Identifying Reliable and Relevant Data,Dubois Center at UNC Charlotte Center City,low
2026-03-05,Thursday,Career Trek : Red Ventures hosting First Gen Students!,,low
2026-03-05,Thursday,Navigating Career Decisions with Confidence,University Career Center,low
2026-03-05,Thursday,Mechanical Engineering Early Entry Information Session,Duke Centennial Hall,low
2026-03-05,Thursday,Career Meet Up: How to Set Up Your LinkedIn Profile,,low
2026-03-05,Thursday,Lunch & Learn with Laura - Caffeine & College: How Much Is Too Much?,UREC Demo Kitchen,low
2026-03-05,Thursday,Towards Generative Modeling of 3D Humans from Multimodal Signals,Register through this form to receive Zoom link: http://bit.ly/3L2dE5U,low
2026-03-05,Thursday,Information Session,Online,low
2026-03-05,Thursday,"Do Large Language Models (LLMs) Favour Diversity, Equity, and Inclusion (DEI) Policies?",Popp Martin Student Union,medium
2026-03-05,Thursday,Lunch & Learn: The Courage to Show Up - Turning Setbacks into Success,Atkins Library,low
2026-03-05,Thursday,Study Abroad Table,Popp Martin Student Union,medium
2026-03-05,Thursday,Establishing Your Ethics,Popp Martin Student Union,medium
2026-03-05,Thursday,Formatting and Submitting Your Thesis or Dissertation,,low
2026-03-05,Thursday,International Coffee Hour,Popp Martin Student Union,medium
2026-03-05,Thursday,Ramadan Iftar - Mar 5th,Friday,low
2026-03-05,Thursday,Charlotte Sports Analytics Club Weekly Meeting,Friday,low
2026-03-05,Thursday,Dress for Success Project Runway,Popp Martin Student Union,medium
2026-03-05,Thursday,Systems Engineering Overview,Cameron 153,low
2026-03-05,Thursday,Cato College of Education Virtual Open House,,none
2026-03-05,Thursday,Global Medical Brigades ~ Jeopardy Night,Mebane,low
2026-03-05,Thursday,Pharmacy Tech Spotlight: Roles and Meds,Popp Martin Student Union,medium
2026-03-05,Thursday,Rock Climbing Night @ the SAC,Barnhardt Student Activity Center (SAC),medium
2026-03-05,Thursday,InternSHPE Panel — Internship Insights from Students Across STEM,CONE AFTERHOURS,low
2026-03-05,Thursday,Rhythm,College of Health & Human Services (CHHS),low
2026-03-06,Friday,Student registration appointment times available on web,UNC Charlotte Academic Calendar,low
2026-03-06,Friday,Master of Public Health - Admissions Virtual Drop-In Hour,,none
2026-03-06,Friday,Graduate Admissions Virtual Office Hours,,none
2026-03-06,Friday,Niner Finances Walk In Hours,King Building ,low
2026-03-06,Friday,V.I.T.A,Cone University Center,low
2026-03-06,Friday,Walk In Hours,King,low
2026-03-06,Friday,ELSO Scribble Sessions - Midday Spring 2026,,low
2026-03-06,Friday,Charlotte Men's Tennis at Auburn,"Auburn, Al.",low
2026-03-06,Friday,Niners with Novels Reading Club Meeting,Friday,low
2026-03-06,Friday,Charlotte Baseball Vs. Radford,Robert & Mariam Hayes Stadium,low
2026-03-06,Friday,Ramadan Iftar - Mar 6th,Friday,low
2026-03-06,Friday,Charlotte Softball Vs. Florida Atlantic,D.L. Phillips Softball Complex,low
2026-03-06,Friday,"LEGENDARY GAME NIGHT (we back, with NEW games!)",College of Health & Human Services (CHHS),low
2026-03-07,Saturday,Charlotte Men's Golf at Round 1- Sawgrass Country Club,"Ponte Vedra Beach, Fla.",low
2026-03-07,Saturday,Flight FUNdamentals,Concord Regional Airport,low
2026-03-07,Saturday,Charlotte Softball Vs. Florida Atlantic,D.L. Phillips Softball Complex,low
2026-03-07,Saturday,Char-Lit Showcase,Popp Martin Student Union,medium
2026-03-07,Saturday,Charlotte Women's Basketball at UAB,"Birmingham, Ala.",low
2026-03-07,Saturday,Charlotte Baseball Vs. Western Carolina,Robert & Mariam Hayes Stadium,low
2026-03-08,Sunday,Charlotte Men's Golf at Round 2- Sawgrass Country Club,"Ponte Vedra Beach, Fla.",low
2026-03-08,Sunday,Charlotte Men's Tennis vs Coastal Carolina,"Charlotte, N.C.",low
2026-03-08,Sunday,Charlotte Softball Vs. Florida Atlantic,D.L. Phillips Softball Complex,low
2026-03-08,Sunday,Charlotte Baseball Vs. Western Carolina,Robert & Mariam Hayes Stadium,low
2026-03-08,Sunday,Charlotte Men's Basketball at South Florida,"Tampa, Fla.",low
2026-03-08,Sunday,Charlotte Women's Lacrosse Vs. Stetson,Jerry Richardson Stadium,low
2026-03-09,Monday,Charlotte Men's Golf at Round 3- Sawgrass Country Club,"Ponte Vedra Beach, Fla.",low
2026-03-09,Monday,Student Spring Recess – No Classes,UNC Charlotte Academic Calendar,low
2026-03-09,Monday,Qualitative Assessment,Cone 111,low
2026-03-09,Monday,MSW Information Session,,low
2026-03-09,Monday,Monday Night Bible Study,College of Health & Human Services (CHHS),low
2026-03-10,Tuesday,Student Spring Recess – No Classes,UNC Charlotte Academic Calendar,low
2026-03-10,Tuesday,Grad School 101: Start Your Program Search with Confidence,,low
2026-03-10,Tuesday,Mental Health First Aid,,low
2026-03-10,Tuesday,Charlotte Women's Basketball vs #9 Florida Atlantic,"Birmingham, Ala., Legacy Arena",low
2026-03-11,Wednesday,Charlotte Men's Basketball vs American Conference Championship,"Birmingham, Ala.",medium
2026-03-11,Wednesday,Student Spring Recess – No Classes,UNC Charlotte Academic Calendar,low
2026-03-11,Wednesday,Excel: Disaggregate Data with Ease,Union 263,low
2026-03-11,Wednesday,Know Before You Go: Essential Steps for Newly Admitted Students,,high
2026-03-11,Wednesday,Mental Health First Aid,,low
2026-03-11,Wednesday,Your guide to living well in retirement,,low
2026-03-11,Wednesday,M.S. in Financial Engineering and Fintech Virtual Information Session,,none
2026-03-11,Wednesday,Sleep: An Essential Component of Health  & Well-Being Webinar,,none
2026-03-11,Wednesday,TIAA’s Early Identification (Early ID) Program,,low
2026-03-11,Wednesday,Pop! Into Student Involvement,Popp Martin Student Union,medium
2026-03-11,Wednesday,Information Session: UNC Charlotte Tech Bootcamps,,low
2026-03-12,Thursday,Charlotte Men's Basketball vs American Conference Championship,"Birmingham, Ala.",medium
2026-03-12,Thursday,Student Spring Recess – No Classes,UNC Charlotte Academic Calendar,low
2026-03-12,Thursday,Ace Your Graduate School Application: Tips and Tricks for Succes,,low
2026-03-12,Thursday,EXPLORING THE USE OF DNA-TEMPLATED SILVER NANOCLUSTERS AS  A BROAD-SPECTRUM ANTIBACTERIAL AGENT AND PEDAGOGICAL TOOL,Cameron,low
2026-03-12,Thursday,Charlotte Sports Analytics Club Weekly Meeting,Friday,low
2026-03-12,Thursday,Charlotte Men's Basketball vs Tulane- Second Round,"Birmingham, Al., Legacy Arena",low
2026-03-13,Friday,Charlotte Men's Basketball vs American Conference Championship,"Birmingham, Ala.",medium
2026-03-13,Friday,Student Spring Recess – No Classes,UNC Charlotte Academic Calendar,low
2026-03-13,Friday,Niner Finances Walk In Hours,King Building ,low
2026-03-13,Friday,Charlotte Men's Tennis vs Old Dominion,"Charlotte, N.C.",low
2026-03-13,Friday,Improving Nurses’ Knowledge and Self-Efficacy with Patient Mobility by Incorporating Mobility Techniques into Orientation,College of Health & Human Services (CHHS),high
2026-03-13,Friday,Charlotte Baseball Vs. St. John's,Robert & Mariam Hayes Stadium,low
2026-03-13,Friday,Carolina Ascent Match with BiAS!,American Legion Memorial Stadium,low
2026-03-14,Saturday,Charlotte Men's Basketball vs American Conference Championship,"Birmingham, Ala.",medium
2026-03-14,Saturday,Student Spring Recess – No Classes,UNC Charlotte Academic Calendar,low
2026-03-14,Saturday,Charlotte Men's Tennis vs Yale,"Charlotte, N.C.",low
2026-03-14,Saturday,Charlotte Women's Lacrosse Vs. Old Dominion,Jerry Richardson Stadium,low
2026-03-14,Saturday,Charlotte Baseball Vs. St. John's,Robert & Mariam Hayes Stadium,low
2026-03-15,Sunday,Charlotte Baseball Vs. St. John's,Robert & Mariam Hayes Stadium,low
2026-03-15,Sunday,Student Family Social at the Park,Reedy Creek Park,low
2026-03-16,Monday,First day of classes for Second-Half Term,UNC Charlotte Academic Calendar,low
2026-03-16,Monday,Last day to change Grade Type (P/NC or Audit),UNC Charlotte Academic Calendar,low
2026-03-16,Monday,Last day to Change or Opt-Out of Grade Replacement,UNC Charlotte Academic Calendar,low
2026-03-16,Monday,Last day to withdraw from course (s); grade subject to Withdrawal Policy*,UNC Charlotte Academic Calendar,none
2026-03-16,Monday,Using Feedback to Improve Teaching and Learning,,low
2026-03-16,Monday,Green Dot Week - Put Your ENERGY Into Action: Coffee Shop Chat,Fretwell,low
2026-03-16,Monday,Put Your ENERGY Into Action: Coffee Shop Chat,Fretwell,low
2026-03-16,Monday,Black Students` Perceptions of Wellness Education Programs at Historically White Institutions,Mebane Hall,low
2026-03-16,Monday,PAL Session - EXER 2168 (ONLINE),ONLINE,none
2026-03-16,Monday,PAL Session - PHYS 2101 (COLVD 5090),COLVD 5090,none
2026-03-16,Monday,PAL Session: ACCT 2122 (COLVD 5092),COLVD 5092,none
2026-03-16,Monday,PAL Session: CHEM 1200 (FRIDY 122),FRIDAY 122,none
2026-03-16,Monday,Master of Accountancy (MACC) Virtual Information Session,,none
2026-03-16,Monday,PAL Session: ACCT 2121 (ONLINE),Online,none
2026-03-16,Monday,PAL Session: PSYC 2113 (DENNY 105),DENNY 105,none
2026-03-16,Monday,Swipe Out Hunger and Niner Nation Gives,South Village Dining Hall (SoVi),low
2026-03-16,Monday,Building Community with the Periodic Table of Emotions,,low
2026-03-16,Monday,PAL Session: ECON 2102 (FRIDY 130) (Cancelled),FRIDY 130,none
2026-03-16,Monday,"Career Meet Up: The Future of Healthcare Work: Addressing Burnout, Access, and Technology",,low
2026-03-16,Monday,Weaving Stories of Global Environmental Justice,Atkins Library,low
2026-03-16,Monday,Career Meet Up: Effective Cover Letter Writing,,low
2026-03-16,Monday,PAL Session: ACCT 3323 (MCEN 123),MCEN 123,none
2026-03-16,Monday,Niners in the Queen City: Exploring Life in Charlotte and NC,,low
2026-03-16,Monday,Career Meet Up: Beyond the Hospital: Exploring Careers in Home Health & Pediatric Care,,low
2026-03-16,Monday,The glia-neutrophil axis: An understudied crosstalk in bacteria-induced neuroinflammation,Cone University Center,low
2026-03-16,Monday,Spring 2026 Grad Student and Postdoctoral Writing Group,Online Portion: Register for Zoom link,low
2026-03-16,Monday,Prism General Body Meeting,Fretwell,low
2026-03-16,Monday,Kaffeeklatsch,Mebane,low
2026-03-16,Monday,PAL Session - CHEM 1252 (COLVD 5091),COLVD 5091,none
2026-03-16,Monday,Ramadan Iftar - Mar 16th,Friday,low
2026-03-16,Monday,Breaking into Research,Fretwell 113,low
2026-03-16,Monday,Wildfire Prediction with Data Science,Woodward Hall 154,low
2026-03-16,Monday,Monday Night Bible Study,College of Health & Human Services (CHHS),low
2026-03-16,Monday,Speed Friending,Cone University Center,low
2026-03-17,Tuesday,Last day to add or drop for Second-Half Term with no grade,UNC Charlotte Academic Calendar,none
2026-03-17,Tuesday,Using Feedback to Improve Teaching and Learning,,low
2026-03-17,Tuesday,"The Influence Battle: How Perceived Risk, Organizational Trust, and Social Influence Shape Employee Intentions to Adopt AI",Register through this form to receive Zoom link: http://bit.ly/3L2dE5U,low
2026-03-17,Tuesday,Faculty Perceptions of a Student Learning Outcomes Initiative for Faculty-Led Short-Term Education Abroad Programs,College of Education (CoEd),low
2026-03-17,Tuesday,Pi Day,Fretwell Quad (Outdoors),low
2026-03-17,Tuesday,Pi Day 2026,Fretwell Lawn,low
2026-03-17,Tuesday,"Structural and transcriptional dynamics of telomerase regulation in the protozoan parasite, Trypanosoma brucei",Bioinformatics,low
2026-03-17,Tuesday,Career Meet Up: What it Takes to Be a Competitive Med School Applicant,,low
2026-03-17,Tuesday,Swipe Out Hunger and Niner Nation Gives,Social 704,low
2026-03-17,Tuesday,Shopping Smart - OSHR Lunch & Learn,,low
2026-03-17,Tuesday,MBA Information Session,,low
2026-03-17,Tuesday,Center for Wellness Promotion Visit and Tour!,Waddell Center for Student Health and Wellbeing,low
2026-03-17,Tuesday,Disability Drop In Hours,,low
2026-03-17,Tuesday,A Walkshop on Narrative Intelligence: The Power of Story in Your Teaching,McMillan Greenhouse,low
2026-03-17,Tuesday,Career Meet Up: Undergraduate Research & Your Future Career,,low
2026-03-17,Tuesday,Information Session,Online,low
2026-03-17,Tuesday,Grad School 101: Start Your Program Search with Confidence,,low
2026-03-17,Tuesday,Math/PI Day Celebration and Career Fair - Spring 2026,,high
2026-03-17,Tuesday,Study Abroad Peer Advising,College of Health & Human Services (CHHS),low
2026-03-17,Tuesday,Emotional Intelligence,Popp Martin Student Union,medium
2026-03-17,Tuesday,Greystar Office Tour & Site Visit,Greystar Corporate Office,low
2026-03-17,Tuesday,Procrastination Workshop Series - March Sessions,"Visualization Lab, J. Murrey Atkins Library, 2nd floor",low
2026-03-17,Tuesday,Student Org Registration Overview,Popp Martin Student Union,medium
2026-03-17,Tuesday,"Vibe Coding, GenAI Governance &amp; Enterprise Practices",,low
2026-03-17,Tuesday,Crocheting Club Beginner Workshop,Friday,low
2026-03-17,Tuesday,Ramadan Iftar - Mar 17th,Friday,low
2026-03-17,Tuesday,San Giuseppe Celebrazione,College of Health & Human Services (CHHS),low
2026-03-17,Tuesday,Destress & Design: Member Merch Night,College of Health & Human Services (CHHS),low
2026-03-17,Tuesday,GInkgo Residential Guest Lecture Series,Independent Picture House,low
2026-03-17,Tuesday,"Ginkgo Residential Speaker Series: “Schooling, Work, and Shiftwork: Childhood and Migration in the American South”",Independent Picture House,low
2026-03-17,Tuesday,March Social,College of Health & Human Services (CHHS),low
2026-03-17,Tuesday,Nova Literary Arts Volume 57 Exhibition,Popp Martin Student Union,medium
2026-03-17,Tuesday,Writing Synthesized Literature Reviews,Online,low
2026-03-17,Tuesday,Beyond Labels: Exploring Identity & Inclusion community service event,Cone University Center,low
2026-03-17,Tuesday,Prepare for the Fall Career Event,CONE 210,low
2026-03-18,Wednesday,Using Feedback to Improve Teaching and Learning,,low
2026-03-18,Wednesday,BUILDING RESILIENCE: IMPLEMENTING A STRESS AND BURNOUT REDUCTION COURSE FOR NURSE PRACTITIONER STUDENTS,College of Health & Human Services (CHHS),low
2026-03-18,Wednesday,Mastering Time Management: Proven Techniques for Prioritizing Tasks,,low
2026-03-18,Wednesday,PAL Session: ACCT 2121 (FRIDAY 122),FRIDAY 122,none
2026-03-18,Wednesday,Qualtrics 103,Union 263,low
2026-03-18,Wednesday,"Question, Persuade, Refer (QPR) Training",,low
2026-03-18,Wednesday,ENTRAINMENT OF BIOLOGICAL RHYTHMS IN FIDDLER CRAB EMBRYOS AND LARVAE,Bioinformatics,low
2026-03-18,Wednesday,PAL Session: ACCT 3323 (FRIDY 123),FRIDY 123,none
2026-03-18,Wednesday,PAL Session: EXER 2168 (FRIDAY 130),FRIDY 130,none
2026-03-18,Wednesday,V.I.T.A,Popp Martin Student Union,medium
2026-03-18,Wednesday,Vintage Market #3,CHHS Plaza,low
2026-03-18,Wednesday,"Being a Good Team Player: Balancing Leadership, Dependability, and Collaboration",Colvard 5092,low
2026-03-18,Wednesday,Career Trek: Catawba River Keeper + Daniel Stowe Conservancy,,low
2026-03-18,Wednesday,Green Dot Bystander Training,TBD,low
2026-03-18,Wednesday,Jamil Niner Student Pantry: Wednesday Volunteer Shifts,Jamil Niner Student Pantry,low
2026-03-18,Wednesday,Brooksource- Employer in the Foyer,Woodward Hall Second Floor,low
2026-03-18,Wednesday,PAL Session: PSYC 2113 (FRIDY 155),FRIDY 155,none
2026-03-18,Wednesday,Study Abroad Peer Advising,College of Health & Human Services (CHHS),low
2026-03-18,Wednesday,Swipe Out Hunger and Niner Nation Gives,South Village Dining Hall (SoVi),low
2026-03-18,Wednesday,Creating a CV,,low
2026-03-18,Wednesday,Guest Lecturer/Information Session: Pacific Life,Fretwell 418,low
2026-03-18,Wednesday,PAL Session: ECON 2102 (SMITH 306),SMITH 306,none
2026-03-18,Wednesday,M.S. in Economics Virtual Information Session,,none
2026-03-18,Wednesday,M.S. in Management Virtual Information Session,,none
2026-03-18,Wednesday,PAL Session - MATH 1242 (ONLINE),ONLINE,none
2026-03-18,Wednesday,PAL Session - MATH 2164 (SMITH 201),SMITH 201,none
2026-03-18,Wednesday,PAL Session - PHYS 2101 (DENNY 206),DENNY 206,none
2026-03-18,Wednesday,Your Money Mind Presentation,Popp Martin Student Union,medium
2026-03-18,Wednesday,PAL Session - EXER 2169 (MCEN 123),MCEN 123,none
2026-03-18,Wednesday,PAL Session - MATH 1241 (COLVD 5092),COLVD 5092,none
2026-03-18,Wednesday,Pop! Into Student Involvement,Popp Martin Student Union,medium
2026-03-18,Wednesday,PAL Session - CHEM 1252 (SMITH 204),SMITH 204,none
2026-03-18,Wednesday,PAL Session - PHIL 2105 (COLVD 3120),COLVD 3120,none
2026-03-18,Wednesday,PRESERVICE TEACHERS’ KNOWLEDGE REGARDING TEXT SELECTION IN THE ENGLISH LANGUAGE ARTS’ CLASSROOM,Register through this form to receive Zoom link: http://bit.ly/3L2dE5U,low
2026-03-18,Wednesday,PAL Session: ECON 2101 (COLVD 4068),COLVD 4068,none
2026-03-18,Wednesday,Ace Your Graduate School Application: Tips and Tricks for Succes,,low
2026-03-18,Wednesday,Carrot Cake Energy Bites Demo Kitchen,UREC Demo Kitchen,low
2026-03-18,Wednesday,PAL Session - PHYS 1102 (MCEN 401),MCEN 401,none
2026-03-18,Wednesday,Three-Article Dissertation Workshop - Understanding Author Agreements,Online,low
2026-03-18,Wednesday,PAL Session - PHYS 2101 (SMITH 328) (Cancelled),SMITH 328,none
2026-03-18,Wednesday,PAL Session: CHEM 2131 (COLVD 5092),COLVD 5092,none
2026-03-18,Wednesday,Unsung Heroes: Work-Life Experiences of Mothers in Mid-Level Leadership Roles in Student Affairs,Mebane Hall,low
2026-03-18,Wednesday,Cozy Connect featuring Reading & Wellness,,low
2026-03-18,Wednesday,Exploring Careers in Health & Human Services Panel,,low
2026-03-18,Wednesday,Global Gateways Interest Session,CHHS 207,low
2026-03-18,Wednesday,How Recruiters Help You Land Roles,Smith Hall 303,low
2026-03-18,Wednesday,Mentor Meet & Greet,Popp Martin Student Union,medium
2026-03-18,Wednesday,PAL Session - MATH 1241 (ONLINE),ONLINE,none
2026-03-18,Wednesday,PAL Session - MATH 1242 (FRET 205),FRET 205,none
2026-03-18,Wednesday,PAL Session - MATH 2171 (ONLINE),ONLINE,none
2026-03-18,Wednesday,PAL Session: ACCT 2122 (FRIDAY 116),FRIDAY 116,none
2026-03-18,Wednesday,PAL Session: BIOL 2120 (FRIDY 381),FRIDY 381,none
2026-03-18,Wednesday,PAL Session: CHEM 1204 (ONLINE),Online,none
2026-03-18,Wednesday,PAL Session - MATH 2241 (ONLINE),ONLINE,none
2026-03-18,Wednesday,PAL Session: ENGR 1301 (COLVD 5096),COLVD 5096,none
2026-03-18,Wednesday,Cultural Carnival,Star Quad,low
2026-03-18,Wednesday,PAL Session: CHEM 1200 (ONLINE),ONLINE,none
2026-03-18,Wednesday,Ramadan Iftar - Mar 18th,Friday,low
2026-03-18,Wednesday,Weekly Meeting Option 1 of 2,Denny,low
2026-03-18,Wednesday,Economic Inequality Discussion,Popp Martin Student Union,medium
2026-03-18,Wednesday,First-Gen Meet Up: Blooming Into Spring,Cone AfterHours,low
2026-03-18,Wednesday,Gallery Reception- Sean Caulfield: A Tragedy of Commons,Dubois Center at UNC Charlotte Center City,low
2026-03-18,Wednesday,Industry Connect,Online,low
2026-03-18,Wednesday,March Madness Watch Party,Prospector,low
2026-03-18,Wednesday,PAL Session - COMM 2100 (FRIDY 132),FRIDY 132,none
2026-03-18,Wednesday,Viking Mergers & Acquisition Guest Speaker Event: An Insight of M&A,Union Theater,low
2026-03-18,Wednesday,PAL Session: ACCT 2121 (COLVD 5092),COLVD 5092,none
2026-03-18,Wednesday,Charlotte Checkers Game!,Bojangles Coliseum,low
2026-03-18,Wednesday,Crocheting Club General Meeting,McEniry,low
2026-03-18,Wednesday,ELSO Scribble Sessions - Spring 2026,,low
2026-03-18,Wednesday,Protect Your Crown,Lynch Hall,low
2026-03-18,Wednesday,Wednesday Night Live,Popp Martin Student Union,medium
2026-03-18,Wednesday,Worship & Lemonade,Fretwell,low
2026-03-19,Thursday,Grade Replacement auto selection process run (Second Half term),UNC Charlotte Academic Calendar,low
2026-03-19,Thursday,Using Feedback to Improve Teaching and Learning,,low
2026-03-19,Thursday,PAL Session: ACCT 2122 (ONLINE),Online,none
2026-03-19,Thursday,Advancing your Research with AI,Atkins Library,low
2026-03-19,Thursday,Jamil Niner Student Pantry: Thursday Volunteer Shifts,Jamil Niner Student Pantry,low
2026-03-19,Thursday,Career Meet Up: Connecting the Dots: Outlining Your Psychology Career,,low
2026-03-19,Thursday,Swipe Out Hunger and Niner Nation Gives,Social 704,low
2026-03-19,Thursday,M.S. in Real Estate Virtual Information Session,,none
2026-03-19,Thursday,PAL Session - PHYS 2101 (COLVD 4068),COLVD 4068,none
2026-03-19,Thursday,PAL Session: ACCT 2121 (BELK 207),BELK GYM 207,none
2026-03-19,Thursday,Think About It Thursday- Educational Leadership MED,,low
2026-03-19,Thursday,AI Governance in the Defense Intelligence Enterprise (DIE),Popp Martin Student Union,medium
2026-03-19,Thursday,PAL Session - CHEM 1252 (FRET 306),FRET 306,none
2026-03-19,Thursday,PAL Session: ACCT 3323 (ONLINE),Online,none
2026-03-19,Thursday,Study Abroad Table,Popp Martin Student Union,medium
2026-03-19,Thursday,A Neurodiversity Career Workshop,,low
2026-03-19,Thursday,Froggy Hand Sewing Workshop,"Area 49 Makerspace, Atkins Library, Second Floor",low
2026-03-19,Thursday,Funding Your Future: Navigating Graduate Funding Strategies,,low
2026-03-19,Thursday,PAL Session - MATH 1241 (BELK GYM 206),BELK GYM 206,none
2026-03-19,Thursday,Ethos Initiative Volunteer Event Collaboration!!!,Jamil Niner Student Pantry,low
2026-03-19,Thursday,PAL Session - EXER 2169 (SMITH 204),SMITH 204,none
2026-03-19,Thursday,PAL Session - CHEM 2131 (ONLINE),Online,none
2026-03-19,Thursday,PAL Session - ECON 2101 (ONLINE),Online,none
2026-03-19,Thursday,PAL Session - MATH 2241 (MCEN 118),MCEN 118,none
2026-03-19,Thursday,Greystar Office Tour & Site Visit,Greystar Corporate Office,low
2026-03-19,Thursday,International Coffee Hour,Popp Martin Student Union,medium
2026-03-19,Thursday,PAL Session - MATH 1241 (SMITH 217),SMITH 217,none
2026-03-19,Thursday,PAL Session - MATH 2171 (FRIDY 383),FRIDY 383,none
2026-03-19,Thursday,PAL Session: ENGR 1301 (COLVD 5092),COLVD 5092,none
2026-03-19,Thursday,Green Dot Student Overview Training,TBD,low
2026-03-19,Thursday,Open Mic Night,Barnes and Nobles CLT,low
2026-03-19,Thursday,Charlotte Sports Analytics Club Weekly Meeting,Friday,low
2026-03-19,Thursday,Ramadan Iftar - Mar 19th,Friday,low
2026-03-19,Thursday,Water Quality Education Event,EPIC,low
2026-03-19,Thursday,March Madness Watch Party,Prospector,low
2026-03-19,Thursday,Niner Media Workshop Series: Sports Writing and Analytics with SEC Network!,College of Health & Human Services (CHHS),low
2026-03-19,Thursday,Polished & Powerful: A Networth Exchange For Women In The Ecosystem,CO-LAB,low
2026-03-19,Thursday,Rhythm,College of Health & Human Services (CHHS),low
2026-03-20,Friday,Charlotte Men's Golf at Round 1- Greatwaters Course at Lake Oconee,"Lake Oconee, Ga.",low
2026-03-20,Friday,Using Feedback to Improve Teaching and Learning,,low
2026-03-20,Friday,Pathways to Possibility: Bank of America Campus Experience | Charlotte Connect,,low
2026-03-20,Friday,NURSING EDUCATION TO DECREASE VIRTUAL NOCTURNIST APP CALL VOLUME,College of Health & Human Services (CHHS),none
2026-03-20,Friday,Graduate Admissions Virtual Office Hours,,none
2026-03-20,Friday,Niner Finances Walk In Hours,King Building ,low
2026-03-20,Friday,Walk In Hours,King,low
2026-03-20,Friday,Walk In Hours (Cancelled),King,low
2026-03-20,Friday,Funding 101: From Idea to Award,,low
2026-03-20,Friday,SAVE THE DATE: ELSO Writing Retreat - Day 1,Online,low
2026-03-20,Friday,Using Generative AI in Your Daily Work,,low
2026-03-20,Friday,Bank of America - Charlotte Campus Connect,,low
2026-03-20,Friday,Schedule Smarter: Building a Balanced Semester,Online,low
2026-03-20,Friday,Crown & Albert Scholars 10th Anniversary Celebration,Harris Alumni Center,low
2026-03-20,Friday,CAB Madness,Belk Gym,low
2026-03-20,Friday,March Madness Watch Party,Prospector,low
2026-03-20,Friday,Sky Happiness Retreat,Cone University Center,low
2026-03-20,Friday,Jaripeo Night,Hauser Alumni Pavilion,low
2026-03-20,Friday,"LEGENDARY GAME NIGHT (we back, with NEW games!)",College of Health & Human Services (CHHS),low
2026-03-20,Friday,2026 Under Construction,,low
2026-03-21,Saturday,Charlotte Men's Golf at Round 2- Greatwaters Course at Lake Oconee,"Lake Oconee, Ga.",low
2026-03-21,Saturday,UNCC Interim Council | 89th Legislative Year,TBD,low
2026-03-21,Saturday,ELSO Writing Retreat - Day 2,Mebane (COED) 007,low
2026-03-21,Saturday,Mental Health First Aid,TBD,low
2026-03-21,Saturday,Charlotte Men's Tennis vs Wichita State,"Charlotte, N.C.",low
2026-03-21,Saturday,Charlotte Women's Soccer Vs. Davidson,Irwin Belk Track Complex,low
2026-03-21,Saturday,Sky Happiness Retreat,Cone University Center,low
2026-03-21,Saturday,Adventure Through Atkins: Library Resources for Campus Caregivers,Atkins Library - Visualization Lab,low
2026-03-21,Saturday,No Sidelines: Stepperz Field Day,49th Acre,low
2026-03-21,Saturday,CAB Sports Night: Charlotte Hornets,Spectrum Center,low
2026-03-21,Saturday,2026 Under Construction,,low
2026-03-22,Sunday,Charlotte Men's Golf at Round 3- Greatwaters Course at Lake Oconee,"Lake Oconee, Ga.",low
2026-03-22,Sunday,Sky Happiness Retreat,Cone University Center,low
2026-03-22,Sunday,Charlotte Men's Tennis vs Liberty,"Charlotte, N.C.",low
2026-03-23,Monday,Women in Data Science (WiDS) Conference,Popp Martin Student Union,medium
2026-03-23,Monday,Adverse Childhood Experiences and Healthcare Utilization: Examining Effect Modification by Respiratory Disease Complexity Among US Adults,College of Health & Human Services (CHHS),low
2026-03-23,Monday,Formatting and Submitting Your Thesis or Dissertation,,low
2026-03-23,Monday,March 23: SCEC Chapter Meeting,,low
2026-03-23,Monday,High School Principals' Perceptions of the Value of Music Education in a North Carolina School District,Register through this form to receive Zoom link: http://bit.ly/3L2dE5U,low
2026-03-23,Monday,A Qualitative Case Study on the Effectiveness of Blended Project Leadership Training in Transferring E-Leadership Competencies in Corporate Settings,Register through this form to receive Zoom link: http://bit.ly/3L2dE5U,low
2026-03-23,Monday,Microcredential Minute: Inside H.E.L.P,,low
2026-03-23,Monday,Qualtrics 103,Cone University Center,low
2026-03-23,Monday,"A Comparison of Emotion Measures: AI, Self-Report, and Other-Report in the Context of Job Interviews",Mebane Hall,low
2026-03-23,Monday,Career Meet Up: On-Campus Experiential Learning Opportunities,,low
2026-03-23,Monday,Genomic and Transcriptional Variation in the Cnidarian Heat Shock Factor Gene Network,Bioinformatics,low
2026-03-23,Monday,Grad School 101: Start Your Program Search with Confidence,,low
2026-03-23,Monday,Spring 2026 Grad Student and Postdoctoral Writing Group,Atkins 146,low
2026-03-23,Monday,Kaffeeklatsch,Mebane,low
2026-03-23,Monday,Scrubbed For Success,Cone University Center,low
2026-03-23,Monday,Breaking Barriers in Sports Media,Fretwell 106,low
2026-03-23,Monday,Have you Read your Feminist Literature?,Belk Lounge 325,low
2026-03-23,Monday,Monday Night Bible Study,College of Health & Human Services (CHHS),low
2026-03-24,Tuesday,"Diverse Souls, Common Goals: Spirituality and Religiosity's Role in Corporate Success",Friday,low
2026-03-24,Tuesday,"Vanderbilt University  Master’s of Engineering, Master’s of Science and PhD programs Information Session",,low
2026-03-24,Tuesday,Duke Energy Focus Group: Inclusion in the Workplace,Atkins Library,low
2026-03-24,Tuesday,Niner Knowledge: Hidden GEMS - From Prompting to Partnerships in Everyday AI,,low
2026-03-24,Tuesday,Career Meet Up: Community-based Experiential Learning Opportunities,,low
2026-03-24,Tuesday,Career Meet Up: On-Campus Experiential Learning Opportunities,,low
2026-03-24,Tuesday,Career Meet Up: Resume Writing Basics,,low
2026-03-24,Tuesday,JPMorgan Chase Commercial & Specialized Industries and Commercial Real Estate Internship Overview,,low
2026-03-24,Tuesday,Canine Connections,Star Quad,low
2026-03-24,Tuesday,Study Abroad Peer Advising,College of Health & Human Services (CHHS),low
2026-03-24,Tuesday,International Women's Day,Cone University Center,low
2026-03-24,Tuesday,International Women's Day Celebration,Cone University Center,low
2026-03-24,Tuesday,LAVENDER-COLORED GLASSES: THE IMPACT OF SOCIAL SUPPORT ON SEXUAL IDENTITY DISCLOSURE AND LIFE SATISFACTION,Register through this form to receive Zoom link: http://bit.ly/3L2dE5U,low
2026-03-24,Tuesday,NC 401(k) and NC 457 Plans en Español,,low
2026-03-24,Tuesday,Ace Your Graduate School Application: Tips and Tricks for Succes,,low
2026-03-24,Tuesday,Alcoholics Anonymous (AA),Waddell Center for Student Health and Wellbeing,low
2026-03-24,Tuesday,Procrastination Workshop Series - March Sessions,"Visualization Lab, J. Murrey Atkins Library, 2nd floor",low
2026-03-24,Tuesday,Employer Connection Dinner 2026 - Student Registration,,low
2026-03-24,Tuesday,Industry Meet Up: Career Fair Prep with Charter Schools USA,,high
2026-03-24,Tuesday,Mentor Matchmaking Program Launch Party,CO-LAB,low
2026-03-24,Tuesday,Crocheting Club Beginner Workshop,Friday,low
2026-03-24,Tuesday,Domestic Hot Water Learning Event/Scholarship Interest,Duke 345,low
2026-03-24,Tuesday,Weekly Meeting Option 1 of 2,Fretwell,low
2026-03-24,Tuesday,Spring Student Sustainability Summit,EPIC 3222,medium
2026-03-24,Tuesday,Mock Interview Night,Mebane,low
2026-03-24,Tuesday,Faculty & Friends: Voice Area Showcase,Rowe,low
2026-03-25,Wednesday,Career Trek: TIAA,,low
2026-03-25,Wednesday,"INVESTIGATING THE MODERATING EFFECTS OF POVERTY, FINANCIAL LITERACY, AND SMART CITY DESIGN ON POTENTIAL KEY DRIVERS OF ZERO-WASTE LIFESTYLE ADOPTION",Dubois Center at UNC Charlotte Center City,low
2026-03-25,Wednesday,Study Abroad Peer Advising,College of Health & Human Services (CHHS),low
2026-03-25,Wednesday,Building Community with the Periodic Table of Emotions,,low
2026-03-25,Wednesday,FIRST-YEAR ELEMENTARY TEACHERS’ PERCEPTIONS OF CHALLENGES AND PREPAREDNESS IN A POST-PANDEMIC CONTEXT,Register through this form to receive Zoom link: http://bit.ly/3L2dE5U,low
2026-03-25,Wednesday,Happiness: A Key  to Life’s Satisfaction Webinar,,none
2026-03-25,Wednesday,NC 401(k) and NC 457 Plans Retirement Readiness,,low
2026-03-25,Wednesday,Tips for Navigating the Job Search After Graduation,,low
2026-03-25,Wednesday,Pop! Into Student Involvement,Popp Martin Student Union,medium
2026-03-25,Wednesday,"DEVELOPMENT, CHARACTERIZATION, AND DELIVERY OF FUNCTIONAL NUCLEIC ACID NANOPARTICLES DESIGNED FOR BIOMEDICAL APPLICATIONS",Friday,low
2026-03-25,Wednesday,EXPLORING RURAL STUDENTS’ TRANSFER EXPERIENCES AND PERCEPTIONS OF RURAL IDENTITY IN NORTH CAROLINA THROUGH THE LENS OF RURAL CULTURAL WEALTH AND TRANSFER STUDENT CAPITAL,Register through this form to receive Zoom link: http://bit.ly/3L2dE5U,low
2026-03-25,Wednesday,Climate Change Quilt Workshop,"Area 49 Makerspace, Atkins Library 2nd Floor",low
2026-03-25,Wednesday,Career Meet Up: Internships vs Co-ops Experiential Learning Opportunities,,low
2026-03-25,Wednesday,CRES Advanced Reservations: SOLD Workshop,Popp Martin Student Union,medium
2026-03-25,Wednesday,Peer Talk: Mastering Linkedin,Friday,low
2026-03-25,Wednesday,"Leveraging SOAR (Security Orchestration, Automation, and Response) to respond to Security Events",Smith 303,low
2026-03-25,Wednesday,"Personally Speaking: ""Singing with the Mountains: Narratives of God and Language in Islam and Afghanistan"" featuring Will Sherman, Ph.D.",Atkins Library,low
2026-03-25,Wednesday,Athletic Conditioning Pop Up,Irwin Belk Track & Field Complex,low
2026-03-25,Wednesday,USI Insurance Services Speaker Meeting,Friday,low
2026-03-25,Wednesday,Weekly Meeting Option 1 of 2,Denny,low
2026-03-25,Wednesday,(SEO) Student Early Opportunities,Smith 325,low
2026-03-25,Wednesday,$5 InBody Composition Night,University Recreation Center,low
2026-03-25,Wednesday,CPA Webinar Series - How to get licensed,Online,none
2026-03-25,Wednesday,Mock Interview Night,Mebane,low
2026-03-25,Wednesday,Babes & Bowties,Popp Martin Student Union,medium
2026-03-25,Wednesday,Internship Apocalypse,Woodward 335,low
2026-03-25,Wednesday,OAS Network Night,Cone University Center,low
2026-03-25,Wednesday,Crocheting Club General Meeting,McEniry,low
2026-03-25,Wednesday,ELSO Scribble Sessions - Spring 2026,,low
2026-03-25,Wednesday,Wednesday Night Live,Popp Martin Student Union,medium
2026-03-25,Wednesday,Worship & Build Your Own Snack Mix,Fretwell,low
2026-03-25,Wednesday,Aerospace Movie Night,Popp Martin Student Union,medium
2026-03-26,Thursday,Strategic Narratives: Crafting Data-Driven Grant Proposals,Dubois Center at UNC Charlotte Center City,low
2026-03-26,Thursday,A Walkshop on Narrative Intelligence: The Power of Story in Your Teaching,McMillan Greenhouse,low
2026-03-26,Thursday,"Question, Persuade, Refer (QPR) Training",Popp Martin Student Union,medium
2026-03-26,Thursday,Earth Month Tour Series: Botanical Gardens,UNC Charlotte Botanical Gardens,low
2026-03-26,Thursday,Introduction to EndNote,Online,low
2026-03-26,Thursday,Munch & Mingle with Deloitte,,low
2026-03-26,Thursday,Think About It Thursday- Educational Leadership EDD,,low
2026-03-26,Thursday,Understanding Required Minimum Distributions (RMDs),,low
2026-03-26,Thursday,Workshop: AI-Powered Networking for Data & Analytics Careers,University Career Center,low
2026-03-26,Thursday,Spring Transfer Social,Colvard,low
2026-03-26,Thursday,Spring Transfer Student Social,Colvard,low
2026-03-26,Thursday,Public Safety Employees: What Happens When You Leave NC 401(k) and NC 457 Plans,,low
2026-03-26,Thursday,Study Abroad Table,Popp Martin Student Union,medium
2026-03-26,Thursday,Fizz and Fuzz,Popp Martin Student Union,medium
2026-03-26,Thursday,PAL Session - EXER 2169 (SMITH 204),SMITH 204,none
2026-03-26,Thursday,PAL Session - CHEM 2131 (ONLINE),Online,none
2026-03-26,Thursday,PAL Session - ECON 2101 (ONLINE),Online,none
2026-03-26,Thursday,PAL Session - MATH 2241 (MCEN 118),MCEN 118,none
2026-03-26,Thursday,FROM CLASSROOM TO REAL-WORLD: LEVERAGING AI-POWERED EXPERIENTIAL LEARNING TO ENHANCE COMMUNICATIVE COMPETENCE AMONG INTERMEDIATE LEVEL MANDARIN LEARNERS IN HIGHER EDUCATION,Mebane Hall,low
2026-03-26,Thursday,Know Before You Go: Essential Steps for Newly Admitted Students,,high
2026-03-26,Thursday,PAL Session - MATH 1241 (SMITH 217),SMITH 217,none
2026-03-26,Thursday,PAL Session - MATH 2171 (FRIDY 383),FRIDY 383,none
2026-03-26,Thursday,PAL Session: ENGR 1301 (COLVD 5092),COLVD 5092,none
2026-03-26,Thursday,SMART Recovery (Virtual Group),,none
2026-03-26,Thursday,PAL Session: PSYC 1101 (MACY 206),MACY 206,none
2026-03-26,Thursday,"Philosophy, Critical Theory, and Critical Times: Roundtable Discussion",Atkins Library - Halton Reading Room,low
2026-03-26,Thursday,Industry Meet Up: Career Fair Prep with Charter Schools USA,,high
2026-03-26,Thursday,PAL Session - MATH 1242 (MCEN 401),MCEN 401,none
2026-03-26,Thursday,PAL Session: BIOL 2120 (ONLINE),Online,none
2026-03-26,Thursday,Charlotte Sports Analytics Club Weekly Meeting,Friday,low
2026-03-26,Thursday,PAL Session: ECON 3125 (SMITH 219),SMITH 219,none
2026-03-26,Thursday,Industry Insight #3: Biomedical — SHPE x BMES,SUPER FAB LAB,low
2026-03-26,Thursday,Niner Media Workshop Series: News Photography with Charlotte Observer,College of Health & Human Services (CHHS),low
2026-03-26,Thursday,PAL Session: ACCT 2121 (ONLINE),Online,none
2026-03-26,Thursday,PAL Session: ECON 2102 (COLVD 5092),COLVD 5092,none
2026-03-26,Thursday,SHPExBMES Industry Night (Cancelled),Super Fab Lab,low
2026-03-27,Friday,Reel Discussions: Free Expression & Democracy in Cinema,J. Murrey Atkins Library,low
2026-03-27,Friday,Master of Public Health - Admissions Virtual Drop-In Hour,,none
2026-03-27,Friday,Public Speaking: Presentation Strategies for Professional Success,,low
2026-03-27,Friday,Education Career Fair 2026,,high
2026-03-27,Friday,Niner Finances Walk In Hours,King Building ,low
2026-03-27,Friday,PAL Session: EXER 2168 (FRIDY 128),FRIDY 128,none
2026-03-27,Friday,Walk In Hours,King,low
2026-03-27,Friday,‘NEWSFLUENCER’ IMPACT ON CONSUMERS’ INTENTION TO CHECK FOR MISINFORMATION,Friday,low
2026-03-27,Friday,Charlotte Men's Tennis vs Rice,"Charlotte, N.C.",low
2026-03-27,Friday,ELSO Scribble Sessions - Midday Spring 2026 (Cancelled),,low
2026-03-27,Friday,IMPLEMENTING STANDARDIZED DEBRIEFINGS AFTER CRITICAL EVENTS: A QUALITY IMPROVEMENT PROJECT,College of Health & Human Services (CHHS),low
2026-03-27,Friday,Multi Dimensional Integration (MDI) Student Session  3/27   Full-Time Jobs,"EPIC Building, Room G-256 *basement level",low
2026-03-27,Friday,PAL Session: CHEM 1200 (ONLINE),Online,none
2026-03-27,Friday,PAL Session: ECON 2102 (ONLINE),Online,none
2026-03-27,Friday,Faculty Q&A Session about Charlotte Online,,none
2026-03-27,Friday,PAL Session: PSYC 2113 (ONLINE),ONLINE,none
2026-03-27,Friday,Skills for Working Across Countries and Cultures with Cefla,Atkins Library,low
2026-03-27,Friday,PAL Session: CHEM 1200 (DENNY 215),DENNY 215,none
2026-03-27,Friday,"Exploring the Relationships Between Employee Creativity, Perceived Threats to Professional Identity, Supervisor Trust, and Intent to Use Generative Artificial Intelligence for Creative Work",Register through this form to receive Zoom link: http://bit.ly/3L2dE5U,low
2026-03-27,Friday,PAL Session - CHEM 1251 (ONLINE),Online,none
2026-03-27,Friday,PAL Session - PHIL 2105 (ONLINE),ONLINE,none
2026-03-27,Friday,PAL Session - PHYS 1102 (ONLINE),ONLINE,none
2026-03-27,Friday,PAL Session - PSYC 1101 (ONLINE),ONLINE,none
2026-03-27,Friday,PAL Session - PHYS 2101 (Online),ONLINE,none
2026-03-27,Friday,PAL Session - PHYS 2101 (ONLINE) (Cancelled),ONLINE,none
2026-03-27,Friday,PAL Session: ECON 2101 (COLVD 2006),COLVD 2006,none
2026-03-27,Friday,Enterprise Computing with IBM & Career talk (RSVP Required),"Woodward 106, University of North Carolina at Charlotte",low
2026-03-27,Friday,PAL Session - COMM 2100 (ONLINE),Online,none
2026-03-27,Friday,PAL Session - EXER 2169 (ONLINE),ONLINE,none
2026-03-27,Friday,PAL Session: ECON 3125 (ONLINE),Online,none
2026-03-27,Friday,PAL Session - MATH 1242 (ONLINE),ONLINE,none
2026-03-27,Friday,PAL Session - CHEM 1252 (ONLINE),Online,none
2026-03-27,Friday,Charlotte Baseball Vs. South Florida,Robert & Mariam Hayes Stadium,low
2026-03-27,Friday,Charlotte Softball Vs. North Texas,D.L. Phillips Softball Complex,low
2026-03-27,Friday,Jerseys and Jumpshots,Cone University Center,low
2026-03-28,Saturday,Scenic Heights Hike,Pisgah National Forest,low
2026-03-28,Saturday,The Gold Bar Powerlifting Meet,Belk Gym,low
2026-03-28,Saturday,CCI Open House,,high
2026-03-28,Saturday,Alumni Luncheon,Fretwell,low
2026-03-28,Saturday,Charlotte Softball Vs. North Texas,D.L. Phillips Softball Complex,low
2026-03-28,Saturday,Charlotte Baseball Vs. South Florida,Robert & Mariam Hayes Stadium,low
2026-03-28,Saturday,Nouveau Now,Carolina Theatre,low
2026-03-29,Sunday,Charlotte Men's Tennis vs UTSA,"Charlotte, N.C.",low
2026-03-29,Sunday,Charlotte Softball Vs. North Texas,D.L. Phillips Softball Complex,low
2026-03-29,Sunday,Charlotte Baseball Vs. South Florida,Robert & Mariam Hayes Stadium,low
2026-03-29,Sunday,Nouveau Now,Carolina Theatre,low
2026-03-30,Monday,Charlotte Women's Golf at Day 1 - 36 Holes- Mimosa Hills Golf Club,"Morganton, N.C.",low
2026-03-30,Monday,Registration for Summer 2026 and Fall 2026 begins,UNC Charlotte Academic Calendar,low
2026-03-30,Monday,Unsatisfactory web mid-term grading access available for Second-Half Term,UNC Charlotte Academic Calendar,low
2026-03-30,Monday,Career Meet Up: Imposter Syndrome & Interviewing,,low
2026-03-30,Monday,"Sometimes, occasionally, often not a good idea: How intermediate items threaten the validity of Likert scales",Friday,low
2026-03-30,Monday,Dimension Reduction of Conditional Quantiles for Functional Data with Its Extension,Friday,low
2026-03-30,Monday,The Impact of Propaganda on Civilian Casualties in the Russian-Ukrainian War,Fretwell,low
2026-03-30,Monday,Career Meet Up: Interviewing 101,,low
2026-03-30,Monday,Negotiating Your Employment Offer,,low
2026-03-30,Monday,Classic McEliece Algorithms in Transport Layer Security Protocol Safeguarding Internet Traffic from Looming Quantum Computer Attacks,Register through this form to receive Zoom link: http://bit.ly/3L2dE5U,low
2026-03-30,Monday,LSAT 101,,low
2026-03-30,Monday,"Pre-Law 101: Academics, Experience, and More",,low
2026-03-30,Monday,Spring 2026 Grad Student and Postdoctoral Writing Group,Online Portion: Register for Zoom link,low
2026-03-30,Monday,A Binding Truth Screening & Panel Discussion,"Bonnie Cone Center, McKnight Hall",low
2026-03-30,Monday,Prism General Body Meeting,Fretwell,low
2026-03-30,Monday,March Coffee Hour,Cone University Center,low
2026-03-30,Monday,Gospel Choir,Rowe,low
2026-03-31,Tuesday,Charlotte Women's Golf at Final Round- Mimosa Hills Golf Club,"Morganton, N.C.",low
2026-03-31,Tuesday,"CEO Age, Tenure, and Firm Outcomes: The Moderating Role of CEO Origin in CSR and Financial Performance",Friday,low
2026-03-31,Tuesday,Earth Day Festival,Belk Plaza,medium
2026-03-31,Tuesday,Grad School 101: Start Your Program Search with Confidence,,low
2026-03-31,Tuesday,HOW BLACK WOMEN FORMER STUDENT-ATHLETES AT PREDOMINANTLY WHITE INSTITUTIONS EXPERIENCE THEIR TRANSITION TO A LIFE AFTER SPORTS,Mebane Hall,low
2026-03-31,Tuesday,Swap Til Ya Drop Clothing Swap Shop,Belk Plaza,low
2026-03-31,Tuesday,Career Meet Up: Recorded Video Interview Success: Tips to Impress Before You Even Meet the Recruiter led by Truist,,low
2026-03-31,Tuesday,Jamil Niner Student Pantry: Tuesday Volunteer Shifts,Jamil Niner Student Pantry,low
2026-03-31,Tuesday,Career Meet Up: Preparing for a Technical Interview,,low
2026-03-31,Tuesday,Career Meet Up: Using AI to Prep for Your Engineering Interview,,low
2026-03-31,Tuesday,Becoming Black & Remaining Caribbean: Navigating Identity and Race as Immigrant Educators,College of Education (CoEd),low
2026-03-31,Tuesday,Public Safety Employees: NC 401(k) and NC 457 Plans Retirement Readiness,,low
2026-03-31,Tuesday,Beyond Summary: Strategies for Effective Literature Synthesis,Atkins 146,low
2026-03-31,Tuesday,Career Meet Up: Preparing for a Virtual Interview,,none
2026-03-31,Tuesday,Study Abroad Peer Advising,College of Health & Human Services (CHHS),low
2026-03-31,Tuesday,Welcome Meeting,Woodward,low
2026-03-31,Tuesday,Career Meet Up: Interviewing for Introverts,,low
2026-03-31,Tuesday,Diversity & Leadership: Appointment of Veterans to the Board of Directors Following a Crisis,Friday,low
2026-03-31,Tuesday,Alcoholics Anonymous (AA),Waddell Center for Student Health and Wellbeing,low
2026-03-31,Tuesday,Procrastination Workshop Series - March Sessions,"Visualization Lab, J. Murrey Atkins Library, 2nd floor",low
2026-03-31,Tuesday,Charlotte Softball Vs. Western Carolina,D.L. Phillips Softball Complex,low
2026-03-31,Tuesday,Crocheting Club Beginner Workshop,Friday,low
2026-03-31,Tuesday,Guest Speaker: Ken Williams Weekly Meeting Option 1 of 2,Fretwell,low
2026-03-31,Tuesday,Discover Lasting Solutions,College of Health & Human Services (CHHS),low
2026-03-31,Tuesday,GBM - Pharmacy School: Applications & Prep (Cancelled),Friday 385,low
2026-04-01,Wednesday,Implementing the Dynamic Appraisal of Situational Aggression (DASA) Tool in a Medical-Surgical Unit to Decrease Workplace Violence,College of Health & Human Services (CHHS),low
2026-04-01,Wednesday,CORPORATE INVESTMENT IN SINGLE-FAMILY RENTAL HOUSING IN CHARLOTTE,McEniry,low
2026-04-01,Wednesday,AGENTIC TOOL-AUGMENTED CAUSAL REASONING AND TEMPORAL LOCALIZATION FOR MULTIMODAL QUESTION ANSWERING,Register through this form to receive Zoom link: http://bit.ly/3L2dE5U,low
2026-04-01,Wednesday,EXAMINING THE EXPERIENCES OF LINGUISTICALLY AND CULTURALLY DIVERSE  EDUCATORS WORKING IN PUBLIC HIGH SCHOOLS,Register through this form to receive Zoom link: http://bit.ly/3L2dE5U,low
2026-04-01,Wednesday,Funding Your Future: Navigating Graduate Funding Strategies,,low
2026-04-01,Wednesday,Spring Commencement Fair,Barnes & Noble Charlotte,high
2026-04-01,Wednesday,V.I.T.A,Popp Martin Student Union,medium
2026-04-01,Wednesday,Jamil Niner Student Pantry: Wednesday Volunteer Shifts,Jamil Niner Student Pantry,low
2026-04-01,Wednesday,Bake For The Flow,Belk Plaza,low
2026-04-01,Wednesday,Career Meet Up: How to Get An Internship,,low
2026-04-01,Wednesday,Controlled Growth of Tellurium Network Structures for Multi-Spectral  Photodetector Applications,Duke Centennial Hall,low
2026-04-01,Wednesday,Niner Nation Gives: The Big Student Event,Cauble Quad (formerly CHHS/CoEd Plaza),low
2026-04-01,Wednesday,Study Abroad Peer Advising,College of Health & Human Services (CHHS),low
2026-04-01,Wednesday,The Impact of Stroke Rounds on Hospitalized Stroke Patients and Their Practitioners,College of Health & Human Services (CHHS),low
2026-04-01,Wednesday,TTX - Employer in the Foyer,Woodward Hall Second Floor,low
2026-04-01,Wednesday,Free Lunch & Learn: Careers in Accounting & CPA Pathways,Friday,low
2026-04-01,Wednesday,New Accessibility Policy: What it means for Teaching,,low
2026-04-01,Wednesday,Career Meet Up: Presenting Yourself as a Creative,,low
2026-04-01,Wednesday,MAKING SENSE OF HOUSE BILL 986 IN A SMALL RURAL NORTH CAROLINA SCHOOL: A TEACHER’S PERSPECTIVE,Mebane Hall,low
2026-04-01,Wednesday,Networking Never Stops: Strategies for Building Your Social Capital as a New Professional,,low
2026-04-01,Wednesday,Niner Nation Gives: Popsicle Sale,Outside of Student Union,low
2026-04-01,Wednesday,Environmental and Species Variation of DNA Methylation in Model Cnidarians,Bioinformatics,low
2026-04-01,Wednesday,Pop! Into Student Involvement,Popp Martin Student Union,medium
2026-04-01,Wednesday,Canvas Accessibility with UDOIT,,low
2026-04-01,Wednesday,Career Meet Up: Interviewing for Medical School,,low
2026-04-01,Wednesday,"Lunch & Learn: Intern Like a Pro: Skills, Savvy & Office Etiquette",Popp Martin Student Union,medium
2026-04-01,Wednesday,Career Meet Up: My First Professional Interview,,low
2026-04-01,Wednesday,"ADVANCING GENOME VISUALIZATIONS OF HIGH-DIMENSIONAL, SPARSE SINGLE CELL DATA FOR DEEPER INSIGHTS",Woodward,low
2026-04-01,Wednesday,Lake Days,Hechenbleikner Lake,low
2026-04-01,Wednesday,Career Meet Up: Behavioral Interviewing,,low
2026-04-01,Wednesday,Digital Humanities Meetup: Collaborating Across Disciplines,Atkins Library,low
2026-04-01,Wednesday,SYNTHESIS AND CHARACTERIZATION OF NANOSCALE ZEOLITIC MATERIALS FOR WATER PURIFICATION AND SENSING OF WATERBORNE CONTAMINANTS,Smith,low
2026-04-01,Wednesday,BBQ in Industry,Harris Alumni Center,low
2026-04-01,Wednesday,CS Create Meeting **New CS Organization**,Friday,low
2026-04-01,Wednesday,Deloitte Case Prep Workshop,,low
2026-04-01,Wednesday,Ethos Initiative Event!! Politically Themed!!,Fretwell,low
2026-04-01,Wednesday,Guest Speaker,Denny Room 122,low
2026-04-01,Wednesday,"Guest Speaker: Q&A with Dr. Cossari [PharmD, BCPS]",Online,low
2026-04-01,Wednesday,Study Hall: Weekly Meeting Option 2 of 2,Denny,low
2026-04-01,Wednesday,"The April Fools, HAVK Sprint (Registration Required)",Woodward,low
2026-04-01,Wednesday,GBM - Pharmacy School: Applications & Prep (Cancelled),Friday 385,low
2026-04-01,Wednesday,Crocheting Club General Meeting,McEniry,low
2026-04-01,Wednesday,ELSO Scribble Sessions - Spring 2026,,low
2026-04-01,Wednesday,Wednesday Night Live,College of Health & Human Services (CHHS),low
2026-04-01,Wednesday,Worship & Soda Bar,Fretwell,low
2026-04-02,Thursday,Unsatisfactory mid-term grades due by for Second-Half Term,UNC Charlotte Academic Calendar,low
2026-04-02,Thursday,CLT AI Summit,Dubois Center at UNC Charlotte Center City,medium
2026-04-02,Thursday,Media Literacy Matters Conference,Atkins Library,medium
2026-04-02,Thursday,Media Literacy Matters Conference: Empowering Critical Thinkers in a Digital World,J. Murrey Atkins Library - Halton Room,medium
2026-04-02,Thursday,The Double-Edged Sword: How to Be Perfect Without Being Perfect: An Interpretative Phenomenological Study of Gifted Black Girls Navigating Perfectionism in Academic and Social Contexts,College of Education (CoEd),low
2026-04-02,Thursday,Ace Your Graduate School Application: Tips and Tricks for Success,,low
2026-04-02,Thursday,Presidents' Leadership Workshop,Popp Martin Student Union,medium
2026-04-02,Thursday,Spring Commencement Fair,Barnes & Noble Charlotte,high
2026-04-02,Thursday,Career Meet Up: Using AI to Prep for an Interview,,low
2026-04-02,Thursday,Jamil Niner Student Pantry: Thursday Volunteer Shifts,Jamil Niner Student Pantry,low
2026-04-02,Thursday,Driving the Social Mobility of Black Men in America,Register through this form to receive Zoom link: http://bit.ly/3L2dE5U,low
2026-04-02,Thursday,Free Lunch & Learn: Data-Driven Careers in Economics,Friday,low
2026-04-02,Thursday,Earth Month Tour Series: Campus Recycling and Waste Management,Facilities Management Police and Public Safety,low
2026-04-02,Thursday,Preserving user privacy on skeleton-based motion data,Woodward,low
2026-04-02,Thursday,Safer Drinking: Bystander Intervention,Popp Martin Student Union,medium
2026-04-02,Thursday,Safer Drinking: Bystander Intervention Workshop,Popp Martin Student Union,medium
2026-04-02,Thursday,Adopt A Spot Clean Up,Cameron Blvd and Martin Village Road,low
2026-04-02,Thursday,Career Meet Up: Acing the Second Round Interview,,low
2026-04-02,Thursday,M.S. in Financial Engineering and Fintech: Lunch & Learn,Friday,low
2026-04-02,Thursday,NURSE EDUCATION ON THE INPATIENT BEHAVIORAL ACUITY TOOL (IBAT),College of Health & Human Services (CHHS),low
2026-04-02,Thursday,Study Abroad Table,Popp Martin Student Union,medium
2026-04-02,Thursday,Video Games as Literacy Playgrounds: A Youth Participatory Action Research Study with Black Boys in a Passionate Affinity Space,Register through this form to receive Zoom link: http://bit.ly/3L2dE5U,low
2026-04-02,Thursday,Harnessing Peripheral Surface Information Entropy to Characterize Biomolecular Recognition and Osmotic Stress Response,Register through this form to receive Zoom link: http://bit.ly/3L2dE5U,low
2026-04-02,Thursday,Canvas Accessibility with UDOIT,,low
2026-04-02,Thursday,Career Meet Up: Managing Interview Stress,,low
2026-04-02,Thursday,AI for Personalizing Support: From Qualitative Analysis of Social Support  Exchanges to Developing a Retrieval-Augmented Generation PrEP Chatbot,Woodward,low
2026-04-02,Thursday,Consent Carnival,South Village Dining Hall (SoVi),low
2026-04-02,Thursday,International Coffee Hour,Popp Martin Student Union,medium
2026-04-02,Thursday,SMART Recovery (Virtual Group),,none
2026-04-02,Thursday,Career Meet Up: Interviewing for Social Work and Helping Roles,,low
2026-04-02,Thursday,Take Flight at Piedmont: Panel & Networking,,low
2026-04-02,Thursday,The View Above in Corporate and Crisis Communication,,low
2026-04-02,Thursday,Charlotte Sports Analytics Club Weekly Meeting,Friday,low
2026-04-02,Thursday,Earth Month Film Series: Women of Carbon,EPIC,low
2026-04-02,Thursday,BMES GBM:  Project Meeting - Companion Robot Project Meeting - Feature 49er Robotics,Kennedy,low
2026-04-02,Thursday,NCPIRG Hunger & Homelessness Campaign Planning,McEniry,low
2026-04-02,Thursday,Niner Media Workshop Series: Video Production with Lloyd Visuals,Popp Martin Student Union,medium
2026-04-02,Thursday,Rhythm,College of Health & Human Services (CHHS),low
2026-04-03,Friday,Charlotte Men's Golf at Round 1- Vanderbilt Legends Club - South Course,"Nashville, Tenn.",low
2026-04-03,Friday,"Integrating Machine Learning Into The CFD Workflow: Data-Driven Tools For Meshing, Turbulence Model Enhancement, and Flow Analysis",Duke Centennial Hall,low
2026-04-03,Friday,English Graduate Student Association Symposium,Popp Martin Student Union,medium
2026-04-03,Friday,Master of Public Health - Admissions Virtual Drop-In Hour,,none
2026-04-03,Friday,Distracted but Driven: How Coping Strategies Impact the Relationship Between ADHD Traits and Entrepreneurial Venturing,Dubois Center at UNC Charlotte Center City,low
2026-04-03,Friday,Graduate Admissions Virtual Office Hours,,none
2026-04-03,Friday,Niner Finances Walk In Hours,King Building ,low
2026-04-03,Friday,PAL Session: EXER 2168 (FRIDY 128),FRIDY 128,none
2026-04-03,Friday,Walk In Hours,King,low
2026-04-03,Friday,Addressing geographic disparities in access to care during the fourth trimester,College of Health & Human Services (CHHS),low
2026-04-03,Friday,Career Meet Up: Preparing for a Virtual Interview,,none
2026-04-03,Friday,Charlotte Men's Tennis at South Florida,"Tampa, Fl.",low
2026-04-03,Friday,ELSO Scribble Sessions - Midday Spring 2026 (Cancelled),,low
2026-04-03,Friday,PAL Session: CHEM 1200 (ONLINE),Online,none
2026-04-03,Friday,PAL Session: ECON 2102 (ONLINE),Online,none
2026-04-03,Friday,PAL Session: PSYC 2113 (ONLINE),ONLINE,none
2026-04-03,Friday,PAL Session: CHEM 1200 (DENNY 215),DENNY 215,none
2026-04-03,Friday,PAL Session - CHEM 1251 (ONLINE),Online,none
2026-04-03,Friday,PAL Session - PHIL 2105 (ONLINE),ONLINE,none
2026-04-03,Friday,PAL Session - PHYS 1102 (ONLINE),ONLINE,none
2026-04-03,Friday,PAL Session - PSYC 1101 (ONLINE),ONLINE,none
2026-04-03,Friday,"The Hidden Power of Latino-Owned Businesses in the U.S. Economy Growth: Examining the Role of Familism, Family Support, Work Ethic, and Documentation Status in Business Performance, with Access to Capital as a Moderator",Dubois Center at UNC Charlotte Center City,low
2026-04-03,Friday,PAL Session - PHYS 2101 (Online),ONLINE,none
2026-04-03,Friday,PAL Session - PHYS 2101 (ONLINE) (Cancelled),ONLINE,none
2026-04-03,Friday,PAL Session: ECON 2101 (COLVD 2006),COLVD 2006,none
2026-04-03,Friday,What’s Music Got To Do With It? Exploring Communication,Rowe,low
2026-04-03,Friday,Niners with Novels Reading Club Meeting,Friday,low
2026-04-03,Friday,PAL Session - COMM 2100 (ONLINE),Online,none
2026-04-03,Friday,"THE LONG AND WINDING ROAD (TO WORK): COMMUTE TIME IMPACTS ON WORKPLACE DEVIANCE, TURNOVER INTENT, AND JOB SATISFACTION",Register through this form to receive Zoom link: http://bit.ly/3L2dE5U,low
2026-04-03,Friday,PAL Session - EXER 2169 (ONLINE),ONLINE,none
2026-04-03,Friday,PAL Session: ECON 3125 (ONLINE),Online,none
2026-04-03,Friday,PAL Session - MATH 1242 (ONLINE),ONLINE,none
2026-04-03,Friday,PAL Session - CHEM 1252 (ONLINE),Online,none
2026-04-03,Friday,Weekly Art Meet-Up,College of Health & Human Services (CHHS),low
2026-04-03,Friday,EmpowerHER: Excellence Gala,Popp Martin Student Union,medium
2026-04-03,Friday,"LEGENDARY GAME NIGHT (we back, with NEW games!)",College of Health & Human Services (CHHS),low
2026-04-03,Friday,Love The Game : Basketball Shootout,Belk Gym,low
2026-04-03,Friday,MOVE Dance Alliance - Spring Showcase,Open door studio,low
2026-04-03,Friday,Legendary x Niner Notes Presents: Wild N' Out,Cone University Center,low
2026-04-04,Saturday,Charlotte Men's Golf at Round 2- Vanderbilt Legends Club - South Course,"Nashville, Tenn.",low
2026-04-04,Saturday,Spring 2026 Stream Cleanup/Tree Maintenance,Kirk Farm Fields,low
2026-04-04,Saturday,UNCC Women's Rugby Away Match vs Wake Forest,Wake Forest Rugby Field,low
2026-04-04,Saturday,BMES - Mini BEE Series,Charlotte Mecklenburg Library – University City Regional,low
2026-04-04,Saturday,Field Day (NSA x GSA x CSA),Northeast Recreational Field Complex,low
2026-04-04,Saturday,MOVE Dance Alliance - Spring Showcase,Open door studio,low
2026-04-04,Saturday,The Riff-Off,Cone University Center,low
2026-04-05,Sunday,Charlotte Men's Golf at Round 3- Vanderbilt Legends Club - South Course,"Nashville, Tenn.",low
2026-04-05,Sunday,Whitewater Wonders - River Rafting,TBD based on river levels,low
2026-04-05,Sunday,Whitewater Wonders: River Rafting,TBD based on river levels,low
2026-04-05,Sunday,Charlotte Men's Tennis at Florida Atlantic,"Boca Raton, Fl.",low
2026-04-06,Monday,Charlotte Women's Golf vs Round 1- Traditions Club at Texas A&M,"Bryan, Texas",low
2026-04-06,Monday,Unsatisfactory mid-term grade notices emailed to students for Second-Half Term,UNC Charlotte Academic Calendar,none
2026-04-06,Monday,25th Annual Graduate Research Symposium,Popp Martin Student Union,medium
2026-04-06,Monday,Graduate Research Symposium,Popp Martin Student Union,medium
2026-04-06,Monday,PAL Session - EXER 2168 (ONLINE),ONLINE,none
2026-04-06,Monday,PAL Session - PHYS 2101 (COLVD 5090),COLVD 5090,none
2026-04-06,Monday,PAL Session: ACCT 2122 (COLVD 5092),COLVD 5092,none
2026-04-06,Monday,RANKING THE STIGMA: EXPERIMENTAL EVIDENCE ON HIRING BIAS IN CRIMINAL BACKGROUND CHECKS,Register through this form to receive Zoom link: http://bit.ly/3L2dE5U,low
2026-04-06,Monday,The Bitcoin Revolution: Toward an Initial Theoretical Framework,Dubois Center at UNC Charlotte Center City,low
2026-04-06,Monday,Utilization of ACOPF and DSO to Explore the Use of DERs in Distribution Systems,Register through this form to receive Zoom link: http://bit.ly/3L2dE5U,low
2026-04-06,Monday,PAL Session: CHEM 1200 (FRIDY 122),FRIDAY 122,none
2026-04-06,Monday,PAL Session: ACCT 2121 (ONLINE),Online,none
2026-04-06,Monday,PAL Session: PSYC 2113 (DENNY 105),DENNY 105,none
2026-04-06,Monday,Resumes with Teach for America,,low
2026-04-06,Monday,"Files and PDF Accessibility Checkers: Using Grackle, Adobe, and Microsoft Tools",,low
2026-04-06,Monday,PAL Session: ECON 2102 (FRIDY 130) (Cancelled),FRIDY 130,none
2026-04-06,Monday,Know Before You Go: Essential Steps for Newly Admitted Students,,high
2026-04-06,Monday,PAL Session - EXER 2169 (FRIDY 144),FRIDY 144,none
2026-04-06,Monday,PAL Session: ACCT 3323 (MCEN 123),MCEN 123,none
2026-04-06,Monday,Symposium: Interior Ecologies,Storrs,medium
2026-04-06,Monday,PAL Session - PHYS 2101 (FRIDY 117) (Cancelled),FRIDY 117,none
2026-04-06,Monday,PAL Session - MATH 1242 (FRIDY 107),FRIDY 107,none
2026-04-06,Monday,PAL Session: CHEM 1251 (COLVD 5092),COLVD 5092,none
2026-04-06,Monday,PAL Session: ECON 2101 (FRIDY 122),FRIDY 122,none
2026-04-06,Monday,PAL Session - MATH 2164 (FRIDY 123),FRIDY 123,none
2026-04-06,Monday,PAL Session - PHYS 1102 (DENNY 203),DENNY 203,none
2026-04-06,Monday,Paddy Murphy Week - Car Wash,College Downs,low
2026-04-06,Monday,PAL Session - CHEM 2131 (FRIDAY 128),FRIDY 128,none
2026-04-06,Monday,PAL Session: BIOL 2120 (COLVD 5092),COLVD 5092,none
2026-04-06,Monday,Spring 2026 Grad Student and Postdoctoral Writing Group,Online Portion: Register for Zoom link,low
2026-04-06,Monday,Tea Brewing Methods Workshop,College of Health & Human Services (CHHS),low
2026-04-06,Monday,PAL Session: PSYC 1101 (COLVD 3140),COLVD 3140,none
2026-04-06,Monday,Kaffeeklatsch,Mebane,low
2026-04-06,Monday,PAL Session - CHEM 1252 (COLVD 5091),COLVD 5091,none
2026-04-06,Monday,RESCHEDULED January Coffee Hour,Cone University Center,low
2026-04-06,Monday,Beyond the Bet: SHPE x LUL Casino Night,Cone University Center,low
2026-04-06,Monday,BMES GBM: Project Meeting - One handed keyboard + Prosthetic Arm,Kennedy,low
2026-04-06,Monday,Machine Learning Workshop,Woodward 154,low
2026-04-06,Monday,Online Relaxing and Crafts with Area 49,,none
2026-04-06,Monday,PAL Session: ENGR 1301 (ONLINE),Online,none
2026-04-06,Monday,Art of Impact,UNC Charlotte,low
2026-04-06,Monday,Lambda Lunes,Popp Martin Student Union,medium
2026-04-06,Monday,Monday Night Bible Study,College of Health & Human Services (CHHS),low
2026-04-06,Monday,PAL Session - MATH 2164 (ONLINE),ONLINE,none
2026-04-06,Monday,Spring Semester Meeting - Soccer,Northeast Regional Field Complex,low
2026-04-07,Tuesday,Charlotte Women's Golf vs Round 2- Traditions Club at Texas A&M,"Bryan, Texas",low
2026-04-07,Tuesday,Last day to change Grade Type (P/NC or Audit,UNC Charlotte Academic Calendar,low
2026-04-07,Tuesday,Last day to Change or Opt-Out of Grade Replacement for Second-Half Term,UNC Charlotte Academic Calendar,low
2026-04-07,Tuesday,Last day to withdraw from course (s) for Second-Half Term; grade subject to Withdrawal Policy,UNC Charlotte Academic Calendar,none
2026-04-07,Tuesday,"Home Care Aides: How Client Loss Translates to Burnout, Turnover Intentions, and Job Satisfaction Over Time",Register through this form to receive Zoom link: http://bit.ly/3L2dE5U,low
2026-04-07,Tuesday,Campus Beautification Day,CRI Deck Bus Stop,low
2026-04-07,Tuesday,"Communicate, Collaborate, Succeed: Managing the Graduate/Advisor Relationship",Atkins Library,low
2026-04-07,Tuesday,Paddy Murphy Week - Dunk Tank,Norm Statue,low
2026-04-07,Tuesday,PAL Session - MATH 2171 (DENNY 203),DENNY 203,none
2026-04-07,Tuesday,PAL Session - PHYS 2101 (DENNY 216) (Cancelled),DENNY 216,none
2026-04-07,Tuesday,"TRAINING EFFECTIVENESS: EXAMINING THE ROLE OF PERSONALITY, MOTIVATION, AND SUPPORT IN ENHANCING JOB PERFORMANCE",Friday,low
2026-04-07,Tuesday,MIDDLE SCHOOL ELA TEACHERS’ PERCEPTIONS OF A DISTRICT MANDATED CULTURAL RELEVANCE CURRICULUM: A CASE STUDY,Register through this form to receive Zoom link: http://bit.ly/3L2dE5U,low
2026-04-07,Tuesday,Resumes with SHARE Charlotte (Drop-Ins),,low
2026-04-07,Tuesday,GIS Essentials - Getting Started,Smith,low
2026-04-07,Tuesday,Navy's Health Services Collegiate Program,,low
2026-04-07,Tuesday,PAL Session: ECON 3125 (DENNY 215),DENNY 215,none
2026-04-07,Tuesday,Career Meet Up: Faith In Your Career/Working for a Faith-Based Organization,,low
2026-04-07,Tuesday,Grad School 101: Start Your Program Search with Confidence,,low
2026-04-07,Tuesday,Peach Glazed Chicken Demo Kitchen,UREC Demo Kitchen,low
2026-04-07,Tuesday,"Files and PDF Accessibility Checkers: Using Grackle, Adobe, and Microsoft Tools",,low
2026-04-07,Tuesday,"Operationalizing Diversity: A Measurement-Focused Examination, Integration, and Synthesis for Organizational Research",Cone University Center,low
2026-04-07,Tuesday,PAL Session - CHEM 1251 (FRIDY 155),FRIDY 155,none
2026-04-07,Tuesday,PAL Session: ACCT 2122 (FRET 306),FRET 306,none
2026-04-07,Tuesday,From Fidgety to Focused: Tips and Tricks to Keep Our Brains on Track,Atkins Library,low
2026-04-07,Tuesday,Lake Days,Hechenbleikner Lake,low
2026-04-07,Tuesday,PAL Session - COMM 2100 (ROBIN 308),ROBIN 308,none
2026-04-07,Tuesday,PAL Session: ACCT 2121 (COLVD 5092),COLVD 5092,none
2026-04-07,Tuesday,Study Abroad Peer Advising,College of Health & Human Services (CHHS),low
2026-04-07,Tuesday,"Analytics in the Age of LLMs: How AI Is Changing Metrics, Dashboards, and Decision-Making",,low
2026-04-07,Tuesday,Alcoholics Anonymous (AA),Waddell Center for Student Health and Wellbeing,low
2026-04-07,Tuesday,PAL Session - MATH 1241 (FRET 405),FRET 405,none
2026-04-07,Tuesday,PAL Session - MATH 1242 (CHHS 294),CHHS 294,none
2026-04-07,Tuesday,PAL Session: ACCT 3323 (MACY 206),MACY 206,none
2026-04-07,Tuesday,PAL Session: CHEM 1204,DENNY 120,none
2026-04-07,Tuesday,PAL Session: ENGR 1301 (FRIDY 386),FRIDY 386,none
2026-04-07,Tuesday,Procrastination Workshop Series - April Sessions,"Visualization Lab, J. Murrey Atkins Library, 2nd floor",low
2026-04-07,Tuesday,PAL Session - EXER 2168 (COLVD 5092),COLVD 5092,none
2026-04-07,Tuesday,PAL Session - PHIL 2105 (COLVD 4068),COLVD 4068,none
2026-04-07,Tuesday,PAL Session - PSYC 1101 (ROBIN 109),ROBIN 109,none
2026-04-07,Tuesday,Crocheting Club Beginner Workshop,Friday,low
2026-04-07,Tuesday,Dinner with 9 Niners,Harris Alumni Center,low
2026-04-07,Tuesday,Guest Speaker: Tia Jones Weekly Meeting Option 1 of 2,Fretwell,low
2026-04-07,Tuesday,PAL Session: PSYC 2113 (COLVD 4123),COLVD 4123,none
2026-04-07,Tuesday,AWS Cloud Club x AWS: Career Panel,Cone University Center,low
2026-04-07,Tuesday,Beyond Summary: Strategies for Effective Literature Synthesis,Online,low
2026-04-07,Tuesday,CRES Blanton Commercial Real Estate Panel,McEniry 118,low
2026-04-07,Tuesday,Field Day,College of Health & Human Services (CHHS),low
2026-04-07,Tuesday,Mock Compounding Lab,CHHS 285,low
2026-04-07,Tuesday,PAL Session - PHYS 1102 (COLVD 5092),COLVD 5092,none
2026-04-07,Tuesday,Spring Fest,West Quad ,medium
2026-04-07,Tuesday,Beauty Photoshoot,McEniry,low
2026-04-07,Tuesday,PAL Session: CHEM 2131 (ONLINE),Online,none
2026-04-07,Tuesday,Faculty & Friends: Elizabeth Sullivan with Nick Ritter,Rowe,low
2026-04-08,Wednesday,Charlotte Women's Golf vs Round 3- Traditions Club at Texas A&M,"Bryan, Texas",low
2026-04-08,Wednesday,Doctoral dissertation defense deadline,UNC Charlotte Academic Calendar,none
2026-04-08,Wednesday,Barings 2026 See the Possibilities Program,,low
2026-04-08,Wednesday,PAL Session: ACCT 2121 (FRIDAY 122),FRIDAY 122,none
2026-04-08,Wednesday,Mobile Robots Sharing Dynamic Environments: Mechanical Communication and Motion Control,Duke Centennial Hall,low
2026-04-08,Wednesday,Paddy Murphy Week - Egg-an-E,Prospector,low
2026-04-08,Wednesday,PAL Session: ACCT 3323 (FRIDY 123),FRIDY 123,none
2026-04-08,Wednesday,PAL Session: EXER 2168 (FRIDAY 130),FRIDY 130,none
2026-04-08,Wednesday,Yoga for Public Health,UREC,low
2026-04-08,Wednesday,PAL Session: PSYC 2113 (FRIDY 155),FRIDY 155,none
2026-04-08,Wednesday,Resumes with SHARE Charlotte (Drop-Ins),,low
2026-04-08,Wednesday,Study Abroad Peer Advising,College of Health & Human Services (CHHS),low
2026-04-08,Wednesday,Wellbeing Block Party,Cauble Quad (formerly CHHS/CoEd Plaza),low
2026-04-08,Wednesday,Free Lunch & Learn: Launch Your Career with Business Skills,Popp Martin Student Union,medium
2026-04-08,Wednesday,PAL Session: ECON 2102 (SMITH 306),SMITH 306,none
2026-04-08,Wednesday,JNSP SNAP Webinar,Online,none
2026-04-08,Wednesday,PAL Session - MATH 1242 (ONLINE),ONLINE,none
2026-04-08,Wednesday,PAL Session - MATH 2164 (SMITH 201),SMITH 201,none
2026-04-08,Wednesday,PAL Session - PHYS 2101 (DENNY 206),DENNY 206,none
2026-04-08,Wednesday,Starting Off Strong: Navigating the First Year as a New Professional,,low
2026-04-08,Wednesday,"The Africana Future: Knowledge, Power, and the Next Generation",Dubois Center at UNC Charlotte Center City,low
2026-04-08,Wednesday,Walking for Mental Health Webinar,,none
2026-04-08,Wednesday,PAL Session - EXER 2169 (MCEN 123),MCEN 123,none
2026-04-08,Wednesday,PAL Session - MATH 1241 (COLVD 5092),COLVD 5092,none
2026-04-08,Wednesday,Pop! Into Student Involvement,Popp Martin Student Union,medium
2026-04-08,Wednesday,Bad Art Day - Grad Student Edition,Atkins Library,low
2026-04-08,Wednesday,Bad Art Day - Grad Student Edition!,Atkins Makerspace - Room 223,low
2026-04-08,Wednesday,Essays on Mortgage Markets,Register through this form to receive Zoom link: http://bit.ly/3L2dE5U,low
2026-04-08,Wednesday,PAL Session - CHEM 1252 (SMITH 204),SMITH 204,none
2026-04-08,Wednesday,PAL Session - PHIL 2105 (COLVD 3120),COLVD 3120,none
2026-04-08,Wednesday,PAL Session: ECON 2101 (COLVD 4068),COLVD 4068,none
2026-04-08,Wednesday,CAB's Amazing Race,Around Campus,low
2026-04-08,Wednesday,Meeting People Where They Are At: The Basics of Motivational Interviewing for Substance Use Treatment,,low
2026-04-08,Wednesday,PAL Session - PHYS 1102 (MCEN 401),MCEN 401,none
2026-04-08,Wednesday,PAL Session - PHYS 2101 (SMITH 328) (Cancelled),SMITH 328,none
2026-04-08,Wednesday,Novel Molecular Mechanism of APE2 in Mitochondrial Genomic Stability,Woodward,low
2026-04-08,Wednesday,PAL Session: CHEM 2131 (COLVD 5092),COLVD 5092,none
2026-04-08,Wednesday,Alumni Insight Panel: Life After Grad School,Atkins Library,low
2026-04-08,Wednesday,Meet Up: Supporting Neurodivergent Youth,,low
2026-04-08,Wednesday,PAL Session - MATH 1241 (ONLINE),ONLINE,none
2026-04-08,Wednesday,PAL Session - MATH 1242 (FRET 205),FRET 205,none
2026-04-08,Wednesday,PAL Session - MATH 2171 (ONLINE),ONLINE,none
2026-04-08,Wednesday,PAL Session: ACCT 2122 (FRIDAY 116),FRIDAY 116,none
2026-04-08,Wednesday,PAL Session: BIOL 2120 (FRIDY 381),FRIDY 381,none
2026-04-08,Wednesday,PAL Session: CHEM 1204 (ONLINE),Online,none
2026-04-08,Wednesday,Dine & Discover,Popp Martin Student Union,medium
2026-04-08,Wednesday,PAL Session - MATH 2241 (ONLINE),ONLINE,none
2026-04-08,Wednesday,PAL Session: ENGR 1301 (COLVD 5096),COLVD 5096,none
2026-04-08,Wednesday,Chapter Meeting - AY 26/27 Elections,Student Union 265,low
2026-04-08,Wednesday,CS Create Meeting,Friday,low
2026-04-08,Wednesday,PAL Session: CHEM 1200 (COLVD 3120),COLVD 3120,none
2026-04-08,Wednesday,Tea and Transformation,Cone University Center,low
2026-04-08,Wednesday,Weekly Meeting Option 2 of 2,Denny,low
2026-04-08,Wednesday,Caribbean Game Night,College of Health & Human Services (CHHS),low
2026-04-08,Wednesday,PAL Session - COMM 2100 (FRIDY 132),FRIDY 132,none
2026-04-08,Wednesday,OAS Survival of The Fittest,Cone University Center,low
2026-04-08,Wednesday,Open Pitch Night (Cancelled),Cone University Center,low
2026-04-08,Wednesday,PAL Session: ACCT 2121 (COLVD 5092),COLVD 5092,none
2026-04-08,Wednesday,Crocheting Club General Meeting,McEniry,low
2026-04-08,Wednesday,ELSO Scribble Sessions - Spring 2026,,low
2026-04-08,Wednesday,Wednesday Night Live,Popp Martin Student Union,medium
2026-04-08,Wednesday,Worship & Ice Cream,Fretwell,low
2026-04-09,Thursday,PAL Session: ACCT 2122 (ONLINE),Online,none
2026-04-09,Thursday,"The Africana Future: Knowledge, Power, and the Next Generation",Dubois Center at UNC Charlotte Center City,low
2026-04-09,Thursday,AI@Work Discussion Series,,low
2026-04-09,Thursday,TSERS Retirement Planning Webinar,,none
2026-04-09,Thursday,Paddy Murphy Week - Egg-an-E,Prospector,low
2026-04-09,Thursday,Streamline Your Storage: Mastering Google Drive,,low
2026-04-09,Thursday,4/9 Day Celebration,Barnes & Noble Charlotte Bookstore located in the Popp Martin Student Union,medium
2026-04-09,Thursday,Career Meet Up: Using AI to Prep for an Interview,,low
2026-04-09,Thursday,Sexual Assault Awareness Month Luminary and Poster Decorating,Popp Martin Student Union,medium
2026-04-09,Thursday,Take Back the Night Luminary and Poster Decorating,Popp Martin Student Union,medium
2026-04-09,Thursday,2026 Divine Opportunities Summit,,medium
2026-04-09,Thursday,Ace Your Graduate School Application: Tips and Tricks for Succes,,low
2026-04-09,Thursday,Career Meet Up: How to Set Up Your LinkedIn Profile,,low
2026-04-09,Thursday,Earth Month Tour Series: Land and Water,Storrs Hall,low
2026-04-09,Thursday,GSAW Wellness Open House,Atkins Library,high
2026-04-09,Thursday,PAL Session - PHYS 2101 (COLVD 4068),COLVD 4068,none
2026-04-09,Thursday,PAL Session: ACCT 2121 (BELK 207),BELK GYM 207,none
2026-04-09,Thursday,Savings and Investing Presentation,Popp Martin Student Union,medium
2026-04-09,Thursday,Violence Prevention Center Annual Symposium,Popp Martin Student Union,medium
2026-04-09,Thursday,Discovering the Forgotten Past: Multispectral Imaging and Cultural Heritage Recovery,Popp Martin Student Union,medium
2026-04-09,Thursday,From Chaos to Clarity: Maximizing Productivity with Effective Strategies and AI Tools,,low
2026-04-09,Thursday,PAL Session - CHEM 1252 (FRET 306),FRET 306,none
2026-04-09,Thursday,PAL Session: ACCT 3323 (ONLINE),Online,none
2026-04-09,Thursday,Study Abroad Table,Popp Martin Student Union,medium
2026-04-09,Thursday,LGERS Retirement Planning Webinar,,none
2026-04-09,Thursday,Peer Talk: Stand out in the Interview Process,Friday,low
2026-04-09,Thursday,PAL Session - MATH 1241 (BELK GYM 206),BELK GYM 206,none
2026-04-09,Thursday,Student Town Hall,Cone University Center,low
2026-04-09,Thursday,Student Town Hall - Data Science,Cone University Center,low
2026-04-09,Thursday,PAL Session - EXER 2169 (SMITH 204),SMITH 204,none
2026-04-09,Thursday,Formatting and Submitting Your Thesis or Dissertation,Online,low
2026-04-09,Thursday,PAL Session - CHEM 2131 (ONLINE),Online,none
2026-04-09,Thursday,PAL Session - ECON 2101 (ONLINE),Online,none
2026-04-09,Thursday,PAL Session - MATH 2241 (MCEN 118),MCEN 118,none
2026-04-09,Thursday,PAL Session - MATH 1241 (SMITH 217),SMITH 217,none
2026-04-09,Thursday,PAL Session - MATH 2171 (FRIDY 383),FRIDY 383,none
2026-04-09,Thursday,PAL Session: ENGR 1301 (COLVD 5092),COLVD 5092,none
2026-04-09,Thursday,PAL Session: PSYC 1101 (MACY 206),MACY 206,none
2026-04-09,Thursday,Empowered to Speak: A Sexual Assault Awareness & Advocacy Program,"College of Health and Human Services, Room 128",low
2026-04-09,Thursday,PAL Session - MATH 1242 (MCEN 401),MCEN 401,none
2026-04-09,Thursday,PAL Session: BIOL 2120 (ONLINE),Online,none
2026-04-09,Thursday,AI Agents & Automation: Smarter Systems. Faster Work.,Cameron 153,low
2026-04-09,Thursday,Charlotte Sports Analytics Club Weekly Meeting,Friday,low
2026-04-09,Thursday,Earth Month Film Series: Life on Wheels: Transportation for a New Urban Century,Klein Hall 104,low
2026-04-09,Thursday,PAL Session: ECON 3125 (SMITH 219),SMITH 219,none
2026-04-09,Thursday,"""Below the Belt"" Endometriosis film screening",College of Health & Human Services (CHHS),low
2026-04-09,Thursday,BMES GBM:  Project Meeting - Companion Robot Project Meeting - Feature 49er Robotics,Kennedy,low
2026-04-09,Thursday,Crossy Road Competition,Belk,low
2026-04-09,Thursday,Fiqh of Marriage,College of Health & Human Services (CHHS),low
2026-04-09,Thursday,NCPIRG: Waste Is Out Of Fashion Campaign Planning,McEniry,low
2026-04-09,Thursday,PAL Session: ACCT 2121 (ONLINE),Online,none
2026-04-09,Thursday,PAL Session: ECON 2102 (COLVD 5092),COLVD 5092,none
2026-04-09,Thursday,Rock Climbing Night @ the SAC,Barnhardt Student Activity Center (SAC),medium
2026-04-09,Thursday,Codachrome A Cappella's 2026 Spring Showcase,Cone After Hours,low
2026-04-09,Thursday,Silent Headphone Party,SAC Salons,low
2026-04-09,Thursday,Rhythm,College of Health & Human Services (CHHS),low
2026-04-10,Friday,Charlotte 49ers Track & Field at Duke Invitational,"Durham, N.C.",low
2026-04-10,Friday,Refresh Weekend -No Classes,UNC Charlotte Academic Calendar,low
2026-04-10,Friday,Niner Finances Walk In Hours,King Building ,low
2026-04-10,Friday,PAL Session: EXER 2168 (FRIDY 128),FRIDY 128,none
2026-04-10,Friday,Charlotte 49ers Women's Tennis vs VCU,"Charlotte, N.C.",low
2026-04-10,Friday,PAL Session: CHEM 1200 (ONLINE),Online,none
2026-04-10,Friday,PAL Session: ECON 2102 (ONLINE),Online,none
2026-04-10,Friday,Paddy Murphy Classic - Softball Tournament,Newell Park,low
2026-04-10,Friday,PAL Session: CHEM 1200 (DENNY 215),DENNY 215,none
2026-04-10,Friday,PAL Session - CHEM 1251 (ONLINE),Online,none
2026-04-10,Friday,PAL Session - PHIL 2105 (ONLINE),ONLINE,none
2026-04-10,Friday,PAL Session - PHYS 1102 (ONLINE),ONLINE,none
2026-04-10,Friday,PAL Session - PSYC 1101 (ONLINE),ONLINE,none
2026-04-10,Friday,PAL Session - PHYS 2101 (Online),ONLINE,none
2026-04-10,Friday,PAL Session - PHYS 2101 (ONLINE) (Cancelled),ONLINE,none
2026-04-10,Friday,PAL Session: ECON 2101 (COLVD 2006),COLVD 2006,none
2026-04-10,Friday,Niners with Novels Reading Club Meeting,Friday,low
2026-04-10,Friday,PAL Session - COMM 2100 (ONLINE),Online,none
2026-04-10,Friday,PAL Session: ECON 3125 (ONLINE),Online,none
2026-04-10,Friday,"Question, Persuade, Refer (QPR) Training",,low
2026-04-10,Friday,Community mixer: Armored Cow Brewing Co.,armored cow brewery,low
2026-04-10,Friday,Grad Student Appreciation Happy Hour at Armored Cow,Armored Cow Brewing,low
2026-04-10,Friday,PAL Session - MATH 1242 (ONLINE),ONLINE,none
2026-04-10,Friday,PAL Session - CHEM 1252 (ONLINE),Online,none
2026-04-10,Friday,Campfire and Cave Exploration (again!),"Bristol, TN",low
2026-04-10,Friday,TRIP CANCELED Campfire and Cave Exploration (again!),"Bristol, TN",low
2026-04-10,Friday,Charlotte Baseball Vs. Rice,Robert & Mariam Hayes Stadium,low
2026-04-10,Friday,Charlotte Softball Vs. Memphis,D.L. Phillips Softball Complex,low
2026-04-11,Saturday,Optional Reschedule Date for Possible Interruptions,UNC Charlotte Academic Calendar,low
2026-04-11,Saturday,Refresh Weekend -No Classes,UNC Charlotte Academic Calendar,low
2026-04-11,Saturday,Campfire and Cave Exploration (again!),"Bristol, TN",low
2026-04-11,Saturday,HSA Volleyball Tournament,Rec Field 14A / Levine Field,low
2026-04-11,Saturday,Charlotte Men's Tennis vs Tulsa- Senior Day,"Charlotte, N.C.",low
2026-04-11,Saturday,Charlotte Softball Vs. Memphis,D.L. Phillips Softball Complex,low
2026-04-11,Saturday,Charlotte Baseball Vs. Rice,Robert & Mariam Hayes Stadium,low
2026-04-11,Saturday,Lorwyn Eclipsed Draft,Klein,low
2026-04-11,Saturday,Range of Motion Dance Ensemble Spring Showcase,Open Door Studios,low
2026-04-12,Sunday,Charlotte Men's Golf at Round 1- Birdwood Golf Course,"Charlottesville, Va.",low
2026-04-12,Sunday,Charlotte 49ers Women's Tennis vs Old Dominion - Senior Day,"Charlotte, N.C.",low
2026-04-12,Sunday,Charlotte Softball Vs. Memphis,D.L. Phillips Softball Complex,low
2026-04-12,Sunday,Charlotte Baseball Vs. Rice,Robert & Mariam Hayes Stadium,low
2026-04-12,Sunday,Student Family Social at the Park,Reedy Creek Park Nature Center,low
2026-04-12,Sunday,2026 DJ Chewy Takeover Celebrity Basketball Game,Halton Arena,high
2026-04-13,Monday,Charlotte Men's Golf at Day 1 - 36 Holes- Birdwood Golf Course,"Charlottesville, Va.",low
2026-04-13,Monday,Demystifying Insurance,Popp Martin Student Union,medium
2026-04-13,Monday,Maximizing Finances During School Breaks,Popp Martin Student Union,medium
2026-04-13,Monday,Ace Your Graduate School Application: Tips and Tricks for Succes,,low
2026-04-13,Monday,Mental Health First Aid,,low
2026-04-13,Monday,Tea House,College of Health & Human Services (CHHS),low
2026-04-13,Monday,Prism General Body Meeting,Fretwell,low
2026-04-13,Monday,Kaffeeklatsch,Mebane,low
2026-04-13,Monday,Networking Your Way into Sports & Personal Branding In Sports Workshop (Cancelled),CHHS 294,low
2026-04-13,Monday,Telling H.E.R. Story: A Workshop & Discussion w/ Dr. Janaka Lewis,"Cone Center, Rm 112B",low
2026-04-13,Monday,Write Now!,,low
2026-04-13,Monday,Monday Night Bible Study,College of Health & Human Services (CHHS),low
2026-04-13,Monday,Spring Semester Meeting - Soccer,Northeast Regional Field Complex,low
2026-04-14,Tuesday,Charlotte Men's Golf at Final Round- Birdwood Golf Course,"Charlottesville, Va.",low
2026-04-14,Tuesday,Bank of America Coffee Chat,,low
2026-04-14,Tuesday,Presidents' Leadership Workshop,Popp Martin Student Union,medium
2026-04-14,Tuesday,Using Generative AI in Your Daily Work,,low
2026-04-14,Tuesday,Career Advancement,,low
2026-04-14,Tuesday,Funding Your Future: Navigating Graduate Funding Strategies,,low
2026-04-14,Tuesday,Google Gemini 101: Getting Started with Generative AI,,low
2026-04-14,Tuesday,Writing with Intelligence: Improving Your Writing Skills in the AI Era,Atkins Library,low
2026-04-14,Tuesday,Education Abroad in Limoges - Information Session,College of Health & Human Services (CHHS),low
2026-04-14,Tuesday,"Question, Persuade, Refer (QPR) Training",,low
2026-04-14,Tuesday,Study Abroad Peer Advising,College of Health & Human Services (CHHS),low
2026-04-14,Tuesday,Faculty Engagement Award Reception & Library Social,Atkins Library,low
2026-04-14,Tuesday,Problem Solving,Popp Martin Student Union,medium
2026-04-14,Tuesday,Alcoholics Anonymous (AA),Waddell Center for Student Health and Wellbeing,low
2026-04-14,Tuesday,Exploring Careers in Biological Sciences,,low
2026-04-14,Tuesday,Procrastination Workshop Series - April Sessions,Atkins Library,low
2026-04-14,Tuesday,CAB-ii Resort,University Recreation Center (UREC),low
2026-04-14,Tuesday,Niner Night at Truist Field: Charlotte 49ers vs Clemson Tigers,Truist Field,low
2026-04-14,Tuesday,Take Back the Night,Cone University Center,low
2026-04-14,Tuesday,Crocheting Club Beginner Workshop,Friday,low
2026-04-14,Tuesday,Weekly Meeting Option 1 of 2,Fretwell,low
2026-04-14,Tuesday,Charlotte Baseball Vs. Clemson,Truist Field,low
2026-04-14,Tuesday,Charlotte Softball Vs. Winthrop,D.L. Phillips Softball Complex,low
2026-04-14,Tuesday,Gingko Residential Speaker Series: “Climate Change: Media Stories vs. Scientific Evidence. What to Believe?”,Independent Picture House,low
2026-04-14,Tuesday,GInkgo Residential Guest Lecture Series,Independent Picture House,low
2026-04-14,Tuesday,Rock Climbing Night @ the SAC,Barnhardt Student Activity Center (SAC),medium
2026-04-14,Tuesday,Nikao College Small Groups,Mebane,low
2026-04-15,Wednesday,Closing the Loop in Assessment,Union 263,low
2026-04-15,Wednesday,Crisis Response Planning for Suicide Risk Management: A Workshop for Health Professionals,,low
2026-04-15,Wednesday,2026 Southern Piedmont ASHRAE & UNC Charlotte Career/Internship Fair,Duke Centennial Hall,high
2026-04-15,Wednesday,First-Gen Appreciation Day,Star Quad/Library Quad,low
2026-04-15,Wednesday,Study Abroad Peer Advising,College of Health & Human Services (CHHS),low
2026-04-15,Wednesday,The Hartford - Employer in the Foyer,Woodward Hall Second Floor,low
2026-04-15,Wednesday,Canvas Accessibility with UDOIT,,low
2026-04-15,Wednesday,HSA KTK,Big Air Trampoline Park,low
2026-04-15,Wednesday,Information Session: UNC Charlotte Tech Bootcamps,,low
2026-04-15,Wednesday,Wells Fargo Internal Audit Case Competition,,low
2026-04-15,Wednesday,Pop! Into Student Involvement,Popp Martin Student Union,medium
2026-04-15,Wednesday,Chocolate Chia Yogurt “Mousse” Cups,UREC Demo Kitchen,low
2026-04-15,Wednesday,Grad School 101: Start Your Program Search with Confidence,,low
2026-04-15,Wednesday,Lake Days,Hechenbleikner Lake,low
2026-04-15,Wednesday,Peace Corps Info Session,,low
2026-04-15,Wednesday,Student Org Advisor Workshop,Popp Martin Student Union,medium
2026-04-15,Wednesday,Three-Article Dissertation Workshop - Understanding Author Agreements,Online,low
2026-04-15,Wednesday,Healthcare Analytics & Data in Action,Dubois Center 1105,low
2026-04-15,Wednesday,Interested in how data science and AI are transforming healthcare?,Dubois Center at UNC Charlotte Center City,low
2026-04-15,Wednesday,Educators and Staff: Enrolling in the NC 401(k) and NC 457 Plans,,low
2026-04-15,Wednesday,Mental Health First Aid,,low
2026-04-15,Wednesday,Student Org Transitions,Popp Martin Student Union,medium
2026-04-15,Wednesday,The Hartford Summer 2027 Internship Preview Session,Woodward Hall 335,low
2026-04-15,Wednesday,49-Minute Pitch Competition,"301 E 9th St, Charlotte, NC 28202",low
2026-04-15,Wednesday,Athletic Conditioning,Irwin Belk Track & Field Complex,low
2026-04-15,Wednesday,CS Create Meeting,Friday,low
2026-04-15,Wednesday,Earth Month Film Series: The Rights of Nature: A Global Movement,Klein Hall,low
2026-04-15,Wednesday,Weekly Meeting Option 2 of 2,Denny,low
2026-04-15,Wednesday,Crocheting Club General Meeting,McEniry,low
2026-04-15,Wednesday,ELSO Scribble Sessions - Spring 2026,,low
2026-04-15,Wednesday,Wednesday Night Live,Popp Martin Student Union,medium
2026-04-15,Wednesday,Worship & Coffee,Fretwell,low
2026-04-16,Thursday,Charlotte 49ers Track & Field at Wake Forest Invitational,"Winston-Salem, N.C.",low
2026-04-16,Thursday,Charlotte 49ers Women's Tennis vs Tulane - Quarterfinals,"Houston, Texas",low
2026-04-16,Thursday,Charlotte Men's Tennis vs Florida Atlantic- Quarterfinals,"Tulsa, Okla.",low
2026-04-16,Thursday,PAL Session: ACCT 2122 (ONLINE),Online,none
2026-04-16,Thursday,"Files and PDF Accessibility Checkers: Using Grackle, Adobe, and Microsoft Tools",,low
2026-04-16,Thursday,Coffee Chats with Belk College Graduate Programs,Caribou Coffee,low
2026-04-16,Thursday,Data-driven Stories for Social Impact,Dubois Center at UNC Charlotte Center City,low
2026-04-16,Thursday,Beyond the Basics: Designing Dynamic Docs and Slides,,low
2026-04-16,Thursday,Career Meet Up: Using AI to Prep for an Interview,,low
2026-04-16,Thursday,Earth Month Tour Series: Green Buildings,EPIC,low
2026-04-16,Thursday,Financial Literacy w / Vivian Tu,Student Union Room 262,low
2026-04-16,Thursday,PAL Session - PHYS 2101 (COLVD 4068),COLVD 4068,none
2026-04-16,Thursday,PAL Session: ACCT 2121 (BELK 207),BELK GYM 207,none
2026-04-16,Thursday,Salary Negotiation Presentation,Popp Martin Student Union,medium
2026-04-16,Thursday,BATTERY ELECTRIC LOCOMOTIVE WIRELESS CHARGING SYSTEM DESIGN AND CONSIDERATION,Register through this form to receive Zoom link: http://bit.ly/3L2dE5U,low
2026-04-16,Thursday,Niners in the Queen City: Exploring Life in Charlotte and NC,,low
2026-04-16,Thursday,PAL Session - CHEM 1252 (FRET 306),FRET 306,none
2026-04-16,Thursday,PAL Session: ACCT 3323 (ONLINE),Online,none
2026-04-16,Thursday,Regularized Multitasking Graphical Attention Model for Integrative Single-Cell Analysis,Popp Martin Student Union,medium
2026-04-16,Thursday,Study Abroad Table,Popp Martin Student Union,medium
2026-04-16,Thursday,"Wear, Care, Repair: A Clothes Mending Workshop",Atkins Library,low
2026-04-16,Thursday,CAB-E-Oke,Star Quad,low
2026-04-16,Thursday,Choosing Investments NC 401(k) and NC 457 Plans,,low
2026-04-16,Thursday,PAL Session - MATH 1241 (BELK GYM 206),BELK GYM 206,none
2026-04-16,Thursday,PAL Session - EXER 2169 (SMITH 204),SMITH 204,none
2026-04-16,Thursday,PAL Session - CHEM 2131 (ONLINE),Online,none
2026-04-16,Thursday,PAL Session - ECON 2101 (ONLINE),Online,none
2026-04-16,Thursday,PAL Session - MATH 2241 (MCEN 118),MCEN 118,none
2026-04-16,Thursday,Day in the Life of a Data Scientist in Banking,Cone 208,low
2026-04-16,Thursday,International Coffee Hour,Popp Martin Student Union,medium
2026-04-16,Thursday,PAL Session - MATH 1241 (SMITH 217),SMITH 217,none
2026-04-16,Thursday,PAL Session - MATH 2171 (FRIDY 383),FRIDY 383,none
2026-04-16,Thursday,PAL Session: ENGR 1301 (COLVD 5092),COLVD 5092,none
2026-04-16,Thursday,SMART Recovery (Virtual Group),,none
2026-04-16,Thursday,PAL Session: PSYC 1101 (MACY 206),MACY 206,none
2026-04-16,Thursday,CAB-ii Resort,University Recreation Center (UREC),low
2026-04-16,Thursday,PAL Session - MATH 1242 (MCEN 401),MCEN 401,none
2026-04-16,Thursday,PAL Session: BIOL 2120 (ONLINE),Online,none
2026-04-16,Thursday,Charlotte Sports Analytics Club Weekly Meeting,Friday,low
2026-04-16,Thursday,Deloitte Consulting Resume Workshop,,low
2026-04-16,Thursday,Earth Month Film Series: The Rights of Nature: A Global Movement,Klein Hall 104,low
2026-04-16,Thursday,Gallery Reception: 1st Biennial Exhibition of Recent Acquisitions to the UNC Charlotte Art Collection,Popp Martin Student Union,medium
2026-04-16,Thursday,PAL Session: ECON 3125 (SMITH 219),SMITH 219,none
2026-04-16,Thursday,"AWS Cloud Club x Wells Fargo: Fireside Chat with Ken Meyer, CIO",CHHS 155,low
2026-04-16,Thursday,BMES GBM:  Project Meeting - Companion Robot Project Meeting - Feature 49er Robotics,Kennedy,low
2026-04-16,Thursday,NCPIRG: Wildlife Crossings Campaign Planning,McEniry,low
2026-04-16,Thursday,PAL Session: ACCT 2121 (ONLINE),Online,none
2026-04-16,Thursday,PAL Session: ECON 2102 (COLVD 5092),COLVD 5092,none
2026-04-16,Thursday,Rock Climbing Night @ the SAC,Barnhardt Student Activity Center (SAC),medium
2026-04-16,Thursday,NSBE End of Year Mixer,Cone University Center,low
2026-04-16,Thursday,Thursday Worship Night,Popp Martin Student Union,medium
2026-04-16,Thursday,Cabaret,Robinson Hall,low
2026-04-16,Thursday,Rhythm,College of Health & Human Services (CHHS),low
2026-04-17,Friday,Charlotte 49ers Track & Field at Aggie Invitational,"Greensboro, NC",low
2026-04-17,Friday,Master of Public Health - Admissions Virtual Drop-In Hour,,none
2026-04-17,Friday,Optical Measurement of Small Features in Large Volumes,Duke Centennial Hall,low
2026-04-17,Friday,Student Garden Day,Staff Gardens,low
2026-04-17,Friday,Successful Meetings: From Preparation to Follow-up,,low
2026-04-17,Friday,Niner Finances Walk In Hours,King Building ,low
2026-04-17,Friday,PAL Session: EXER 2168 (FRIDY 128),FRIDY 128,none
2026-04-17,Friday,Walk In Hours,King,low
2026-04-17,Friday,Walk In Hours (Cancelled),King,low
2026-04-17,Friday,Charlotte 49ers Women's Tennis vs Tulane - Quarterfinals,"Houston, Texas",low
2026-04-17,Friday,Understanding the Lifecycle of Fringe Groups and Scams with Dr. Keith Burghardt,Fretwell,low
2026-04-17,Friday,PAL Session: CHEM 1200 (ONLINE),Online,none
2026-04-17,Friday,PAL Session: ECON 2102 (ONLINE),Online,none
2026-04-17,Friday,PAL Session: PSYC 2113 (ONLINE),ONLINE,none
2026-04-17,Friday,PAL Session: CHEM 1200 (DENNY 215),DENNY 215,none
2026-04-17,Friday,PAL Session - CHEM 1251 (ONLINE),Online,none
2026-04-17,Friday,PAL Session - PHIL 2105 (ONLINE),ONLINE,none
2026-04-17,Friday,PAL Session - PHYS 1102 (ONLINE),ONLINE,none
2026-04-17,Friday,PAL Session - PSYC 1101 (ONLINE),ONLINE,none
2026-04-17,Friday,Habitat for Humanity,Habitat for Humanity -,low
2026-04-17,Friday,PAL Session - PHYS 2101 (Online),ONLINE,none
2026-04-17,Friday,PAL Session - PHYS 2101 (ONLINE) (Cancelled),ONLINE,none
2026-04-17,Friday,PAL Session: ECON 2101 (COLVD 2006),COLVD 2006,none
2026-04-17,Friday,Niners with Novels Reading Club Meeting,Friday,low
2026-04-17,Friday,PAL Session - COMM 2100 (ONLINE),Online,none
2026-04-17,Friday,Charlotte Men's Tennis vs Florida Atlantic- Quarterfinals,"Tulsa, Okla.",low
2026-04-17,Friday,PAL Session - EXER 2169 (ONLINE),ONLINE,none
2026-04-17,Friday,PAL Session: ECON 3125 (ONLINE),Online,none
2026-04-17,Friday,PAL Session - MATH 1242 (ONLINE),ONLINE,none
2026-04-17,Friday,PAL Session - CHEM 1252 (ONLINE),Online,none
2026-04-17,Friday,First-Gen Excellence Celebration,Lucas Room,low
2026-04-17,Friday,"LEGENDARY GAME NIGHT (we back, with NEW games!)",College of Health & Human Services (CHHS),low
2026-04-17,Friday,Cabaret,Robinson Hall,low
2026-04-18,Saturday,Charlotte 49ers Women's Tennis vs Tulane - Quarterfinals,"Houston, Texas",low
2026-04-18,Saturday,Charlotte Men's Tennis vs Florida Atlantic- Quarterfinals,"Tulsa, Okla.",low
2026-04-18,Saturday,Paddle and Stars - Whitewater Canoe Camping,TBD based on river levels,low
2026-04-18,Saturday,Paddles and Stars - Whitewater Canoe Camping,TBD based on river levels,low
2026-04-18,Saturday,CAB's Whitewater Rafting Adventure,National Whitewater Center,low
2026-04-18,Saturday,Charlotte Football Open Practice & Autograph Signing,Jerry Richardson Stadium,low
2026-04-18,Saturday,UNC Charlotte Robot Rumble 2026,Belk Gym,low
2026-04-18,Saturday,Charlotte 49ers Women's Soccer vs South Carolina,"Charlotte, N.C., Charlotte Soccer Field",low
2026-04-18,Saturday,Cabaret,Robinson Hall,low
2026-04-18,Saturday,OAS African Night Show,Cone University Center,low
2026-04-18,Saturday,Soul of Sudan,Barnhardt Student Activity Center (SAC),medium
2026-04-19,Sunday,Paddle and Stars - Whitewater Canoe Camping,TBD based on river levels,low
2026-04-19,Sunday,BMES - Mini BEE Series,Charlotte Mecklenburg Library – University City Regional,low
2026-04-19,Sunday,Cabaret,Robinson Hall,low
2026-04-19,Sunday,LACE Noche De Comunidad Gala,Student Union 340,medium
2026-04-19,Sunday,Perlas Ng Silanganan Third Annual Cultural Gala,Popp Martin Student Union,medium
2026-04-19,Sunday,A Golden night,Mcknight Hall,low
2026-04-19,Sunday,Treasure! A Bruno Mars-Inspired Dance Showcase,McKnight Auditorium,low
2026-04-20,Monday,Charlotte Women's Golf at Round 1- Southern Hills Plantation Club,"Brooksville, Fla.",low
2026-04-20,Monday,Faculty Final web grading access available,UNC Charlotte Academic Calendar,low
2026-04-20,Monday,Last day to submit doctoral dissertations for May 2026 graduation,UNC Charlotte Academic Calendar,low
2026-04-20,Monday,Closing the Loop in Assessment,Cone 111,low
2026-04-20,Monday,DSBA and HIA Prospective Graduate Student Information Session,,low
2026-04-20,Monday,PAL Session - EXER 2168 (ONLINE),ONLINE,none
2026-04-20,Monday,PAL Session - PHYS 2101 (COLVD 5090),COLVD 5090,none
2026-04-20,Monday,PAL Session: ACCT 2122 (COLVD 5092),COLVD 5092,none
2026-04-20,Monday,PAL Session: CHEM 1200 (FRIDY 122),FRIDAY 122,none
2026-04-20,Monday,PAL Session: ACCT 2121 (ONLINE),Online,none
2026-04-20,Monday,PAL Session: PSYC 2113 (DENNY 105),DENNY 105,none
2026-04-20,Monday,PAL Session: ECON 2102 (FRIDY 130) (Cancelled),FRIDY 130,none
2026-04-20,Monday,NC 401(k) and NC 457 Plans Retirement Plan Counselor Consultation,,low
2026-04-20,Monday,PAL Session - EXER 2169 (FRIDY 144),FRIDY 144,none
2026-04-20,Monday,PAL Session: ACCT 3323 (MCEN 123),MCEN 123,none
2026-04-20,Monday,PAL Session - PHYS 2101 (FRIDY 117) (Cancelled),FRIDY 117,none
2026-04-20,Monday,PAL Session - MATH 1242 (FRIDY 107),FRIDY 107,none
2026-04-20,Monday,PAL Session: CHEM 1251 (COLVD 5092),COLVD 5092,none
2026-04-20,Monday,PAL Session: ECON 2101 (FRIDY 122),FRIDY 122,none
2026-04-20,Monday,Soda Tab Buddy Workshop,"Area 49 Makerspace, Atkins Library, Second Floor",low
2026-04-20,Monday,PAL Session - MATH 2164 (FRIDY 123),FRIDY 123,none
2026-04-20,Monday,PAL Session - PHYS 1102 (DENNY 203),DENNY 203,none
2026-04-20,Monday,Grad School 101: Start Your Program Search with Confidence,,low
2026-04-20,Monday,PAL Session - CHEM 2131 (FRIDAY 128),FRIDY 128,none
2026-04-20,Monday,PAL Session: BIOL 2120 (COLVD 5092),COLVD 5092,none
2026-04-20,Monday,PAL Session: PSYC 1101 (COLVD 3140),COLVD 3140,none
2026-04-20,Monday,Aux Guide banquet,Hoppa Room (Union 200),medium
2026-04-20,Monday,Green Dot Student Overview Training,TBD,low
2026-04-20,Monday,Guest Speaker - Anthony Danciu - The Mining Industry,McEniry 117,low
2026-04-20,Monday,Kaffeeklatsch,Mebane,low
2026-04-20,Monday,PAL Session - CHEM 1252 (COLVD 5091),COLVD 5091,none
2026-04-20,Monday,PAL Session: ENGR 1301 (ONLINE),Online,none
2026-04-20,Monday,Write Now!,,low
2026-04-20,Monday,Monday Night Bible Study,College of Health & Human Services (CHHS),low
2026-04-20,Monday,PAL Session - MATH 2164 (ONLINE),ONLINE,none
2026-04-20,Monday,Treasure! A Bruno Mars-Inspired Dance Showcase,McKnight Auditorium,low
2026-04-21,Tuesday,Charlotte Women's Golf at Round 2- Southern Hills Plantation Club,"Brooksville, Fla.",low
2026-04-21,Tuesday,Digital Accessibility ‘Fix-It Clinic’,,low
2026-04-21,Tuesday,PAL Session - MATH 2171 (DENNY 203) Exam Review,DENNY 203,none
2026-04-21,Tuesday,PAL Session - PHYS 2101 (DENNY 216) (Cancelled),DENNY 216,none
2026-04-21,Tuesday,Climate Change Quilt Workshop,"Area 49 Makerspace, Atkins Library 2nd Floor",low
2026-04-21,Tuesday,May Graduate Celebration,Truist Reading Room in the Belk College of Business,low
2026-04-21,Tuesday,Food Labels 101 - OSHR Lunch & Learn,,low
2026-04-21,Tuesday,PAL Session: ECON 3125 (DENNY 215),DENNY 215,none
2026-04-21,Tuesday,Effective Communication,Popp Martin Student Union,medium
2026-04-21,Tuesday,PAL Session - CHEM 1251 (FRIDY 155),FRIDY 155,none
2026-04-21,Tuesday,PAL Session: ACCT 2122 (FRET 306),FRET 306,none
2026-04-21,Tuesday,Lake Days,Hechenbleikner Lake,low
2026-04-21,Tuesday,PAL Session - COMM 2100 (ROBIN 308),ROBIN 308,none
2026-04-21,Tuesday,PAL Session: ACCT 2121 (COLVD 5092),COLVD 5092,none
2026-04-21,Tuesday,Study Abroad Peer Advising,College of Health & Human Services (CHHS),low
2026-04-21,Tuesday,NC 401(k) and NC 457 Plans en Español,,low
2026-04-21,Tuesday,Alcoholics Anonymous (AA),Waddell Center for Student Health and Wellbeing,low
2026-04-21,Tuesday,Know Before You Go: Essential Steps for Newly Admitted Students,,high
2026-04-21,Tuesday,PAL Session - MATH 1241 (FRET 405),FRET 405,none
2026-04-21,Tuesday,PAL Session - MATH 1242 (CHHS 294),CHHS 294,none
2026-04-21,Tuesday,PAL Session: ACCT 3323 (MACY 206),MACY 206,none
2026-04-21,Tuesday,PAL Session: CHEM 1204,DENNY 120,none
2026-04-21,Tuesday,PAL Session: ENGR 1301 (FRIDY 386),FRIDY 386,none
2026-04-21,Tuesday,Procrastination Workshop Series - April Sessions,"Visualization Lab, J. Murrey Atkins Library, 2nd floor",low
2026-04-21,Tuesday,Science in the Community,Dubois Center at UNC Charlotte Center City,low
2026-04-21,Tuesday,PAL Session - EXER 2168 (COLVD 5092) Exam Review,COLVD 5092,none
2026-04-21,Tuesday,PAL Session - PHIL 2105 (COLVD 4068),COLVD 4068,none
2026-04-21,Tuesday,PAL Session - PSYC 1101 (ROBIN 109),ROBIN 109,none
2026-04-21,Tuesday,Crocheting Club Beginner Workshop,Friday,low
2026-04-21,Tuesday,PAL Session: PSYC 2113 (COLVD 4123),COLVD 4123,none
2026-04-21,Tuesday,Weekly Meeting Option 1 of 2,Fretwell,low
2026-04-21,Tuesday,Charlotte Baseball Vs. Campbell,Robert & Mariam Hayes Stadium,low
2026-04-21,Tuesday,Gallery Reception: BFA Graphic Design,Storrs,low
2026-04-21,Tuesday,"Gallery Reception: BFA in Studio, Digital Media, and Illustration",Rowe,low
2026-04-21,Tuesday,PAL Session - PHYS 1102 (COLVD 5092),COLVD 5092,none
2026-04-21,Tuesday,Rock Climbing Night @ the SAC,Barnhardt Student Activity Center (SAC),medium
2026-04-21,Tuesday,Writing with Intelligence: Improving Your Writing Skills in the AI Era,Online,low
2026-04-21,Tuesday,PAL Session: CHEM 2131 (ONLINE),Online,none
2026-04-21,Tuesday,Jazz Ensemble and Jazz Combos,Robinson Hall,low
2026-04-22,Wednesday,Charlotte Women's Golf at Round 3- Southern Hills Plantation Club,"Brooksville, Fla.",low
2026-04-22,Wednesday,Analytics Frontiers Conference (AFC),Hilton Charlotte Uptown,medium
2026-04-22,Wednesday,PAL Session: ACCT 2121 (FRIDAY 122),FRIDAY 122,none
2026-04-22,Wednesday,EXAM REVIEW PAL Session: EXER 2168 (FRIDAY 130),FRIDY 130,none
2026-04-22,Wednesday,PAL Session: ACCT 3323 (FRIDY 123),FRIDY 123,none
2026-04-22,Wednesday,PAL Session: PSYC 2113 (FRIDY 155),FRIDY 155,none
2026-04-22,Wednesday,Study Abroad Peer Advising,College of Health & Human Services (CHHS),low
2026-04-22,Wednesday,Digital Accessibility ‘Fix-It Clinic’,,low
2026-04-22,Wednesday,PAL Session: ECON 2102 (SMITH 306),SMITH 306,none
2026-04-22,Wednesday,Graduation and Beyond Presentation,Student Union Room 262,low
2026-04-22,Wednesday,How to Receive Criticism & Make it Work for You,,low
2026-04-22,Wednesday,PAL Session - MATH 1242 (ONLINE),ONLINE,none
2026-04-22,Wednesday,PAL Session - MATH 2164 (SMITH 201),SMITH 201,none
2026-04-22,Wednesday,PAL Session - PHYS 2101 (DENNY 206),DENNY 206,none
2026-04-22,Wednesday,PAL Session - EXER 2169 (MCEN 123),MCEN 123,none
2026-04-22,Wednesday,PAL Session - MATH 1241 (COLVD 5092),COLVD 5092,none
2026-04-22,Wednesday,Pop! Into Student Involvement,Popp Martin Student Union,medium
2026-04-22,Wednesday,PAL Session - CHEM 1252 (SMITH 204),SMITH 204,none
2026-04-22,Wednesday,PAL Session - PHIL 2105 (COLVD 3120),COLVD 3120,none
2026-04-22,Wednesday,PAL Session: ECON 2101 (COLVD 4068),COLVD 4068,none
2026-04-22,Wednesday,PAL Session - PHYS 1102 (MCEN 401),MCEN 401,none
2026-04-22,Wednesday,PAL Session - PHYS 2101 (SMITH 328) (Cancelled),SMITH 328,none
2026-04-22,Wednesday,EXAM REVIEW PAL Session: CHEM 2131 (COLVD 5092),COLVD 5092,none
2026-04-22,Wednesday,Ace Your Graduate School Application: Tips and Tricks for Succes,,low
2026-04-22,Wednesday,PAL Session - MATH 1241 (ONLINE),ONLINE,none
2026-04-22,Wednesday,PAL Session - MATH 1242 (FRET 205),FRET 205,none
2026-04-22,Wednesday,PAL Session - MATH 2171 (ONLINE),ONLINE,none
2026-04-22,Wednesday,PAL Session: ACCT 2122 (FRIDAY 116),FRIDAY 116,none
2026-04-22,Wednesday,PAL Session: BIOL 2120 (FRIDY 381),FRIDY 381,none
2026-04-22,Wednesday,PAL Session: CHEM 1204 (ONLINE),Online,none
2026-04-22,Wednesday,Party for the Planet,Belk Plaza,low
2026-04-22,Wednesday,PAL Session - MATH 2241 (ONLINE),ONLINE,none
2026-04-22,Wednesday,PAL Session: ENGR 1301 (COLVD 5096),COLVD 5096,none
2026-04-22,Wednesday,PAL Session: CHEM 1200 (ONLINE),ONLINE,none
2026-04-22,Wednesday,Weekly Meeting Option 2 of 2,Denny,low
2026-04-22,Wednesday,$5 InBody Composition Night,University Recreation Center Room 208,low
2026-04-22,Wednesday,PAL Session - COMM 2100 (FRIDY 132),FRIDY 132,none
2026-04-22,Wednesday,NSBE Handoff Meeting,Smith,low
2026-04-22,Wednesday,PAL Session: ACCT 2121 (COLVD 5092),COLVD 5092,none
2026-04-22,Wednesday,Crocheting Club General Meeting,McEniry,low
2026-04-22,Wednesday,ELSO Scribble Sessions - Spring 2026,,low
2026-04-22,Wednesday,Wednesday Night Live,Popp Martin Student Union,medium
2026-04-22,Wednesday,Worship & Snow Cones,Fretwell,low
2026-04-22,Wednesday,Wind Ensemble and Symphonic Band,Robinson Hall,low
2026-04-23,Thursday,PAL Session: ACCT 2122 (ONLINE),Online,none
2026-04-23,Thursday,Visual Storytelling & Design: Creating with Google Slides & Drawings Description,,low
2026-04-23,Thursday,2026 CoAAPalooza,"Arts Quad- in between Robinson, Rowe Arts, and Storrs",low
2026-04-23,Thursday,Improving Digital Safety for Educational Migrants: Understanding Vulnerabilities and Designing Protection Mechanisms During Migration and Transition,Woodward,low
2026-04-23,Thursday,Mechanical Engineering Graduate Programs Information Session,,low
2026-04-23,Thursday,PAL Session - PHYS 2101 (COLVD 4068),COLVD 4068,none
2026-04-23,Thursday,PAL Session: ACCT 2121 (BELK 207),BELK GYM 207,none
2026-04-23,Thursday,Digital Accessibility ‘Fix-It Clinic’,,low
2026-04-23,Thursday,PAL Session - CHEM 1252 (FRET 306),FRET 306,none
2026-04-23,Thursday,PAL Session: ACCT 3323 (ONLINE),Online,none
2026-04-23,Thursday,Play Day,Cauble Quad (formerly CHHS/CoEd Plaza),low
2026-04-23,Thursday,Study Abroad Table,Popp Martin Student Union,medium
2026-04-23,Thursday,PAL Session - MATH 1241 (BELK GYM 206),BELK GYM 206,none
2026-04-23,Thursday,PAL Session - EXER 2169 (SMITH 204),SMITH 204,none
2026-04-23,Thursday,EXAM REVIEW PAL Session - ECON 2101 (ONLINE),Online,none
2026-04-23,Thursday,PAL Session - CHEM 2131 (ONLINE),Online,none
2026-04-23,Thursday,PAL Session - MATH 2241 (MCEN 118),MCEN 118,none
2026-04-23,Thursday,PAL Session - MATH 1241 (SMITH 217),SMITH 217,none
2026-04-23,Thursday,PAL Session - MATH 2171 (FRIDY 383),FRIDY 383,none
2026-04-23,Thursday,PAL Session: ENGR 1301 (COLVD 5092),COLVD 5092,none
2026-04-23,Thursday,Rooted in Community,Waddell Center for Student Health and Wellbeing,low
2026-04-23,Thursday,SMART Recovery (Virtual Group),,none
2026-04-23,Thursday,Green Dot Bystander Training,TBD,low
2026-04-23,Thursday,PAL Session: PSYC 1101 (MACY 206),MACY 206,none
2026-04-23,Thursday,Black Atlantic Worlds: A Conversation on Landscape Histories of the African Diaspora (Cancelled),Atkins Library - Halton Reading Room,low
2026-04-23,Thursday,PAL Session - MATH 1242 (MCEN 401),MCEN 401,none
2026-04-23,Thursday,PAL Session: BIOL 2120 (ONLINE),Online,none
2026-04-23,Thursday,Charlotte Sports Analytics Club Weekly Meeting,Friday,low
2026-04-23,Thursday,Earth Month Film Series: Buy Now: The Shopping Conspiracy,Klein Hall,low
2026-04-23,Thursday,PAL Session: ECON 3125 (SMITH 219),SMITH 219,none
2026-04-23,Thursday,The Podcaster's Guide to Using AI,,low
2026-04-23,Thursday,PAL Session: ACCT 2121 (ONLINE),Online,none
2026-04-23,Thursday,PAL Session: ECON 2102 (COLVD 5092),COLVD 5092,none
2026-04-23,Thursday,Orchestra,Robinson Hall,low
2026-04-23,Thursday,Rhythm,College of Health & Human Services (CHHS),low
2026-04-23,Thursday,Niners at Night: Silent Disco Party,Cone University Center,low
2026-04-24,Friday,Charlotte 49ers Track & Field vs Charlotte Invitational,"Charlotte, N.C.",low
2026-04-24,Friday,Graduate Recruitment Virtual Office Hours,,none
2026-04-24,Friday,Niner Finances Walk In Hours,King Building ,low
2026-04-24,Friday,PAL Session: EXER 2168 (FRIDY 128),FRIDY 128,none
2026-04-24,Friday,Walk In Hours,King,low
2026-04-24,Friday,Career Trek: Lowe’s Careers in Merchandising,,low
2026-04-24,Friday,PAL Session: CHEM 1200 (ONLINE),Online,none
2026-04-24,Friday,PAL Session: ECON 2102 (ONLINE),Online,none
2026-04-24,Friday,Formatting and Submitting Your Thesis or Dissertation,Online,low
2026-04-24,Friday,PAL Session: PSYC 2113 (ONLINE),ONLINE,none
2026-04-24,Friday,PAL Session: CHEM 1200 (DENNY 215),DENNY 215,none
2026-04-24,Friday,PAL Session - CHEM 1251 (ONLINE),Online,none
2026-04-24,Friday,PAL Session - PHIL 2105 (ONLINE),ONLINE,none
2026-04-24,Friday,PAL Session - PHYS 1102 (ONLINE),ONLINE,none
2026-04-24,Friday,PAL Session - PSYC 1101 (ONLINE),ONLINE,none
2026-04-24,Friday,PAL Session - PHYS 2101 (Online),ONLINE,none
2026-04-24,Friday,PAL Session: ECON 2101 (COLVD 2006),COLVD 2006,none
2026-04-24,Friday,Niners with Novels Reading Club Meeting,Friday,low
2026-04-24,Friday,PAL Session - COMM 2100 (ONLINE),Online,none
2026-04-24,Friday,Treasure! A Bruno Mars-Inspired Dance Showcase,McKnight Auditorium,low
2026-04-24,Friday,PAL Session - EXER 2169 (ONLINE),ONLINE,none
2026-04-24,Friday,PAL Session: ECON 3125 (ONLINE),Online,none
2026-04-24,Friday,LambdAsada 2026,South Village Courtyard,low
2026-04-24,Friday,PAL Session - MATH 1242 (ONLINE),ONLINE,none
2026-04-24,Friday,PAL Session - CHEM 1252 (ONLINE),Online,none
2026-04-24,Friday,Caitlyns path to ECU dental,Denny 120,low
2026-04-24,Friday,AutoFair,49th Acre,low
2026-04-24,Friday,Airband,Halton Arena,high
2026-04-24,Friday,"LEGENDARY GAME NIGHT (we back, with NEW games!) (Cancelled)",College of Health & Human Services (CHHS),low
2026-04-24,Friday,Bad News,Rowe,low
2026-04-24,Friday,Composition Recital,Rowe Recital Hall,low
2026-04-25,Saturday,Spring Flowers Hike,Pisgah National Forest (weather/ conditions permitting),low
2026-04-25,Saturday,Greek Games,NRFC Fields 16/15,low
2026-04-25,Saturday,Charlotte 49ers Women's Soccer at Wofford,"Spartanburg, SC",low
2026-04-25,Saturday,Bad News,Rowe,low
2026-04-25,Saturday,Phi Mu Alpha Music in the Park,Star Quad,low
2026-04-25,Saturday,Beyond Boundaries Fashion Show,Popp Martin Student Union,medium
2026-04-25,Saturday,End of Year Gala,Popp Martin Student Union,medium
2026-04-25,Saturday,No Tears Project,"Robinson Hall, Belk Theater",low
2026-04-26,Sunday,Greek Awards,Cone University Center,low
2026-04-26,Sunday,2026 STEAM Expo Volunteer Sign up,Cauble Quad (across the street from Union),medium
2026-04-26,Sunday,BMES - Mini BEE Series,Charlotte Mecklenburg Library – University City Regional,low
2026-04-26,Sunday,LACE Noche De Comunidad Gala,Student Union 340,medium
2026-04-27,Monday,Charlotte Men's Golf at Round 1- Ritz Carlton Members Club,"Bradenton, Fla.",low
2026-04-27,Monday,Master’s Thesis Defense Deadline,UNC Charlotte Academic Calendar,none
2026-04-27,Monday,Grad School 101: Start Your Program Search with Confidence,,low
2026-04-27,Monday,PAL Session - EXER 2168 (ONLINE),ONLINE,none
2026-04-27,Monday,PAL Session - PHYS 2101 (COLVD 5090),COLVD 5090,none
2026-04-27,Monday,PAL Session: ACCT 2122 (COLVD 5092),COLVD 5092,none
2026-04-27,Monday,PAL Session: CHEM 1200 (FRIDY 122),FRIDAY 122,none
2026-04-27,Monday,M.S. in Management Virtual Information Session,,none
2026-04-27,Monday,PAL Session: ACCT 2121 (ONLINE),Online,none
2026-04-27,Monday,PAL Session: PSYC 2113 (DENNY 105),DENNY 105,none
2026-04-27,Monday,Study Night + Senior Send Off,UNC Charlotte,low
2026-04-27,Monday,Enrolling in the NC 401(k) and NC 457 Plans,,low
2026-04-27,Monday,PAL Session - EXER 2169 (FRIDY 144),FRIDY 144,none
2026-04-27,Monday,PAL Session: ACCT 3323 (MCEN 123),MCEN 123,none
2026-04-27,Monday,PAL Session - MATH 1242 (FRIDY 107),FRIDY 107,none
2026-04-27,Monday,PAL Session: CHEM 1251 (COLVD 5092),COLVD 5092,none
2026-04-27,Monday,PAL Session: ECON 2101 (FRIDY 122),FRIDY 122,none
2026-04-27,Monday,PAL Session - MATH 2164 (FRIDY 123),FRIDY 123,none
2026-04-27,Monday,MSW Virtual Information Session,,none
2026-04-27,Monday,PAL Session - PHYS 1102 (DENNY 203),DENNY 203,none
2026-04-27,Monday,PAL Session - CHEM 2131 (FRIDAY 128),FRIDY 128,none
2026-04-27,Monday,PAL Session: BIOL 2120 (COLVD 5092),COLVD 5092,none
2026-04-27,Monday,PAL Session: PSYC 1101 (COLVD 3140),COLVD 3140,none
2026-04-27,Monday,Prism General Body Meeting,Fretwell,low
2026-04-27,Monday,Senior Send-Off,,low
2026-04-27,Monday,CO-LAB Venture Pitch Competition,CO-LAB at UNC Charlotte Center City,low
2026-04-27,Monday,CO-LAB Ventures Pitch Competition,CO-LAB at UNC Charlotte Center City,low
2026-04-27,Monday,PAL Session - CHEM 1252 (COLVD 5091),COLVD 5091,none
2026-04-27,Monday,NSBE Study Hall,College of Health & Human Services (CHHS),low
2026-04-27,Monday,PAL Session: ENGR 1301 (ONLINE),Online,none
2026-04-27,Monday,Write Now!,,low
2026-04-27,Monday,Monday Night Bible Study,College of Health & Human Services (CHHS),low
2026-04-27,Monday,PAL Session - MATH 2164 (ONLINE),ONLINE,none
2026-04-27,Monday,Percussion Ensemble,Robinson Hall,low
2026-04-28,Tuesday,Charlotte Men's Golf at Round 2- Ritz Carlton Members Club,"Bradenton, Fla.",low
2026-04-28,Tuesday,Ace Your Graduate School Application: Tips and Tricks for Succes,,low
2026-04-28,Tuesday,Nourish Up: Fight Against Hunger!,Nourish Up Warehouse,low
2026-04-28,Tuesday,PAL Session - MATH 2171 (DENNY 203),DENNY 203,none
2026-04-28,Tuesday,Master of Accountancy (MACC) Virtual Information Session,,none
2026-04-28,Tuesday,PAL Session: ECON 3125 (DENNY 215),DENNY 215,none
2026-04-28,Tuesday,NC 401(k) and NC 457 Plans Retirement Readiness,,low
2026-04-28,Tuesday,PAL Session - CHEM 1251 (FRIDY 155),FRIDY 155,none
2026-04-28,Tuesday,PAL Session: ACCT 2122 (FRET 306),FRET 306,none
2026-04-28,Tuesday,PAL Session - COMM 2100 (ROBIN 308),ROBIN 308,none
2026-04-28,Tuesday,PAL Session: ACCT 2121 (COLVD 5092),COLVD 5092,none
2026-04-28,Tuesday,Student Org Advisor Workshop,Popp Martin Student Union,medium
2026-04-28,Tuesday,Study Abroad Peer Advising,College of Health & Human Services (CHHS),low
2026-04-28,Tuesday,Self-Accountability: Building Discipline and Achieving Your Goals,,low
2026-04-28,Tuesday,Alcoholics Anonymous (AA),Waddell Center for Student Health and Wellbeing Room 107,low
2026-04-28,Tuesday,PAL Session - MATH 1241 (FRET 405),FRET 405,none
2026-04-28,Tuesday,PAL Session - MATH 1242 (CHHS 294),CHHS 294,none
2026-04-28,Tuesday,PAL Session: ACCT 3323 (MACY 206),MACY 206,none
2026-04-28,Tuesday,PAL Session: CHEM 1204,DENNY 120,none
2026-04-28,Tuesday,PAL Session: ENGR 1301 (FRIDY 386),FRIDY 386,none
2026-04-28,Tuesday,PAL Session - EXER 2168 (COLVD 5092),COLVD 5092,none
2026-04-28,Tuesday,PAL Session - PHIL 2105 (COLVD 4068),COLVD 4068,none
2026-04-28,Tuesday,PAL Session - PSYC 1101 (ROBIN 109),ROBIN 109,none
2026-04-28,Tuesday,PAL Session: PSYC 2113 (COLVD 4123),COLVD 4123,none
2026-04-28,Tuesday,Two Ways to MBA Virtual Information Session,,none
2026-04-28,Tuesday,Weekly Meeting Option 1 of 1,Fretwell,low
2026-04-28,Tuesday,Laso Wedding,Hauser Alumni Pavillion,low
2026-04-28,Tuesday,PAL Session - PHYS 1102 (COLVD 5092),COLVD 5092,none
2026-04-28,Tuesday,Nikao College Small Groups,Mebane,low
2026-04-28,Tuesday,PAL Session: CHEM 2131 (ONLINE),Online,none
2026-04-28,Tuesday,Women's Chorus,Robinson Hall,low
2026-04-28,Tuesday,Men's Chorus,Robinson Hall,low
2026-04-29,Wednesday,Charlotte Men's Golf at Round 3- Ritz Carlton Members Club,"Bradenton, Fla.",low
2026-04-29,Wednesday,Last day of classes,UNC Charlotte Academic Calendar,low
2026-04-29,Wednesday,Last day of classes for Second-Half Term,UNC Charlotte Academic Calendar,low
2026-04-29,Wednesday,Closing the Loop in Assessment,Union 263,low
2026-04-29,Wednesday,Funding Your Future: Navigating Graduate Funding Strategies,,low
2026-04-29,Wednesday,PAL Session: ACCT 2121 (FRIDAY 122),FRIDAY 122,none
2026-04-29,Wednesday,MSW Virtual Information Session,,none
2026-04-29,Wednesday,PAL Session: ACCT 3323 (FRIDY 123),FRIDY 123,none
2026-04-29,Wednesday,PAL Session: EXER 2168 (FRIDAY 130),FRIDY 130,none
2026-04-29,Wednesday,PAL Session: PSYC 2113 (FRIDY 155),FRIDY 155,none
2026-04-29,Wednesday,Study Abroad Peer Advising,College of Health & Human Services (CHHS),low
2026-04-29,Wednesday,PAL Session: ECON 2102 (SMITH 306),SMITH 306,none
2026-04-29,Wednesday,PAL Session - MATH 1242 (ONLINE),ONLINE,none
2026-04-29,Wednesday,PAL Session - MATH 2164 (SMITH 201),SMITH 201,none
2026-04-29,Wednesday,PAL Session - PHYS 2101 (DENNY 206),DENNY 206,none
2026-04-29,Wednesday,PAL Session - EXER 2169 (MCEN 123),MCEN 123,none
2026-04-29,Wednesday,PAL Session - MATH 1241 (COLVD 5092),COLVD 5092,none
2026-04-29,Wednesday,PAL Session - CHEM 1252 (SMITH 204),SMITH 204,none
2026-04-29,Wednesday,PAL Session - PHIL 2105 (COLVD 3120),COLVD 3120,none
2026-04-29,Wednesday,PAL Session: ECON 2101 (COLVD 4068),COLVD 4068,none
2026-04-29,Wednesday,PAL Session - PHYS 1102 (MCEN 401),MCEN 401,none
2026-04-29,Wednesday,PAL Session - PHYS 2101 (SMITH 328) (Cancelled),SMITH 328,none
2026-04-29,Wednesday,Army ROTC Awards Ceremony,Memorial Hall,medium
2026-04-29,Wednesday,PAL Session: CHEM 2131 (COLVD 5092),COLVD 5092,none
2026-04-29,Wednesday,Bank of America Information Session,,low
2026-04-29,Wednesday,PAL Session - MATH 1241 (ONLINE),ONLINE,none
2026-04-29,Wednesday,PAL Session - MATH 1242 (FRET 205),FRET 205,none
2026-04-29,Wednesday,PAL Session - MATH 2171 (ONLINE),ONLINE,none
2026-04-29,Wednesday,PAL Session: ACCT 2122 (FRIDAY 116),FRIDAY 116,none
2026-04-29,Wednesday,PAL Session: BIOL 2120 (FRIDY 381),FRIDY 381,none
2026-04-29,Wednesday,PAL Session: CHEM 1204 (ONLINE),Online,none
2026-04-29,Wednesday,PAL Session - MATH 2241 (ONLINE),ONLINE,none
2026-04-29,Wednesday,PAL Session: ENGR 1301 (COLVD 5096),COLVD 5096,none
2026-04-29,Wednesday,PAL Session: CHEM 1200 (ONLINE),ONLINE,none
2026-04-29,Wednesday,PAL Session - COMM 2100 (FRIDY 132),FRIDY 132,none
2026-04-29,Wednesday,PAL Session: ACCT 2121 (COLVD 5092),COLVD 5092,none
2026-04-29,Wednesday,Crocheting Club General Meeting,McEniry,low
2026-04-29,Wednesday,Wednesday Night Live,Popp Martin Student Union,medium
2026-04-29,Wednesday,University Chorale,Robinson Hall,low
2026-04-29,Wednesday,Late Night Breakfast,SoVi Dining Hall,low
2026-04-30,Thursday,Reading Day,UNC Charlotte Academic Calendar,low
2026-04-30,Thursday,Reading Day for Second-Half Term,UNC Charlotte Academic Calendar,low
2026-04-30,Thursday,Coffee Chats with Belk College Graduate Programs,Caribou Coffee Uptown in Founders Hall,low
2026-04-30,Thursday,Adaptive Markets & Creative Liberty Symposium: Classical Liberal Solutions for a Transforming World,Dubois Center at UNC Charlotte Center City,medium
2026-04-30,Thursday,LGERS Retirement Planning Webinar,,none
2026-04-30,Thursday,Data Made Easy: Automating Your Workflow with Google Forms & Sheets,,low
2026-04-30,Thursday,CCI End of Year Student Leadership Transition Ceremony,Woodward Hall 106,low
2026-04-30,Thursday,Outdoor Pilates Pop-Up,,low
2026-04-30,Thursday,Reading Day Refuel,Outside of Atkins Ground Floor Entrance,low
2026-04-30,Thursday,TSERS Retirement Planning Webinar,,none
2026-04-30,Thursday,Thursday Worship Night,Popp Martin Student Union,medium
2026-05-01,Friday,Faculty Textbook Adoption Deadline (Fall),,low
2026-05-01,Friday,Final Examinations begin,UNC Charlotte Academic Calendar,low
2026-05-01,Friday,Final Examinations for Second-Half Term,UNC Charlotte Academic Calendar,low
2026-05-01,Friday,Adaptive Markets & Creative Liberty Symposium: Classical Liberal Solutions for a Transforming World,Dubois Center at UNC Charlotte Center City,medium
2026-05-01,Friday,Master of Public Health - Admissions Virtual Drop-In Hour,,none
2026-05-01,Friday,Niner Finances Walk In Hours,King Building ,low
2026-05-01,Friday,Walk In Hours,King,low
2026-05-01,Friday,Spring 2026 - Engineering Senior Design Expo,Halton Arena,high
2026-05-01,Friday,Spring 2026: Engineering Senior Design Expo,Halton Arena,high
2026-05-01,Friday,Mindfulness Mediation,"Visualization Lab, Atkins Second Floor",low
2026-05-02,Saturday,Final Examinations for Saturday classes,UNC Charlotte Academic Calendar,low
2026-05-02,Saturday,Odyssey/Odissi,Robinson Hall,low
2026-05-03,Sunday,Charlotte 49ers Track & Field at Duke Twilight,"Durham, N.C.",low
2026-05-03,Sunday,Odyssey/Odissi,Robinson Hall,low
2026-05-03,Sunday,University Chorale,First Presbyterian Church Concord,low
2026-05-04,Monday,Final Examinations continued,UNC Charlotte Academic Calendar,low
2026-05-04,Monday,Last day to submit master’s thesis for May 2026 graduation,UNC Charlotte Academic Calendar,low
2026-05-04,Monday,Grad School 101: Start Your Program Search with Confidence,,low
2026-05-04,Monday,Mindfulness Mediation,"Visualization Lab, Atkins Second Floor",low
2026-05-04,Monday,De-Stress for Success: CAPS Help Desk,"Atkins First Floor Atrium, near the back",low
2026-05-04,Monday,Closing the Loop in Assessment (Cancelled),Cone 111,low
2026-05-05,Tuesday,Final Examinations continued,UNC Charlotte Academic Calendar,low
2026-05-05,Tuesday,Know Before You Go: Essential Steps for Newly Admitted Students,,high
2026-05-05,Tuesday,Effective Decision Making: From Small Choices to High-Impact Outcomes,,low
2026-05-05,Tuesday,Belk College of Business Alumni Coffee,Dubois Center at UNC Charlotte Center City,low
2026-05-05,Tuesday,North Carolina Economic Forecast,Dubois Center at UNC Charlotte Center City,low
2026-05-05,Tuesday,Mindfulness Mediation,"Visualization Lab, Atkins Second Floor",low
2026-05-05,Tuesday,Streamline Your Storage: Mastering Google Drive,,low
2026-05-06,Wednesday,Final Examinations continued,UNC Charlotte Academic Calendar,low
2026-05-06,Wednesday,Niners in the Queen City: Exploring Life in Charlotte and NC,,low
2026-05-06,Wednesday,AI@Work Discussion Series,,low
2026-05-06,Wednesday,Get Moving: An Introduction to Exercise Webinar,,none
2026-05-07,Thursday,Final Examinations continued,UNC Charlotte Academic Calendar,low
2026-05-07,Thursday,Ace Your Graduate School Application: Tips and Tricks for Succes,,low
2026-05-07,Thursday,The Digital Desk-Mate: Prompting Gemini & Copilot for a Smarter To-Do List Workflow,,low
2026-05-08,Friday,Commencement,UNC Charlotte Academic Calendar,high
2026-05-08,Friday,Graduate Admissions Virtual Office Hours,,none
2026-05-09,Saturday,Commencement,UNC Charlotte Academic Calendar,high
2026-05-11,Monday,Academic Year ends,UNC Charlotte Academic Calendar,low
2026-05-11,Monday,Fidelity Investments Hackathon,,low
2026-05-11,Monday,Optimizing the ICU during epidemics: developing frameworks supporting healthcare systems during public health emergencies,Fretwell,low
2026-05-11,Monday,"Differences in Sexual Assault Kit Initiative (SAKI) Cases Obtained from Child, Adolescent, and Adult Survivors",Register through this form to receive Zoom link: http://bit.ly/3L2dE5U,low
2026-05-12,Tuesday,Vanguard's North Star 2026 Experiential Learning Program,,low
2026-05-12,Tuesday,Know Before You Go: Essential Steps for Newly Admitted Students,,high
2026-05-12,Tuesday,Beyond the Basics: Designing Dynamic Docs and Slides,,low
2026-05-12,Tuesday,GInkgo Residential Guest Lecture Series,Independent Picture House,low
2026-05-12,Tuesday,Ginkgo Residential Speaker Series: “A Republic If You Can Afford It: How Much Does It Cost to Administer Elections?”,Independent Picture House,low
2026-05-14,Thursday,Charlotte 49ers Track & Field at American Conference Championships,"Denton, Tx.",medium
2026-05-14,Thursday,Spring 2026 Probation/Suspension notifications sent to students,UNC Charlotte Academic Calendar,low
2026-05-14,Thursday,Digital Communication: Strategies for University Success and Efficient Email Management,,low
2026-05-15,Friday,Charlotte 49ers Track & Field at American Conference Championships,"Denton, Tx.",medium
2026-05-18,Monday,First Day of Classes,UNC Charlotte Academic Calendar,low
2026-05-18,Monday,Grad School 101: Start Your Program Search with Confidence,,low
2026-05-19,Tuesday,Last Day to Add or Drop a Class with no grade,UNC Charlotte Academic Calendar,none
2026-05-19,Tuesday,Spring 2026 Writing Retreat,Dubois Center at UNC Charlotte Center City,low
2026-05-19,Tuesday,Niners in the Queen City: Exploring Life in Charlotte and NC,,low
2026-05-19,Tuesday,Healthy Grilling Makeovers: Reinventing BBQ Classics - OSHR Lunch & Learn,,low
2026-05-19,Tuesday,M.S. in Financial Engineering and Fintech Virtual Information Session,,none
2026-05-19,Tuesday,Visual Storytelling & Design: Creating with Google Slides & Drawings Description,,low
2026-05-19,Tuesday,"Question, Persuade, Refer (QPR) Training",,low
2026-05-19,Tuesday,MSW Virtual Information Session,,none
2026-05-20,Wednesday,Last Day to Add or Drop a Class with no grade,UNC Charlotte Academic Calendar,none
2026-05-20,Wednesday,Payment Due Date/cancellation for nonpayment,UNC Charlotte Academic Calendar,low
2026-05-20,Wednesday,Emotional Intelligence: Enhancing Self-Awareness and Interpersonal Skills,,low
2026-05-20,Wednesday,Spring 2026 Writing Retreat,Dubois Center at UNC Charlotte Center City,low
2026-05-20,Wednesday,Google Gemini 101: Getting Started with Generative AI,,low
2026-05-20,Wednesday,Ace Your Graduate School Application: Tips and Tricks for Success,,low
2026-05-20,Wednesday,CREATION AND VALIDATION OF THE SUICIDE PRONENESS SCALE (SPS): A NEW MEASURE OF SUICIDE PRONENESS,Register through this form to receive Zoom link: http://bit.ly/3L2dE5U,low
2026-05-20,Wednesday,"Laughter, Humor, and Play to Reduce Stress and Solve Problems Webinar",,none
2026-05-20,Wednesday,M.S. in Economics Virtual Information Session,,none
2026-05-20,Wednesday,Using Generative AI in Your Daily Work,,low
2026-05-20,Wednesday,Belk College of Business Atlanta Alumni Reception,The Commerce Club Atlanta,medium
2026-05-21,Thursday,Payment Due Date/cancellation for nonpayment,UNC Charlotte Academic Calendar,low
2026-05-21,Thursday,Mental Health First Aid,Foundation Building,low
2026-05-21,Thursday,Funding Your Future: Navigating Graduate Funding Strategies,,low
2026-05-21,Thursday,Charlotte & Triangle Center for Evolutionary Medicine Launch Event,Bioinformatics Building,low
2026-05-21,Thursday,M.S. in Real Estate Virtual Information Session,,none
2026-05-25,Monday,Memorial Day (No Classes),UNC Charlotte Academic Calendar,low
2026-05-26,Tuesday,Grade Replacement auto selection process run,UNC Charlotte Academic Calendar,low
2026-05-26,Tuesday,Master’s Thesis Proposal Defense Deadline for Summer 2026 Graduation,UNC Charlotte Academic Calendar,low
2026-05-26,Tuesday,Grad School 101: Start Your Program Search with Confidence,,low
2026-05-26,Tuesday,Data Made Easy: Automating Your Workflow with Google Forms & Sheets,,low
2026-05-26,Tuesday,MSW Virtual Information Session,,none
2026-05-27,Wednesday,Charlotte 49ers Track & Field at NCAA East Preliminaries,"Lexington, Ky.",low
2026-05-27,Wednesday,Niner Course Pack Last Day to Opt-Out,UNC Charlotte Academic Calendar,low
2026-05-27,Wednesday,2026 Writing and Renewal Retreat,UNC Charlotte Botanical Gardens and Sycamore Hall,low
2026-05-27,Wednesday,DSBA and HIA Prospective Graduate Student Information Session,,low
2026-05-27,Wednesday,Ace Your Graduate School Application: Tips and Tricks for Success,,low
2026-05-28,Thursday,Charlotte 49ers Track & Field at NCAA East Preliminaries,"Lexington, Ky.",low
2026-05-28,Thursday,Niner Course Pack Last Day to Opt-Out,UNC Charlotte Academic Calendar,low
2026-05-28,Thursday,Funding Your Future: Navigating Graduate Funding Strategies,,low
2026-05-28,Thursday,The Knowledge Navigator: Using Notebook LM to Transform Docs into Deliverables and Success,,low
2026-05-29,Friday,Charlotte 49ers Track & Field at NCAA East Preliminaries,"Lexington, Ky.",low
2026-05-29,Friday,Public Speaking: Presentation Strategies for Professional Success,,low
2026-06-01,Monday,Funding Your Future: Navigating Graduate Funding Strategies,,low
2026-06-02,Tuesday,Know Before You Go: Essential Steps for Newly Admitted Students,,high
2026-06-03,Wednesday,2026 Writing and Renewal Retreat,UNC Charlotte Botanical Gardens and Sycamore Hall,low
2026-06-03,Wednesday,Grad School 101: Start Your Program Search with Confidence,,low
2026-06-03,Wednesday,Conflict Resolution: Navigating Colleague-to-Colleague Differences,,low
2026-06-03,Wednesday,M.S. in Management Virtual Information Session,,none
2026-06-04,Thursday,Ace Your Graduate School Application: Tips and Tricks for Success,,low
2026-06-04,Thursday,Master of Accountancy (MACC) Virtual Information Session,,none
2026-06-08,Monday,Last Day to Change Grade Type (P/NC or Audit) for First Half Term,UNC Charlotte Academic Calendar,low
2026-06-08,Monday,Last day to Change or Opt-Out of Grade Replacement for First Half Term,UNC Charlotte Academic Calendar,low
2026-06-08,Monday,Last day to withdraw from course (s) for First Half Term grade subject to Withdrawal Policy,UNC Charlotte Academic Calendar,none
2026-06-08,Monday,Ace Your Graduate School Application: Tips and Tricks for Success,,low
2026-06-09,Tuesday,Grad School 101: Start Your Program Search with Confidence,,low
2026-06-09,Tuesday,Conflict Resolution: Employee-Manager Differences and Managing Up,,low
2026-06-10,Wednesday,Charlotte 49ers Track & Field at NCAA Championships,"Eugene, Ore.",low
2026-06-10,Wednesday,2026 Writing and Renewal Retreat,UNC Charlotte Botanical Gardens and Sycamore Hall,low
2026-06-10,Wednesday,10 Strategies for Improving Your Personal Finances Webinar,,none
2026-06-10,Wednesday,Funding Your Future: Navigating Graduate Funding Strategies,,low
2026-06-11,Thursday,Charlotte 49ers Track & Field at NCAA Championships,"Eugene, Ore.",low
2026-06-11,Thursday,Customer Service: Elevating from Good to Great,,low
2026-06-11,Thursday,Niners in the Queen City: Exploring Life in Charlotte and NC,,low
2026-06-12,Friday,Charlotte 49ers Track & Field at NCAA Championships,"Eugene, Ore.",low
2026-06-12,Friday,Grading Available to Instructors for First Half Term,UNC Charlotte Academic Calendar,low
2026-06-12,Friday,AI@Work Discussion Series,,low
2026-06-15,Monday,Grad School 101: Start Your Program Search with Confidence,,low
2026-06-16,Tuesday,Ace Your Graduate School Application:Tips and Tricks for Success,,low
2026-06-17,Wednesday,2026 Writing and Renewal Retreat,UNC Charlotte Botanical Gardens and Sycamore Hall,low
2026-06-17,Wednesday,Effective Networking: Building Connections in Every Direction,,low
2026-06-17,Wednesday,Know Before You Go: Essential Steps for Newly Admitted Students,,high
2026-06-17,Wednesday,DSBA and HIA Prospective Graduate Student Information Session,,low
2026-06-18,Thursday,Funding Your Future: Navigating Graduate Funding Strategies,,low
2026-06-22,Monday,Last Day of Classes for First-Half Term,UNC Charlotte Academic Calendar,low
2026-06-22,Monday,Ace Your Graduate School Application:Tips and Tricks for Success,,low
2026-06-23,Tuesday,Final Examinations for First-Half Term,,low
2026-06-23,Tuesday,Niners in the Queen City: Exploring Life in Charlotte and NC,,low
2026-06-23,Tuesday,"Mentorship: Building Natural, Lasting Professional Relationships",,low
2026-06-24,Wednesday,Final Examinations for First-Half Term,,low
2026-06-24,Wednesday,2026 Writing and Renewal Retreat,UNC Charlotte Botanical Gardens and Sycamore Hall,low
2026-06-24,Wednesday,School’s Out: Getting Everyone Through the Summer Webinar,,none
2026-06-25,Thursday,Final Examinations for First-Half Term,,low
2026-06-25,Thursday,No Classes,,low
2026-06-25,Thursday,Funding Your Future: Navigating Graduate Funding Strategies,,low
2026-06-25,Thursday,"Question, Persuade, Refer (QPR) Training",,low
2026-06-26,Friday,No Classes,,low
2026-06-26,Friday,Mastering Time Management: Proven Techniques for Prioritizing Tasks,,low
2026-06-27,Saturday,No Classes,,low
2026-06-28,Sunday,No Classes,,low
2026-06-29,Monday,First Day of Classes for Second-Half Term,UNC Charlotte Academic Calendar,low
2026-06-29,Monday,Grades Due by for First Half Term,UNC Charlotte Academic Calendar,low
2026-06-29,Monday,Funding Your Future: Navigating Graduate Funding Strategies,,low
2026-06-30,Tuesday,Last Day to Add or Drop a Class with no grade for Second Half Term*,UNC Charlotte Academic Calendar,none
2026-06-30,Tuesday,Know Before You Go: Essential Steps for Newly Admitted Students,,high
2026-07-01,Wednesday,Census Date,UNC Charlotte Academic Calendar,low
2026-07-01,Wednesday,Last day to apply for Summer graduation,UNC Charlotte Academic Calendar,low
2026-07-01,Wednesday,Last Day to change Grade Type (P/NC or Audit) @11:59 pm Policy Information,UNC Charlotte Academic Calendar,low
2026-07-01,Wednesday,Last day to Change or Opt-Out of Grade Replacement for Full Term,UNC Charlotte Academic Calendar,low
2026-07-01,Wednesday,Last day to withdraw from course (s) grade subject to Withdrawal Policy,UNC Charlotte Academic Calendar,none
2026-07-01,Wednesday,2026 Writing and Renewal Retreat,UNC Charlotte Botanical Gardens and Sycamore Hall,low
2026-07-01,Wednesday,"Being a Good Team Player: Balancing Leadership, Dependability, and Collaboration",Colvard 5092,low
2026-07-02,Thursday,Niners in the Queen City: Exploring Life in Charlotte and NC,,low
2026-07-03,Friday,July 4th Holiday Observed- University Closed,UNC Charlotte Academic Calendar,low
2026-07-06,Monday,Ace Your Graduate School Application:Tips and Tricks for Success,,low
2026-07-07,Tuesday,Funding Your Future: Navigating Graduate Funding Strategies,,low
2026-07-07,Tuesday,Master of Accountancy (MACC) Virtual Information Session,,none
2026-07-08,Wednesday,Know Before You Go: Essential Steps for Newly Admitted Students,,high
2026-07-09,Thursday,Niners in the Queen City: Exploring Life in Charlotte and NC,,low
2026-07-10,Friday,From Chaos to Clarity: Maximizing Productivity with Effective Strategies and AI Tools,,low
2026-07-13,Monday,Know Before You Go: Essential Steps for Newly Admitted Students,,high
2026-07-14,Tuesday,Ace Your Graduate School Application:Tips and Tricks for Success,,low
2026-07-15,Wednesday,Funding Your Future: Navigating Graduate Funding Strategies,,low
2026-07-16,Thursday,Niners in the Queen City: Exploring Life in Charlotte and NC,,low
2026-07-16,Thursday,Successful Meetings: From Preparation to Follow-up,,low
2026-07-18,Saturday,Defense Deadline for Graduate Theses and Dissertations,UNC Charlotte Academic Calendar,low
2026-07-20,Monday,Know Before You Go: Essential Steps for Newly Admitted Students,,high
2026-07-21,Tuesday,Niners in the Queen City: Exploring Life in Charlotte and NC,,low
2026-07-21,Tuesday,"Employee Work-Life Integration: Approaches to Well-being, Productivity and Purpose",,low
2026-07-22,Wednesday,Ace Your Graduate School Application:Tips and Tricks for Success,,low
2026-07-23,Thursday,Funding Your Future: Navigating Graduate Funding Strategies,,low
2026-07-24,Friday,Grading Available to Instructors,UNC Charlotte Academic Calendar,low
2026-07-27,Monday,Funding Your Future: Navigating Graduate Funding Strategies,,low
2026-07-28,Tuesday,Last Day to Submit Graduate Theses and Dissertations,UNC Charlotte Academic Calendar,low
2026-07-28,Tuesday,Niners in the Queen City: Exploring Life in Charlotte and NC,,low
2026-07-28,Tuesday,Managing Procrastination: Practical Tools for Success,,low
2026-07-29,Wednesday,Know Before You Go: Essential Steps for Newly Admitted Students,,high
2026-07-30,Thursday,Self-Accountability: Building Discipline and Achieving Your Goals,,low
2026-07-30,Thursday,Ace Your Graduate School Application:Tips and Tricks for Success,,low
2026-07-31,Friday,Last Day of Classes,UNC Charlotte Academic Calendar,low
2026-08-01,Saturday,Annual Piano Sale,Robinson Hall,low
2026-08-01,Saturday,Carolina New Works Play Festival,Arts Factory,medium
2026-08-02,Sunday,Carolina New Works Play Festival,Arts Factory,medium
2026-08-03,Monday,Funding Your Future: Navigating Graduate Funding Strategies,,low
2026-08-04,Tuesday,Final Examinations,UNC Charlotte Academic Calendar,low
2026-08-04,Tuesday,Niners in the Queen City: Exploring Life in Charlotte and NC,,low
2026-08-05,Wednesday,Payment Due Date/Cancellation for non-payment,UNC Charlotte Academic Calendar,low
2026-08-05,Wednesday,Final Examinations,UNC Charlotte Academic Calendar,low
2026-08-05,Wednesday,AI@Work Discussion Series,,low
2026-08-05,Wednesday,Know Before You Go: Essential Steps for Newly Admitted Students,,high
2026-08-05,Wednesday,The Impacts Of Job Insecurity On Employee Engagement and Well-being Webinar,,none
2026-08-05,Wednesday,Data Made Easy: Simplifying Your Workflow with Google Sheets & Forms,,low
2026-08-05,Wednesday,Charlotte 49ers Women's Soccer at Appalachian State,"Boone, NC",low
2026-08-06,Thursday,Final Examinations,UNC Charlotte Academic Calendar,low
2026-08-07,Friday,Commencement,UNC Charlotte Academic Calendar,high
2026-08-08,Saturday,Charlotte 49ers Women's Soccer vs Queens (N.C.),"Charlotte, N.C., Jen Gaber Field",low
2026-08-10,Monday,Academic Year Begins,UNC Charlotte Academic Calendar,low
2026-08-10,Monday,Grades Due by noon,UNC Charlotte Academic Calendar,low
2026-08-10,Monday,Venture Bound - Outdoor Orientation Trip for New Students,Pisgah National Forest,high
2026-08-10,Monday,Canvas: Starting Fresh,,low
2026-08-10,Monday,Canvas: Quizzing,,low
2026-08-10,Monday,Ace Your Graduate School Application: Tips and Tricks for Succes,,low
2026-08-10,Monday,Canvas: Assignments and Gradebook,,low
2026-08-10,Monday,Canvas Studio: Engaging Learners with interactive videos,,low
2026-08-11,Tuesday,Spring Academic Suspension Appeal Deadline,UNC Charlotte Academic Calendar,low
2026-08-11,Tuesday,Venture Bound - Outdoor Orientation Trip for New Students,Pisgah National Forest,high
2026-08-11,Tuesday,Know Before You Go: Essential Steps for Newly Admitted Students,,high
2026-08-11,Tuesday,The Art of Asking Good Questions: Designing and Implementing Focus Groups,Cone Center 175,low
2026-08-12,Wednesday,Venture Bound - Outdoor Orientation Trip for New Students,Pisgah National Forest,high
2026-08-12,Wednesday,Master Your Workflow with Google Gmail and Calendar,,low
2026-08-12,Wednesday,Grad School 101: Start Your Program Search with Confidence,,low
2026-08-12,Wednesday,"Syllabus: Recent Changes, policies, and best practices",,low
2026-08-12,Wednesday,Writing Effective Prompts Gemini & Copilot for a Smarter To-Do List Workflow,,low
2026-08-12,Wednesday,Faculty Learning Community to Infuse Research in the Undergraduate Curriculum,,low
2026-08-13,Thursday,Niners in the Queen City: Exploring Life in Charlotte and NC,,low
2026-08-13,Thursday,Venture Bound - Outdoor Orientation Trip for New Students,Pisgah National Forest,high
2026-08-13,Thursday,Generative AI 101: Getting Started with Gemini & CoPilot,,low
2026-08-13,Thursday,Prospecting for Niner Success,,low
2026-08-13,Thursday,Prospecting for Niner Success; Virtual Adult Student Q&A,Online,none
2026-08-13,Thursday,New Grad Student Virtual Orientation,,none
2026-08-13,Thursday,Charlotte 49ers Women's Soccer vs Furman,"Charlotte, N.C., Jen Gaber Field",low
2026-08-14,Friday,New Doctoral Student Orientation,Harris Alumni Center,high
2026-08-14,Friday,Venture Bound - Outdoor Orientation Trip for New Students,Pisgah National Forest,high
2026-08-14,Friday,Active Learning with Poll Everywhere,,low
2026-08-14,Friday,CCI and SDS Fall Graduate Orientation,Woodward,high
2026-08-14,Friday,Getting Started with Active Teaching and Learning,,low
2026-08-14,Friday,RSA NinerFest,Field 14A-R,low
2026-08-15,Saturday,Movie Night at Jerry Richardson Stadium,Jerry Richardson Stadium,low
2026-08-15,Saturday,New Grad Student Welcome Reception,Hauser Alumni Pavilion,low
2026-08-15,Saturday,New Grad Student Welcome Reception!,Hauser Alumni Pavilion,low
2026-08-15,Saturday,Charlotte 49ers Women's Volleyball vs USC Upstate - Exhibition,"Charlotte, N.C.",low
2026-08-15,Saturday,CAB-Chella,49th Acre,low
2026-08-16,Sunday,New Student Convocation,UNC Charlotte Academic Calendar,high
2026-08-16,Sunday,Presidents' Leadership Workshop,Popp Martin Student Union,medium
2026-08-16,Sunday,Niner Career Challenge 2026!,Online,high
2026-08-16,Sunday,Niner New Year,"Barnhardt Student Activity Center, Halton Arena",high
2026-08-16,Sunday,49er Frenzy,Popp Martin Student Union,medium
2026-08-16,Sunday,RecFest,University Recreation Center,low
2026-08-16,Sunday,Charlotte 49ers Women's Soccer at Radford,"Radford, VA",low
2026-08-16,Sunday,Lime Ride Along,Craver Road,low
2026-08-16,Sunday,Race to the Parking Line,Union Parking Deck,low
2026-08-17,Monday,First day of classes,UNC Charlotte Academic Calendar,low
2026-08-17,Monday,First Day Free Coffee,Popp Martin Student Union,medium
2026-08-17,Monday,Part 1: Canvas Accessibility with UDOIT,,low
2026-08-17,Monday,SPAN 1101,"Mebane Hall, Cato College of Education, 8838 Craver Rd, Charlotte, NC 28223, USA, UNC Charlotte Academic Calendar",low
2026-08-17,Monday,"Part 2: Files and PDF Accessibility Checkers: Using Grackle, Adobe, and Microsoft Tools",,low
2026-08-17,Monday,GPPA Virtual Town Hall,Online,none
2026-08-17,Monday,Part 3: Designing Accessible Course Media,,low
2026-08-17,Monday,Digital Accessibility ‘Fix-It Clinic’,,low
2026-08-17,Monday,Cafe GBM,Fretwell,low
2026-08-17,Monday,2026 Interest Meeting,Popp Martin Student Union,medium
2026-08-17,Monday,How to Have Gospel Conversations,Popp Martin Student Union,medium
2026-08-17,Monday,Make Your Own Monday!,Wilson and Levine Halls Courtyard,low
2026-08-17,Monday,Niner Media Interest Meeting,Popp Martin Student Union,medium
2026-08-17,Monday,Co-Ed Small Group,CHHS 128,low
2026-08-17,Monday,Game Night,Popp Martin Student Union,medium
2026-08-17,Monday,Student Athletics Pep Rally,Jerry Richardson Stadium,low
2026-08-17,Monday,Student Athletics Pep Rally presented by Harris Teeter - Class of 2030 Photo,Jerry Richardson Stadium,low
2026-08-18,Tuesday,Customer Service: Elevating from Good to Great,,low
2026-08-18,Tuesday,Funding Your Future: Navigating Graduate Funding Strategies,,low
2026-08-18,Tuesday,Beyond the Basics: Designing Dynamic Google Docs,,low
2026-08-18,Tuesday,Canvas: Quizzing,,low
2026-08-18,Tuesday,Transfer T-Shirt Giveaway,Belk Plaza,low
2026-08-18,Tuesday,Canvas: Assignments and Gradebook,,low
2026-08-18,Tuesday,Invest in Your Academic Success with the UCAE - Gold Rush,Colvard Breezway,low
2026-08-18,Tuesday,Bad Art Day,"Area 49 Makerspace, Atkins Library 2nd Floor",low
2026-08-18,Tuesday,Canvas: Starting Fresh,,low
2026-08-18,Tuesday,Automating Tasks with Google Gemini: Building Custom Gems,,low
2026-08-18,Tuesday,Therapy Dogs at Atkins,"Atkins First Floor Atrium, near the back",low
2026-08-18,Tuesday,Canvas Studio: Engaging Learners with interactive videos,,low
2026-08-18,Tuesday,"Film Screening: ""The AI Doc: Or How I Became an Apocaloptimist""",Popp Martin Student Union,medium
2026-08-18,Tuesday,LoSo Fest,Hunt and Holshouser Halls Quad Area,medium
2026-08-18,Tuesday,The Fall Of Madam President,Robinson Hall Room 109,low
2026-08-19,Wednesday,Grad School 101: Start Your Program Search with Confidence,,low
2026-08-19,Wednesday,Part 1: Introduction to Gen-AI and Prompt Writing,,low
2026-08-19,Wednesday,Cartoons & Crunch,Popp Martin Student Union,medium
2026-08-19,Wednesday,Overview of Gen-AI Tools in Education,,low
2026-08-19,Wednesday,Open Swim Q&A: Mastering Google Workspace & Generative AI,,low
2026-08-19,Wednesday,Classroom Communication on AI Tools,,low
2026-08-19,Wednesday,Part 2: Student Study Skills with Gen-AI,,low
2026-08-19,Wednesday,PHD Counselor Education and Supervision Information Session,,low
2026-08-19,Wednesday,Girls Who Code Ice Cream Social,Star Quad,low
2026-08-19,Wednesday,Microsoft Learn Interest Meeting - Aug 19th,Denny 203,low
2026-08-19,Wednesday,ASA x HSA Water Wars,Field 14A,low
2026-08-19,Wednesday,Gold Rush - SEASA Edition,DENNY 200,low
2026-08-19,Wednesday,WIAS Membership & Board Interest Meeting,Storrs Library - Second Floor,low
2026-08-19,Wednesday,LoSo Fest,Hunt and Holshouser Halls Quad Area,medium
2026-08-19,Wednesday,SKY Weekly Meditation Meetings,FRET 305,low
2026-08-19,Wednesday,Welcome Home Bingo,Hauser Alumni Pavilion,low
2026-08-19,Wednesday,Campus Outreach Quad Volleyball,South Village Quad,low
2026-08-19,Wednesday,Craft Fair,Robinson Hall 308,medium
2026-08-19,Wednesday,Men In Treble Interest meeting,Student union 261,low
2026-08-19,Wednesday,South Village Quad Volleyball,South Village Quad,low
2026-08-19,Wednesday,Coffee House,Norms Lounge,low
2026-08-19,Wednesday,Equestrian Club Interest Meeting,Fretwell 306,low
2026-08-19,Wednesday,Glow in the Dark Dodgeball,Belk Gym,low
2026-08-20,Thursday,Ace Your Graduate School Application: Tips and Tricks for Succes,,low
2026-08-20,Thursday,8/20:  NC Energy & Electrical Virtual Career Fair-open to all majors & students,Online,none
2026-08-20,Thursday,Canvas: Assignments and Gradebook,,low
2026-08-20,Thursday,The Knowledge Navigator: Using Notebook LM to Transform Docs into Deliverables,,low
2026-08-20,Thursday,Jamil Niner Student Pantry: Thursday Volunteer Shift  | 10:30am – 12:45pm,Jamil Niner Student Pantry,low
2026-08-20,Thursday,"Exploring Canvas Course Analytics for Assignments, Quizzes, and Videos",,low
2026-08-20,Thursday,Scout Motors Campfire Conversations: A Virtual Engineering Recruitment Information Series,,none
2026-08-20,Thursday,Think about it Thursdays: Ed.D. Pathways,,low
2026-08-20,Thursday,Jamil Niner Student Pantry: Thursday Volunteer Shift  | 12:30pm – 2:45pm,Joshua Boyd,low
2026-08-20,Thursday,Campus Outreach Rowe Tabling,Outside Rowe Building,low
2026-08-20,Thursday,Canvas: Quizzing,,low
2026-08-20,Thursday,Student Org Advisor Workshop,Student Union 262,low
2026-08-20,Thursday,49rNext Transfer Student Welcome Event,Career Center Classroom,low
2026-08-20,Thursday,Canvas: Starting Fresh,,low
2026-08-20,Thursday,Jamil Niner Student Pantry: Thursday Volunteer Shift  |  2:30pm – 5:00pm,Jamil Niner Student Pantry,low
2026-08-20,Thursday,First-Gen Meet & Greet,Cone Center Lucas Room,low
2026-08-20,Thursday,Group Fitness Sampler,University Recreation Center,low
2026-08-20,Thursday,SOLD Council Workshop: Goal Setting,Cone 112,low
2026-08-20,Thursday,Charlotte 49ers Women's Soccer at NC State,"Raleigh, NC",low
2026-08-20,Thursday,FedEx Finders Scavenger Hunt,FedEx Office in Lower Prospector,low
2026-08-20,Thursday,Outlaster GBM,Leving Field 14A,low
2026-08-20,Thursday,Campus Outreach Cookout and Outdoor Sports,Northeast Recreational Field Complex (NRFC),low
2026-08-20,Thursday,Club Pickleball Interest Meeting,CHHS 145,low
2026-08-20,Thursday,It’s a 49er Affair,Martin Hall Patio,low
2026-08-20,Thursday,SASA x ASA Speedfriending,Cone University Center,low
2026-08-20,Thursday,Taekwondo Club Interest Meeting,Smith 348,low
2026-08-20,Thursday,Aqua-Cinema,University Recreation Center,low
2026-08-21,Friday,"Student Program, Substitution & Waiver submission deadline for Fall 2026",,low
2026-08-21,Friday,Campus Outreach Union Tabling,Outside Student Union,low
2026-08-21,Friday,Charlotte Mecklenburg Library in Atkins,Atkins Library - Main Entrance,low
2026-08-21,Friday,Graduate Admissions Virtual Office Hours,,none
2026-08-21,Friday,"Syllabus: Recent Changes, policies, and best practices",,low
2026-08-21,Friday,SDS Back-to-School Kick Off,Colvard South,low
2026-08-21,Friday,Getting Started with Active Teaching and Learning,,low
2026-08-21,Friday,Designing and Implementing Group Projects,,low
2026-08-21,Friday,Active Learning with Poll Everywhere,,low
2026-08-21,Friday,26-27 Auditions,Robinson Hall,low
2026-08-21,Friday,Charlotte 49ers Women's Volleyball vs Campbell - Exhibition,"Charlotte, N.C.",low
2026-08-22,Saturday,Saturday classes begin,UNC Charlotte Academic Calendar,low
2026-08-22,Saturday,"Student Program, Substitution & Waiver submission deadline for Fall 2026",,low
2026-08-22,Saturday,49rNext Transfer Student Welcome Event,Career Center Classroom,low
2026-08-22,Saturday,Charlotte 49ers Women's Volleyball vs Campbell - Exhibition,"Charlotte, N.C.",low
2026-08-22,Saturday,Cheer Nation Back to School Pep Rally,49th ACre,low
2026-08-22,Saturday,26-27 Auditions,Robinson Hall,low
2026-08-23,Sunday,Fall 2026 Graduate Education Summit,Cone University Center,medium
2026-08-23,Sunday,Social Kickball League - COED,Revolution Park,low
2026-08-23,Sunday,NPHC 2026 Yard Show,Star Quad,low
2026-08-23,Sunday,Charlotte 49ers Women's Soccer vs USC Upstate,"Charlotte, N.C., Jen Gaber Field",low
2026-08-24,Monday,"Last day to add, drop a course with no grade",UNC Charlotte Academic Calendar,none
2026-08-24,Monday,Know Before You Go: Essential Steps for Newly Admitted Students,,high
2026-08-24,Monday,Supporting Self-Directed Learning with Gemini Notebook,,low
2026-08-24,Monday,Jamil Niner Student Pantry: Monday Volunteer Shift  |  11:00am – 1pm,Jamil Niner Student Pantry,low
2026-08-24,Monday,Master of Accountancy (MACC) Virtual Information Session,,none
2026-08-24,Monday,Career Meet Up: Resumes for the Healthcare Industry,,low
2026-08-24,Monday,Ethical Considerations for Teaching with Gen-AI,,low
2026-08-24,Monday,Casual Chess Meetup,Popp Martin Student Union,medium
2026-08-24,Monday,Ready-to-Use AI Literacy Canvas Modules for Students,,low
2026-08-24,Monday,Career Meet Up: Brand You!,,low
2026-08-24,Monday,Zoom AI for Teaching,,none
2026-08-24,Monday,Sigma Tau Delta Interest Meeting- SLOT 1,Fretwell,low
2026-08-24,Monday,Info Session —England: Career Quest in London Study Abroad Program,,low
2026-08-24,Monday,Men In Treble Acapella Auditions,Student union 261,low
2026-08-24,Monday,The Riffters Acapella Auditions,Student union 261,low
2026-08-24,Monday,2026-2027 Interest Meeting,Mebane Hall,low
2026-08-24,Monday,Fall '26 Rush Day 1!,Popp Martin Student Union,medium
2026-08-24,Monday,How to Have Gospel Conversations,Popp Martin Student Union,medium
2026-08-24,Monday,Interest Meeting,Popp Martin Student Union,medium
2026-08-24,Monday,Welcome Back Bingo Bash,Popp Martin Student Union,medium
2026-08-24,Monday,Bible Study,Colvard,low
2026-08-24,Monday,Interest Meeting - 2026/2027 Season,Colvard,low
2026-08-24,Monday,Co-Ed Small Group,CHHS 128,low
2026-08-24,Monday,The Newsies at Charlotte,Robinson Hall 109,low
2026-08-25,Tuesday,Second Cancellation for nonpayment,UNC Charlotte Academic Calendar,low
2026-08-25,Tuesday,Ace Your Graduate School Application: Tips and Tricks for Success,,low
2026-08-25,Tuesday,Designing and Implementing Group Projects,,low
2026-08-25,Tuesday,Jamil Niner Student Pantry: Tuesday Volunteer Shift  |  10:30am – 12:45pm,Jamil Niner Student Pantry,low
2026-08-25,Tuesday,Career Meet Up: Resume Strategies that Get You Noticed Led by Driven Brands,,low
2026-08-25,Tuesday,Coffee & Conversation; Adult Student Meet ‘n Greet,Colvard North,low
2026-08-25,Tuesday,"Syllabus: Recent Changes, policies, and best practices",,low
2026-08-25,Tuesday,"Career Meet Up: Building a Strong Resume for Technology, Data & Analytics",,low
2026-08-25,Tuesday,Splash-A-Poodle,Cauble Quad,low
2026-08-25,Tuesday,UCAE Goal Setting Speed Learning Workshop,Colvard North 2006,low
2026-08-25,Tuesday,Jamil Niner Student Pantry: Tuesday Volunteer Shift  |  12:30pm – 2:45pm,Jamil Niner Student Pantry,low
2026-08-25,Tuesday,Active Learning with Poll Everywhere,,low
2026-08-25,Tuesday,Getting Started with Active Teaching and Learning,,low
2026-08-25,Tuesday,Jamil Niner Student Pantry: Tuesday Volunteer Shift  |  2:30pm – 5:00pm,Jamil Niner Student Pantry,low
2026-08-25,Tuesday,CCI/SDS Tuesday Seminar Series - Recent Alumni Panel,Main Campus,low
2026-08-25,Tuesday,Tea Club Interest meeting,McEniry,low
2026-08-25,Tuesday,Acapella Auditions,Student union 260,low
2026-08-25,Tuesday,Men In Treble Acapella Auditions,Student union 260,low
2026-08-25,Tuesday,"Welcome Back, Writers! | H.E.R. Society First Meeting",Online,low
2026-08-25,Tuesday,Microsoft Learn Interest Meeting - Aug 25th,Denny 203,low
2026-08-25,Tuesday,MiS Meet & Mingle,Popp Martin Student Union,medium
2026-08-25,Tuesday,Fall Semester 2026 Tryouts,NRFC Fields 14 & 15,low
2026-08-25,Tuesday,Women's Club Softball Interest Meeting,Fretwell Room 202,low
2026-08-25,Tuesday,"Faculty & Friends: Jessica Lindsey, clarinet",Rowe,low
2026-08-26,Wednesday,Writing Effective Prompts Gemini & Copilot for a Smarter To-Do List Workflow,,low
2026-08-26,Wednesday,Grad School 101: Start Your Program Search with Confidence,,low
2026-08-26,Wednesday,"Part 2: Files and PDF Accessibility Checkers: Using Grackle, Adobe, and Microsoft Tools",,low
2026-08-26,Wednesday,Effective Networking: Building Connections in Every Direction,,low
2026-08-26,Wednesday,Jamil Niner Student Pantry: Wednesday Volunteer Shift  |  10:30am – 12:45pm,Jamil Niner Student Pantry,low
2026-08-26,Wednesday,Career Center Art Gallery Opening Reception,,low
2026-08-26,Wednesday,Clothing Closet Pop Up,"Career Center Walkway, Atkins Annex, 150",low
2026-08-26,Wednesday,Clothing Closet Pop Up! - Gold Rush,,low
2026-08-26,Wednesday,Craft & Graze Session 1 Demo Kitchen,UREC Demo Kitchen,low
2026-08-26,Wednesday,Gold Rush Resource Fair,Cauble Quad (formerly CHHS/COED Plaza),medium
2026-08-26,Wednesday,Digital Accessibility ‘Fix-It Clinic’,,low
2026-08-26,Wednesday,DSBA and DSHA Prospective Graduate Student Information Session,,low
2026-08-26,Wednesday,Craft & Graze Session 2 Demo Kitchen,UREC Demo Kitchen,low
2026-08-26,Wednesday,Jamil Niner Student Pantry: Wednesday Volunteer Shift  |  12:30pm – 3:30pm,Jamil Niner Student Pantry,low
2026-08-26,Wednesday,Part 1: Canvas Accessibility with UDOIT,,low
2026-08-26,Wednesday,Write that down! Journal Decorating and Making,"Area 49 Makerspace, Atkins Library 2nd Floor",low
2026-08-26,Wednesday,Open Swim: PD Resources,Friday,low
2026-08-26,Wednesday,Career Meet Up: Effective Cover Letter Writing,,low
2026-08-26,Wednesday,UCAE Getting Organized Speed Learning Workshop,Colvard North 2006,low
2026-08-26,Wednesday,Career Meet Up: Using Mindfulness and Self-Awareness to Develop Your Professional Brand,,low
2026-08-26,Wednesday,Part 4: Creating Accessible Instructional Materials with AI,,low
2026-08-26,Wednesday,Fall 2026: The Kickstart: College of Engineering NEW Student Resource Fair-don't miss it!  (Cancelled),Student Activity Center /Arena - Food Court,medium
2026-08-26,Wednesday,Center for Wellness Promotion Tour,Waddell Center for Student Health and Wellbeing,low
2026-08-26,Wednesday,Connect with CAPS,Christine F. Price Center for Counseling and Psychological Services,low
2026-08-26,Wednesday,2026 Back to School Bash,Harris Alumni Center,low
2026-08-26,Wednesday,Rep Ya Flag Game Night,McEniry,low
2026-08-26,Wednesday,Gold Rush Interest Meeting,Cone University Center,low
2026-08-26,Wednesday,Belk College of Business Triangle Alumni Reception,The Lenny 555,medium
2026-08-26,Wednesday,Interest Meeting - Niner Esports,Friday,low
2026-08-26,Wednesday,CAB: Event Staff Interest Meeting,Popp Martin Student Union,medium
2026-08-26,Wednesday,Internship Horror Stories: Campfire & S’mores,Woodward 335,low
2026-08-27,Thursday,Niners in the Queen City: Exploring Life in Charlotte and NC,,low
2026-08-27,Thursday,Part 2: Student Study Skills with Gen-AI,,low
2026-08-27,Thursday,Jamil Niner Student Pantry: Thursday Volunteer Shift  | 10:30am – 12:45pm,Jamil Niner Student Pantry,low
2026-08-27,Thursday,EPIC BLOCK PARTY & JOB FAIR for College of Engineering Students,"EPIC Building, Lobby",high
2026-08-27,Thursday,Popsicles & Pop-Up Advising - Transfer Credit Edition,Belk Plaza,low
2026-08-27,Thursday,Popsicles and Pop Up Advising - Transfer Credit Edition,Belk Plaza,low
2026-08-27,Thursday,Career Meet Up: Building Your LinkedIn Profile - Led by Dimensional Fund Advisors,,low
2026-08-27,Thursday,Mechanical Engineering Graduate Programs Information Session,,low
2026-08-27,Thursday,Part 3: Student Writing Skills with Gen-AI,,low
2026-08-27,Thursday,PhD in Computing and Information Systems,,low
2026-08-27,Thursday,Student Org Advisor Workshop,Popp Martin Student Union,medium
2026-08-27,Thursday,UCAE Time Management Speed Learning Workshop,Colvard North 2006,low
2026-08-27,Thursday,Jamil Niner Student Pantry: Thursday Volunteer Shift  | 12:30pm – 2:45pm,Jamil Niner Student Pantry,low
2026-08-27,Thursday,Generative AI 101: Getting Started with Gemini & CoPilot,,low
2026-08-27,Thursday,Overview of Gen-AI Tools in Education,,low
2026-08-27,Thursday,"Question, Persuade, Refer Training (Student)",,low
2026-08-27,Thursday,Career Meet Up: My First College Resume,,low
2026-08-27,Thursday,Jamil Niner Student Pantry: Thursday Volunteer Shift  |  2:30pm – 5:00pm,Jamil Niner Student Pantry,low
2026-08-27,Thursday,Understanding Gen Z: The AI Generation,,low
2026-08-27,Thursday,8/27 Interest Meeting,Atkins Library,low
2026-08-27,Thursday,Family Feud: Sustainability Edition,Cone University Center Room 112B,low
2026-08-27,Thursday,Gold Rush Family Feud: Sustainability Edition,Cone University Center,low
2026-08-27,Thursday,Gold Rush Takeover - Overwatch,Esports Arena - Student Union Mezzanine Level,low
2026-08-27,Thursday,Intrest Meeting,College of Health & Human Services (CHHS),low
2026-08-27,Thursday,Kickback into Entrepreneurship,Norms Lounge,low
2026-08-27,Thursday,Niner Times Interest Meeting,Niner Times Newsroom,low
2026-08-27,Thursday,Asians in STEM Interest Meeting + a fun little competition,Colvard,low
2026-08-27,Thursday,Kick Off Interest Meeting!,McEniry,low
2026-08-27,Thursday,Society of Systems Engineers Interest Meeting,Cameron,low
2026-08-27,Thursday,The Pre-Dental Club Interest Meeting,McEniry,low
2026-08-27,Thursday,180 Degrees Consulting Interest Meeting,Friday,low
2026-08-27,Thursday,Exhibition Reception: Holding a Bright Untroubled Sky,Rowe,low
2026-08-27,Thursday,Fall '26 Rush Day 4!,Field 14A,low
2026-08-27,Thursday,Fall Semester 2026 Tryouts,NRFC Field 14 & 15,low
2026-08-27,Thursday,Loteria Night,McEniry,low
2026-08-27,Thursday,Sigma Tau Delta Interest Meeting- SLOT 2,Fretwell,low
2026-08-27,Thursday,Walk In The Park,Botanical Gardens,low
2026-08-27,Thursday,Club Golf Interest Meeting,Denny 200,low
2026-08-27,Thursday,Foundations,Denny 122,low
2026-08-27,Thursday,Minute To Win It,Cone University Center,low
2026-08-27,Thursday,Psychology Student Coalition Interest Meeting,Friday,low
2026-08-27,Thursday,ALPFA Interest Meeting,Cone University Center,low
2026-08-27,Thursday,Rhythm,Fretwell 205,low
2026-08-27,Thursday,Thursday College Gathering,Popp Martin Student Union,medium
2026-08-28,Friday,Census date for Fall Enrollment,UNC Charlotte Academic Calendar,low
2026-08-28,Friday,Niner Course Pack Last Day to Opt Out,UNC Charlotte Academic Calendar,low
2026-08-28,Friday,Slip N Slide Kickball,Crossway Church,low
2026-08-28,Friday,Public Speaking: Presentation Strategies for Professional Success,,low
2026-08-28,Friday,Canvas Studio: Engaging Learners with interactive videos,,low
2026-08-28,Friday,Career Trek: Truist Financial,Truist Center,low
2026-08-28,Friday,Canvas: Collaboration with Groups and Peer Review,,low
2026-08-28,Friday,College Colors Day,Barnes & Noble Charlotte,low
2026-08-28,Friday,Niner Finances Walk In Hours,King 210,low
2026-08-28,Friday,Walk In Hours,King,low
2026-08-28,Friday,Info Session —England: Career Quest in London Study Abroad Program,,low
2026-08-28,Friday,2026 CoAA Distinguished Alumni Awards Ceremony,Robinson Hall,medium
2026-08-28,Friday,Burnout to Balance,Atkins Library,low
2026-08-28,Friday,Canvas: Starting Fresh,,low
2026-08-28,Friday,Presidents' Leadership Workshop,Popp Martin Student Union,medium
2026-08-28,Friday,Canvas: Assignments and Gradebook,,low
2026-08-28,Friday,Charlotte 49ers Women's Volleyball vs Bryant,"Charlotte, N.C.",low
2026-08-28,Friday,CABCade: Frankie's Edition,Frankie's Fun Park,low
2026-08-29,Saturday,First Adventure: Whitewater Rafting on the French Broad,French Broad River (or similar based on water levels),low
2026-08-29,Saturday,Niner Notes Music Festival,49 Acre,medium
2026-08-29,Saturday,Charlotte 49ers Women's Volleyball vs App State,"Charlotte, N.C.",low
2026-08-30,Sunday,"New Semester, New Trails - A Gold Rush Hike",Pisgah National Forest,low
2026-08-30,Sunday,Charlotte 49ers Women's Soccer at Liberty,"Lynchburg, VA",low
2026-08-30,Sunday,Charlotte 49ers Women's Volleyball vs North Carolina A&T,"Charlotte, N.C.",low
2026-08-30,Sunday,Social Kickball League - COED,Revolution Park,low
2026-08-31,Monday,The Periodic Table of Emotions: Fostering Human-First Classrooms,,low
2026-08-31,Monday,Financial Survival: Escape Room,Popp Martin Student Union,medium
2026-08-31,Monday,Getting Around Charlotte,Atkins Library,low
2026-08-31,Monday,M.S. in Management Virtual Information Session,,none
2026-08-31,Monday,Career Meet Up: Building Your Career Game Plan for the Semester,,low
2026-08-31,Monday,Career Meet Up: Career Fair Crash Course,,high
2026-08-31,Monday,Microcredential Minute: UNC Charlotte's Microcredentials,,low
2026-08-31,Monday,Orientation to the Scholarship of Teaching and Learning (SoTL) Program,,high
2026-08-31,Monday,General Interest Meeting,Duke Centennial Hall,low
2026-08-31,Monday,First Day of Wrestling Practice,University Recreation Center,low
2026-08-31,Monday,Interest Meeting: Pre-Anesthesiologist Assistant Association at UNCC,Mebane,low
2026-08-31,Monday,PES Interest Meeting,EPIC G222,low
2026-08-31,Monday,Bhakti Yoga Club Interest Meeting,College of Health & Human Services (CHHS),low
2026-08-31,Monday,BMES Interest Meeting,Popp Martin Student Union,medium
2026-08-31,Monday,Earth Club Interest Meeting,McEniry 118,low
2026-08-31,Monday,How to Have Gospel Conversations,Popp Martin Student Union,medium
2026-08-31,Monday,WiCyS Interest Meeting!✨,Fretwell 223,low
2026-08-31,Monday,Bible Study,Colvard 4123,low
2026-08-31,Monday,Co-Ed Small Group,CHHS 128,low
2026-09-01,Tuesday,Early Alert Deadline,,low
2026-09-01,Tuesday,Ombuds Office Open House,"Colvard South, Suite 1043A",high
2026-09-01,Tuesday,Enhancing Workflows with Google Gemini: Building Custom Gems,,low
2026-09-01,Tuesday,PAL Session: CHEM 1203 (ONLINE),Online,none
2026-09-01,Tuesday,Student Org Advisor Workshop,Popp Martin Student Union,medium
2026-09-01,Tuesday,Jamil Niner Student Pantry: Tuesday Volunteer Shift  |  10:30am – 12:45pm,Jamil Niner Student Pantry,low
2026-09-01,Tuesday,"Reclaim Your Energy: Applying the ""Let Them Theory"" in the Workplace",,low
2026-09-01,Tuesday,Professional in Residence:  Lowe's (Finance Area Focused),,low
2026-09-01,Tuesday,Professional in Residence:  Lowe's (Marketing Area Focused),,low
2026-09-01,Tuesday,Professional in Residence:  Lowe's (Merchandising Area Focused),,low
2026-09-01,Tuesday,Professional in Residence:  Lowe's (Technology Area Focused),,low
2026-09-01,Tuesday,Professional In Residence: Resumes by PSA Airlines (Drop-ins),,low
2026-09-01,Tuesday,Career Meet Up: Career Fair Crash Course,,high
2026-09-01,Tuesday,Customizing Gemini Gems for Course Assignments,,low
2026-09-01,Tuesday,PAL Session - ECON 2102 (FRIDAY 130),FRIDAY 130,none
2026-09-01,Tuesday,PAL Session - CHEM 2131 (DENNY 206),DENNY 206,none
2026-09-01,Tuesday,Discovering Your Edge: Workshop Series for Creative and Innovative Thinkers,PORTAL Building,low
2026-09-01,Tuesday,Weekly Science Topical Meeting,"Grigg Library, 3rd Floor of Grigg",low
2026-09-01,Tuesday,Wells Fargo Early Careers Lunch & Learn: Explore 2027 Opportunities,,low
2026-09-01,Tuesday,Jamil Niner Student Pantry: Tuesday Volunteer Shift  |  12:30pm – 2:45pm,Jamil Niner Student Pantry,low
2026-09-01,Tuesday,"Leadership in the Workplace: Building Influence, Trust, and High-Performing Teams",Atkins Library,low
2026-09-01,Tuesday,UCAE Science of Learning Workshop,Colvard North 2006,low
2026-09-01,Tuesday,Grad School 101: Start Your Program Search with Confidence,,low
2026-09-01,Tuesday,Lake Days,Hechenbleikner Lake,low
2026-09-01,Tuesday,Ethical Considerations for Teaching with Gen-AI,,low
2026-09-01,Tuesday,Jamil Niner Student Pantry: Tuesday Volunteer Shift  |  2:30pm – 5:00pm,Jamil Niner Student Pantry,low
2026-09-01,Tuesday,PAL Session: CHEM 1251 (ONLINE),Online,none
2026-09-01,Tuesday,Presidents' Leadership Workshop,Popp Martin Student Union,medium
2026-09-01,Tuesday,PAL Session: CHEM 1252 (MCEN 123),MCENIRY 123,none
2026-09-01,Tuesday,Tuesday Seminar- Introduction to the Wells Fargo Externship Program,Dubois Center at UNC Charlotte Center City,low
2026-09-01,Tuesday,Kappa Kickball,Levine Field,low
2026-09-01,Tuesday,The Mind Matters Society Interest Meeting,Smith 327,low
2026-09-01,Tuesday,Marketing 101,McEniry 125,low
2026-09-01,Tuesday,Society of Undergraduate Historians Interest Meeting #1,Denny 103,low
2026-09-01,Tuesday,Sumobot Smackdown,Popp Martin Student Union Room 340,medium
2026-09-01,Tuesday,Technical Resumé Roast with Jacob Krevat,Woodward 154,low
2026-09-01,Tuesday,PAL Session - ECON 3125 (ONLINE),Online,none
2026-09-01,Tuesday,BSU Freshman Convocation,McKnight Hall,high
2026-09-01,Tuesday,Machiah's House Interest Meeting,Fretwell,low
2026-09-01,Tuesday,PAL Session - ECON 2101 (ONLINE),Online,none
2026-09-01,Tuesday,Pitch Perfect With Terracon,Colvard 5091,low
2026-09-01,Tuesday,Women's Club Basketball Tryouts,Belk Gym,low
2026-09-01,Tuesday,ETHEL Interest Meeting,Cone University Center,low
2026-09-01,Tuesday,Pre-Career Fair Resume Workshop,Denny 109,high
2026-09-01,Tuesday,Tuesday Sports Night,King's Church (Gym),low
2026-09-01,Tuesday,Volunteer Interest Meeting,Popp Martin Student Union,medium
2026-09-01,Tuesday,"All it takes is one ""Yes""",CHHS 145,low
2026-09-01,Tuesday,KUNG FU DEMO DAY,University Recreation Center,low
2026-09-02,Wednesday,PAL Session - ECON 2102 (SMITH 217),SMITH 217,none
2026-09-02,Wednesday,"Introduction to Python: Variables, Data Types, Arithmetic and User Input",Atkins Library,low
2026-09-02,Wednesday,Part 3: Student Writing Skills with Gen-AI,,low
2026-09-02,Wednesday,Career Meet Up: How to Conquer Networking Led by Equitable,,low
2026-09-02,Wednesday,Jamil Niner Student Pantry: Wednesday Volunteer Shift  |  10:30am – 12:45pm,Jamil Niner Student Pantry,low
2026-09-02,Wednesday,Professional In Residence: Resumes by Equitable (Drop-ins),,low
2026-09-02,Wednesday,Wellness Wednesday,Atkins Library,low
2026-09-02,Wednesday,"Part 2: Files and PDF Accessibility Checkers: Using Grackle, Adobe, and Microsoft Tools",,low
2026-09-02,Wednesday,Becoming a Better Listener Webinar,,none
2026-09-02,Wednesday,Introduction to the Graduate and Postdoctoral Writing Center,,low
2026-09-02,Wednesday,PAL Session - CHEM 2131 (CHHS 294),CHHS 294,none
2026-09-02,Wednesday,PAL Session - CHEM 2131 (COLVD 5092),COLVD 5092,none
2026-09-02,Wednesday,Plantiful Bowl Demo Kitchen,UREC Demo Kitchen,low
2026-09-02,Wednesday,Popp Into Student Involvement,Popp Martin Student Union,medium
2026-09-02,Wednesday,The Knowledge Navigator: Using Notebook LM to Transform Docs into Deliverables,,low
2026-09-02,Wednesday,Time Management,,low
2026-09-02,Wednesday,Career Meet Up: Career Fair Crash Course,,high
2026-09-02,Wednesday,Career Meet Up: Inside the World of Consulting,,low
2026-09-02,Wednesday,Get to Know the Gold Steppaz,Popp Martin Student Union,medium
2026-09-02,Wednesday,Jamil Niner Student Pantry: Wednesday Volunteer Shift  |  12:30pm – 3:30pm,Jamil Niner Student Pantry,low
2026-09-02,Wednesday,GIS Tabling Event (September 2nd),First Floor of Friday Building,low
2026-09-02,Wednesday,"Sipping and Sexing Safely:  College student experiences, norms, and outcomes of bystander intervention across alcohol-involved sexual contexts",Register through this form to receive Zoom link: http://bit.ly/3L2dE5U,low
2026-09-02,Wednesday,New Accessibility Policy: What it means for Teaching,,low
2026-09-02,Wednesday,PAL Session: CHEM 1200 (COLVD 5096),COLVD 5096,none
2026-09-02,Wednesday,BFSL Drop-Ins,,low
2026-09-02,Wednesday,Ace Your Graduate School Application: Tips and Tricks for Success,,low
2026-09-02,Wednesday,Mix & Mingle: Mocktail Hour,Star Quad,low
2026-09-02,Wednesday,Career Meet Up: The Mindful Networker,,low
2026-09-02,Wednesday,PAL Session - CHEM 2132 (FRIDAY 130),FRIDAY 130,none
2026-09-02,Wednesday,PAL Session - ECON 2101 (COLVD 5092),COLVD 5092,none
2026-09-02,Wednesday,Navigating Career Fairs,Student Union Movie Theather,high
2026-09-02,Wednesday,PAL Session: CHEM 1252 (FRIDAY 385),FRIDAY 385,none
2026-09-02,Wednesday,Niner Networking Mixer 2026,,low
2026-09-02,Wednesday,2nd Interest Meeting,Popp Martin Student Union,medium
2026-09-02,Wednesday,Deloitte Cross-Business Recruiting Session,,low
2026-09-02,Wednesday,Holistic Founder,CO-LAB,low
2026-09-02,Wednesday,Perfect Your Elevator Pitch with TIAA Professionals,Woodward 335,low
2026-09-02,Wednesday,AWS SBG x AWS: Workshop with Sudhan Rameshwaram (Cancelled),CHHS 161,low
2026-09-02,Wednesday,JAMS (Japanese Anime and Manga Society) Interest Meeting!,Denny,low
2026-09-02,Wednesday,ROLLING AUDITIONS,Student union 266,low
2026-09-03,Thursday,Classroom Communication on AI Tools,,low
2026-09-03,Thursday,Jamil Niner Student Pantry: Thursday Volunteer Shift  | 10:30am – 12:45pm,Jamil Niner Student Pantry,low
2026-09-03,Thursday,Maker Crawl 2026,,low
2026-09-03,Thursday,MSC Career LAUNCH Mentorship Program: Launch with Purpose,,low
2026-09-03,Thursday,Professional In Residence: Resumes by Altec (Drop-ins),,low
2026-09-03,Thursday,"Career Meet Up: Exploring Careers in Business Analytics, Data & Operations",,low
2026-09-03,Thursday,PAL Session - ECON 2101 (SMITH 204),SMITH 204,none
2026-09-03,Thursday,ELITE cleanup,Reedy Creek Park,low
2026-09-03,Thursday,Jamil Niner Student Pantry: Thursday Volunteer Shift  | 12:30pm – 2:45pm,Jamil Niner Student Pantry,low
2026-09-03,Thursday,"Exploring Canvas Course Analytics for Assignments, Quizzes, and Videos",,low
2026-09-03,Thursday,Master Your Workflow with Google Gmail and Calendar,,low
2026-09-03,Thursday,Funding Your Future: Navigating Graduate Funding Strategies,,low
2026-09-03,Thursday,Career Meet Up: How to Conquer Networking Led by Equitable,,low
2026-09-03,Thursday,Exploring Careers in Finance Panel,,low
2026-09-03,Thursday,Jamil Niner Student Pantry: Thursday Volunteer Shift  |  2:30pm – 5:15pm  (Cancelled),Jamil Niner Student Pantry,low
2026-09-03,Thursday,UCAE Notetaking and Reading Workshop,Colvard North 2006,low
2026-09-03,Thursday,CBRE,Iron District,low
2026-09-03,Thursday,PAL Session - CHEM 2132 (CHHS 124),CHHS 124,none
2026-09-03,Thursday,International Coffee Hour,Popp Martin Student Union,medium
2026-09-03,Thursday,Writing Synthesized Literature Reviews,Atkins Library,low
2026-09-03,Thursday,PAL Session - CHEM 1252 (ONLINE),Online,none
2026-09-03,Thursday,PAL Session: CHEM 1203 (DENNY 109),DENNY 109,none
2026-09-03,Thursday,Exhibition Reception: Recent Acquisitions,Dubois Center at UNC Charlotte Center City,low
2026-09-03,Thursday,PAL Session - CHEM 2131 (ONLINE),Online,none
2026-09-03,Thursday,Pop the Balloon: Speed Connections,Popp Martin Student Union,medium
2026-09-03,Thursday,STEM Fair Readiness Workshop,Denny 120,medium
2026-09-03,Thursday,Thursday Worship Night,Popp Martin Student Union,medium
2026-09-03,Thursday,Rhythm,Fretwell 205,low
2026-09-04,Friday,Graduate Admissions Virtual Office Hours,,none
2026-09-04,Friday,PAL Session - ECON 2102 (FRIDAY 155),FRIDAY 155,none
2026-09-04,Friday,PAL Session: CHEM 1200 (ONLINE),Online,none
2026-09-04,Friday,Presidents' Leadership Workshop,Popp Martin Student Union,medium
2026-09-04,Friday,STEM Fair,,medium
2026-09-04,Friday,STEM Job Fair Sept. 4th,Student Activity Center /Arena,high
2026-09-04,Friday,Zoom AI for Teaching,,none
2026-09-04,Friday,"""Why AI Makes Mistakes"" with Dr. Keith Burghardt",Friday,low
2026-09-04,Friday,College Colors Day,Popp Martin Student Union,medium
2026-09-04,Friday,Supporting Self-Directed Learning with Gemini Notebook,,low
2026-09-04,Friday,Niner Finances Walk In Hours,King 210,low
2026-09-04,Friday,Walk In Hours,King,low
2026-09-04,Friday,"Question, Persuade, Refer Training (Faculty/Staff)",,low
2026-09-04,Friday,Charlotte 49ers Women's Volleyball vs Wofford,"Raleigh, N.C.",low
2026-09-04,Friday,Niners with Novels Reading Club,Fretwell 202,low
2026-09-04,Friday,ECU Brody Medical School Info Session,Online,low
2026-09-04,Friday,Weekly Art Meet-Up,College of Health & Human Services (CHHS),low
2026-09-05,Saturday,No Saturday Classes,UNC Charlotte Academic Calendar,low
2026-09-05,Saturday,Citadel Tailgate,Lot 25,low
2026-09-05,Saturday,Charlotte 49ers Women's Volleyball vs George Washington,"Raleigh, N.C.",low
2026-09-06,Sunday,September Sends! Rock Climbing,Pisgah National Forest (or similar climbing area),low
2026-09-06,Sunday,Zero Waste Crew Sorting - Sept 6,Jerry Richardson Stadium between Gates 3 and 4,low
2026-09-06,Sunday,Charlotte 49ers Women's Soccer at Mississippi State,"Starkville, MS",low
2026-09-06,Sunday,Charlotte 49ers Women's Volleyball at NC State,"Raleigh, N.C.",low
2026-09-06,Sunday,Social Kickball League - COED,Revolution Park,low
2026-09-07,Monday,Labor Day – University Closed/No Classes,UNC Charlotte Academic Calendar,low
2026-09-07,Monday,National Suicide Prevention Week,,low
2026-09-07,Monday,Jamil Niner Student Pantry: Monday Volunteer Shift  |  11:00am – 1pm (Cancelled),Jamil Niner Student Pantry,low
2026-09-07,Monday,Co-Ed Small Group,CHHS 128,low
2026-09-08,Tuesday,National Suicide Prevention Week,,low
2026-09-08,Tuesday,Grad School 101: Start Your Program Search with Confidence,,low
2026-09-08,Tuesday,Overview of Gen-AI Tools in Education,,low
2026-09-08,Tuesday,PAL Session: CHEM 1203 (ONLINE),Online,none
2026-09-08,Tuesday,Jamil Niner Student Pantry: Tuesday Volunteer Shift  |  10:30am – 12:45pm,Jamil Niner Student Pantry,low
2026-09-08,Tuesday,Fidelity Investments Employer in the Foyer Table,Woodward Hall Second Floor,low
2026-09-08,Tuesday,Generative AI 101: Getting Started with Gemini & CoPilot,,low
2026-09-08,Tuesday,Career Meet Up: My First Internship Search,,low
2026-09-08,Tuesday,PAL Session - ECON 2102 (FRIDAY 130),FRIDAY 130,none
2026-09-08,Tuesday,PAL Session - CHEM 2131 (DENNY 206),DENNY 206,none
2026-09-08,Tuesday,Jamil Niner Student Pantry: Tuesday Volunteer Shift  |  12:30pm – 2:45pm,Jamil Niner Student Pantry,low
2026-09-08,Tuesday,Career Meet Up: Effective Cover Letter Writing,,low
2026-09-08,Tuesday,"Career Meet Up: Experiential Learning Opportunities for Technology, Data, and Analytics",,low
2026-09-08,Tuesday,Part 1: Canvas Accessibility with UDOIT,,low
2026-09-08,Tuesday,"Question, Persuade, Refer Training (Student)",,low
2026-09-08,Tuesday,Streamline Your Storage: Mastering Google Drive,,low
2026-09-08,Tuesday,Transfer Student Social Series: Education Abroad Edition,The University Transfer and Adult Student Center,low
2026-09-08,Tuesday,AI in Research: Guarding Against AI Hallucinated Citations,,low
2026-09-08,Tuesday,CABnic on the Quad,West Quad,low
2026-09-08,Tuesday,Career Meet Up: On-Campus Experiential Learning Opportunities,,low
2026-09-08,Tuesday,Jamil Niner Student Pantry: Tuesday Volunteer Shift  |  2:30pm – 5:00pm,Jamil Niner Student Pantry,low
2026-09-08,Tuesday,PAL Session: CHEM 1251 (ONLINE),Online,none
2026-09-08,Tuesday,Demystifying the Application Process - Led by Compass Group USA,Virtual,low
2026-09-08,Tuesday,Presidents' Leadership Workshop,,low
2026-09-08,Tuesday,PAL Session: CHEM 1252 (MCEN 123),MCENIRY 123,none
2026-09-08,Tuesday,Tuesday Seminar- A Perspective on AI in Sports,Dubois Center at UNC Charlotte Center City,low
2026-09-08,Tuesday,PAL Session - ECON 3125 (ONLINE),Online,none
2026-09-08,Tuesday,PAL Session - ECON 2101 (ONLINE),Online,none
2026-09-09,Wednesday,National Suicide Prevention Week,,low
2026-09-09,Wednesday,DSBA and DSHA Prospective Graduate Student Information Session,,low
2026-09-09,Wednesday,Know Before You Go: Essential Steps for Newly Admitted Students,,high
2026-09-09,Wednesday,PAL Session - ECON 2102 (SMITH 217),SMITH 217,none
2026-09-09,Wednesday,AI@Work Discussion Series,,low
2026-09-09,Wednesday,CHESS Graduate School Pathways Workshop,Fretwell,low
2026-09-09,Wednesday,"Introduction to Python 2: Control Flow, Data Structures, and Functions",Atkins Library,low
2026-09-09,Wednesday,Jamil Niner Student Pantry: Wednesday Volunteer Shift  |  10:30am – 12:45pm,Jamil Niner Student Pantry,low
2026-09-09,Wednesday,Wellness Wednesday,Atkins Library,low
2026-09-09,Wednesday,LinkedIn: Build Your Profile and Grow Your Network,,low
2026-09-09,Wednesday,PAL Session - CHEM 2131 (CHHS 294),CHHS 294,none
2026-09-09,Wednesday,PAL Session - CHEM 2131 (COLVD 5092),COLVD 5092,none
2026-09-09,Wednesday,Popp Into Student Involvement,Popp Martin Student Union,medium
2026-09-09,Wednesday,Writing Effective Prompts Gemini & Copilot for a Smarter To-Do List Workflow,,low
2026-09-09,Wednesday,Career Meet Up: Academic Credit for Internships,,low
2026-09-09,Wednesday,Jamil Niner Student Pantry: Wednesday Volunteer Shift  |  12:30pm – 3:30pm,Jamil Niner Student Pantry,low
2026-09-09,Wednesday,PAL Session: CHEM 1200 (COLVD 5096),COLVD 5096,none
2026-09-09,Wednesday,Lake Days,Hechenbleikner Lake,low
2026-09-09,Wednesday,Canvas: Quizzing,,low
2026-09-09,Wednesday,Career Meet Up: Manage Your Internship Search,,low
2026-09-09,Wednesday,PAL Session - CHEM 2132 (FRIDAY 130),FRIDAY 130,none
2026-09-09,Wednesday,PAL Session - ECON 2101 (COLVD 5092),COLVD 5092,none
2026-09-09,Wednesday,Reach New Heights at Atkins: Tower Reopening Event,Atkins Library Dalton Tower,low
2026-09-09,Wednesday,PAL Session: CHEM 1252 (FRIDAY 385),FRIDAY 385,none
2026-09-09,Wednesday,UCAE Time Management Workshop,Colvard North 2006,low
2026-09-09,Wednesday,UCAE Time Management Workshop (Cancelled),Colvard North 2006,low
2026-09-09,Wednesday,Deloitte Consulting: Resume Workshop,,low
2026-09-09,Wednesday,Fireside Chat w/ Mike Cowell,"Cone Center, 210",low
2026-09-09,Wednesday,CLTivate Your Career: Interview Strategies and Professional Attire (Sophomores),Halton Arena - SAC Salons,high
2026-09-09,Wednesday,Grad Student Online Art Session,,none
2026-09-09,Wednesday,NetWorth Exchange,Dubois Center at UNC Charlotte Center City,low
2026-09-09,Wednesday,Resume Recruitment Event,Denny 200,low
2026-09-09,Wednesday,Secure the Bag: Career Workshop,Fretwell 114,low
2026-09-09,Wednesday,Rolling Auditions,Membane 167,low
2026-09-10,Thursday,National Suicide Prevention Week,,low
2026-09-10,Thursday,Reading Day for Mini-Fall Term,,low
2026-09-10,Thursday,Pinewood Elementary Gardening,Pinewood Elementary,low
2026-09-10,Thursday,Ace Your Graduate School Application:Tips and Tricks for Success,,low
2026-09-10,Thursday,Part 1: Introduction to Gen-AI and Prompt Writing,,low
2026-09-10,Thursday,Presidents' Leadership Workshop,Popp Martin Student Union,medium
2026-09-10,Thursday,Jamil Niner Student Pantry: Thursday Volunteer Shift  | 10:30am – 12:45pm,Jamil Niner Student Pantry,low
2026-09-10,Thursday,Climate Change Quilt Workshop,"Area 49 Makerspace, Atkins Library 2nd Floor",low
2026-09-10,Thursday,Professional In Residence: Resumes by Ally (Drop-ins),,low
2026-09-10,Thursday,Wells Fargo Employer in the Foyer Table,Woodward Hall Second Floor,low
2026-09-10,Thursday,Writing Group,Colvard 5100,low
2026-09-10,Thursday,Getting Started with Active Teaching and Learning,,low
2026-09-10,Thursday,Mechanical Engineering and Engineering Science Seminar Series: Dr. Stephanie Schuckers,Duke Centennial Hall,low
2026-09-10,Thursday,PAL Session - ECON 2101 (SMITH 204),SMITH 204,none
2026-09-10,Thursday,Lunch & Learn: Getting the Internship—and Making It Count,Cone 210 B and Zoom,low
2026-09-10,Thursday,Jamil Niner Student Pantry: Thursday Volunteer Shift  | 12:30pm – 2:45pm,Jamil Niner Student Pantry,low
2026-09-10,Thursday,Career Meet Up: Internships vs Co-ops Experiential Learning Opportunities,,low
2026-09-10,Thursday,Mastering Time Management: Proven Techniques for Prioritizing Tasks,,low
2026-09-10,Thursday,Career Meet Up: Internship/Co-Op Search for Engineers,,low
2026-09-10,Thursday,Jamil Niner Student Pantry: Thursday Volunteer Shift  |  2:30pm – 5:15pm,Jamil Niner Student Pantry,low
2026-09-10,Thursday,PAL Session - CHEM 2132 (CHHS 124),CHHS 124,none
2026-09-10,Thursday,Lift & Learn: Calisthenics,Belk Gym,low
2026-09-10,Thursday,Career Meet Up: Finding Nonprofit Internships,,low
2026-09-10,Thursday,Negotiating Your Employment Offer,,low
2026-09-10,Thursday,Career Meet Up: Using AI in the Internship Search,,low
2026-09-10,Thursday,Niner Times General Meeting,Popp Martin Student Union,medium
2026-09-10,Thursday,PAL Session - CHEM 1252 (ONLINE),Online,none
2026-09-10,Thursday,PAL Session: CHEM 1203 (DENNY 109),DENNY 109,none
2026-09-10,Thursday,PAL Session - CHEM 2131 (ONLINE),Online,none
2026-09-10,Thursday,#TBT: 2016,Popp Martin Student Union,medium
2026-09-10,Thursday,Charlotte 49ers Women's Soccer vs UNCW,"Charlotte, N.C., Jen Gaber Field",low
2026-09-10,Thursday,Rhythm,Fretwell 205,low
2026-09-11,Friday,Charlotte 49ers Women's Tennis vs Kitty Harrison Invitational,"Chapel Hill, N.C.",low
2026-09-11,Friday,Early Alert Deadline,UNC Charlotte Academic Calendar,low
2026-09-11,Friday,National Suicide Prevention Week,,low
2026-09-11,Friday,Slip N Slide Kickball,Crossway Church,low
2026-09-11,Friday,Mental Health First Aid (Faculty and Staff),,low
2026-09-11,Friday,PAL Session - ECON 2102 (FRIDAY 155),FRIDAY 155,none
2026-09-11,Friday,PAL Session: CHEM 1200 (ONLINE),Online,none
2026-09-11,Friday,CEI WhopAthon Virtual Info Session (Cancelled),Online,none
2026-09-11,Friday,Career Meet Up:  How To Gain Academic Credit for Internships Abroad,,low
2026-09-11,Friday,MSRE Seminar Series,Olde Mecklenburg Brewery,low
2026-09-11,Friday,Wells Fargo Internal Audit Case Competition,,low
2026-09-11,Friday,Charlotte 49ers Women's Volleyball at LSU,"Baton Rouge, La.",low
2026-09-11,Friday,Niner Finances Walk In Hours,King 210,low
2026-09-11,Friday,Walk In Hours,King,low
2026-09-11,Friday,Career Meet Up: Project-Based Internships,,low
2026-09-11,Friday,GIG: Graduate International Gathering,Atkins Library,low
2026-09-11,Friday,Active Learning with Poll Everywhere,,low
2026-09-11,Friday,Bioinformatics ZOOM Info Session,,none
2026-09-11,Friday,Part 3: Student Writing Skills with Gen-AI,,low
2026-09-11,Friday,"Career Meet Up: Healthcare, Science & Research Internship & Career Strategies",,low
2026-09-11,Friday,Innovation Barn,Innovation Barn,low
2026-09-11,Friday,Student Org Advisor Workshop,Popp Martin Student Union,medium
2026-09-11,Friday,Niners with Novels Reading Club,Fretwell 202,low
2026-09-11,Friday,Career Meet Up: Finding Nonprofit Internships,,low
2026-09-11,Friday,Fall Kickoff Game Jam 2026,Woodward,low
2026-09-11,Friday,Weekly Art Meet-Up,College of Health & Human Services (CHHS),low
2026-09-11,Friday,Printed Circuit Board Design Workshop,EPIC 2222,low
2026-09-11,Friday,A Working Man,Popp Martin Student Union,medium
2026-09-11,Friday,Nintendo Gamenight,Smith,low
2026-09-11,Friday,Charlotte Knights Game!,Truist Field,low
2026-09-11,Friday,Game Night: Casino Night!,CHHS 128,low
2026-09-11,Friday,Charlotte 49ers Women's Volleyball at Southeastern Louisiana,"Hammond, La.",low
2026-09-11,Friday,Caught Stealing,Popp Martin Student Union,medium
2026-09-12,Saturday,Charlotte 49ers Women's Tennis vs Kitty Harrison Invitational,"Chapel Hill, N.C.",low
2026-09-12,Saturday,Waterway Getaway  Canoe Camping,Lake James (or similar canoeing location),low
2026-09-12,Saturday,Belk College of Business Graduate Programs Open House,Dubois Center at UNC Charlotte Center City,high
2026-09-12,Saturday,Around the World in Objects: A World-Building Adventure,University City Regional Library,low
2026-09-12,Saturday,HOME GAME (VS FURMAN),NRFC Field 16,low
2026-09-12,Saturday,Charlotte 49ers Women's Volleyball vs Texas Southern,"Hammond, La.",low
2026-09-12,Saturday,Fitness Photoshoot,UREC mindfulness studio,low
2026-09-12,Saturday,Caught Stealing,Popp Martin Student Union,medium
2026-09-12,Saturday,Faculty Dance Concert,Robinson Hall,high
2026-09-12,Saturday,A Working Man,Popp Martin Student Union,medium
2026-09-13,Sunday,Waterway Getaway  Canoe Camping,Lake James (or similar canoeing location),low
2026-09-13,Sunday,Home Tournament,Field 13,low
2026-09-13,Sunday,AWAY GAME (VS CATAWBA),Catawba,low
2026-09-13,Sunday,Social Kickball League - COED,Revolution Park,low
2026-09-13,Sunday,A Working Man,Popp Martin Student Union,medium
2026-09-13,Sunday,Caught Stealing,Popp Martin Student Union,medium
2026-09-14,Monday,Intro to Learning Objectives and Backwards Design,,low
2026-09-14,Monday,Student Org Advisor Workshop,Popp Martin Student Union,medium
2026-09-14,Monday,"“When Technology Meets Trauma"": Integrating Reproductive Grief Screening into the Technological Continuum of Care by Drs. Jennifer Bute and Maria Brann (IU Indianapolis)",Cone ,low
2026-09-14,Monday,Jamil Niner Student Pantry: Monday Volunteer Shift | 11:00am – 1pm,Jamil Niner Student Pantry,low
2026-09-14,Monday,Ethical Considerations for Teaching with Gen-AI,,low
2026-09-14,Monday,Brown Bag Lecture - Dr. Melissa Manus,Barnard 244 Conference Room,low
2026-09-14,Monday,Critical Thinking,Popp Martin Student Union,medium
2026-09-14,Monday,M.S. in Economics Virtual Information Session,,none
2026-09-14,Monday,PAL Session: CHEM 1203 (CHHS 294),CHHS 294,none
2026-09-14,Monday,National Wellness Week De-Stress Session,Waddell Center for Student Health and Wellbeing,low
2026-09-14,Monday,Casual Chess Meetup,Popp Martin Student Union,medium
2026-09-14,Monday,PAL Session: CHEM 1252 (FRET 116),FRET 116,none
2026-09-14,Monday,PAL Session: CHEM 1251 (CHHS 134),CHHS 134,none
2026-09-14,Monday,Open Swim: Personal Brand,Friday,low
2026-09-14,Monday,PAL Session - CHEM 2131 (GYMNS 207),GYMNS 207,none
2026-09-14,Monday,PAL Session: CHEM 1200 (GYMNS 206),GYMNS 206,none
2026-09-14,Monday,Part 1: Overview and Benefits of Globally Networked Learning (GNL),,low
2026-09-14,Monday,PAL Session - CHEM 2132 (ONLINE),Online,none
2026-09-14,Monday,PAL Session - ECON 3125 (COLVD 5092),COLVD 5092,none
2026-09-14,Monday,Ace Your Graduate School Application:Tips and Tricks for Success,,low
2026-09-14,Monday,Master of Public Health- Admissions Virtual Drop-In Hour,,none
2026-09-14,Monday,Capstone Pathways for M.S. Students in Data Science and Business Analytics (DSBA) and Data Science and Health Analytics (DSHA),,low
2026-09-14,Monday,AI Debate Night with CAIR,Woodward 335,low
2026-09-14,Monday,Biology Club 2026-2027 Interest Meeting,Denny 122,low
2026-09-14,Monday,Earth Club General Body Meeting- Rock Painting!,McEniry 118,low
2026-09-14,Monday,Finding the Real You |GBM 1,CHHS 294,low
2026-09-14,Monday,ISE DAY GAME NIGHT,Cameron 153,low
2026-09-14,Monday,Linkedin & Dress to Impress,Fretwell 106,low
2026-09-14,Monday,PAL Session - ECON 2102,Online,none
2026-09-14,Monday,Pancakes and Prayers,Denny 106,low
2026-09-14,Monday,Spill the Tea,Cone 109,low
2026-09-14,Monday,UPHA: Fall 2026 Interest Meeting,Smith building: 269,low
2026-09-14,Monday,Bible Study,Colvard,low
2026-09-14,Monday,Welcome To The Mine Social,Cone Center Rm 113,low
2026-09-14,Monday,Co-Ed Small Group,CHHS 128,low
2026-09-14,Monday,Introduction Meeting,Friday 385,low
2026-09-14,Monday,Open Mic Night,After Hours,low
2026-09-14,Monday,PAL Session - CHEM 2131 (ONLINE),Online,none
2026-09-14,Monday,Rock Climbing Night at the SAC,,low
2026-09-15,Tuesday,Intro to Learning Objectives and Backwards Design,,low
2026-09-15,Tuesday,Dimensions of Wellness tabling,South Village (Sovi),low
2026-09-15,Tuesday,Data Cleaning with Pandas,Atkins Library,low
2026-09-15,Tuesday,Open Swim Q&A: Mastering Google Workspace & Generative AI,,low
2026-09-15,Tuesday,PAL Session: CHEM 1203 (ONLINE),Online,none
2026-09-15,Tuesday,Jamil Niner Student Pantry: Tuesday Volunteer Shift | 10:30am – 12:45pm,Jamil Niner Student Pantry,low
2026-09-15,Tuesday,Navigating Your Tableau Dashboard,Cone Center 113B,low
2026-09-15,Tuesday,TIAA Employer in the Foyer Table,Woodward Hall Second Floor,low
2026-09-15,Tuesday,OSHR Lunch & Learn: The Importance of Protein at Breakfast,,low
2026-09-15,Tuesday,PAL Session - ECON 2102 (FRIDAY 130),FRIDAY 130,none
2026-09-15,Tuesday,Part 3: Designing Accessible Course Media,,low
2026-09-15,Tuesday,Lunch & Learn with Burns McDonnell,EPIC 1332,low
2026-09-15,Tuesday,PAL Session - CHEM 2131 (DENNY 206),DENNY 206,none
2026-09-15,Tuesday,Jamil Niner Student Pantry: Tuesday Volunteer Shift | 12:30pm – 2:45pm,Jamil Niner Student Pantry,low
2026-09-15,Tuesday,Canvas Studio: Engaging Learners with interactive videos,,low
2026-09-15,Tuesday,Emotional Intelligence: Enhancing Self-Awareness and Interpersonal Skills,,low
2026-09-15,Tuesday,Bloom Through Creativity,Belk Plaza,low
2026-09-15,Tuesday,Lake Days,Hechenbleikner Lake,low
2026-09-15,Tuesday,The Knowledge Navigator: Using Notebook LM to Transform Docs into Deliverables and Success,,low
2026-09-15,Tuesday,Jamil Niner Student Pantry: Tuesday Volunteer Shift | 2:30pm – 5:00pm,Jamil Niner Student Pantry,low
2026-09-15,Tuesday,PAL Session: CHEM 1251 (ONLINE),Online,none
2026-09-15,Tuesday,Tuesday Seminar - Jobs of the Future: Building the Agent-Driven Enterprise,Dubois Center at UNC Charlotte Center City,low
2026-09-15,Tuesday,2026 Fall SMBC On-Site Information Session (Off-Campus),,low
2026-09-15,Tuesday,Alcoholics Anonymous (AA),Waddell Center for Student Health and Wellbeing,low
2026-09-15,Tuesday,Bank of America:  Recruiter Q&A,,low
2026-09-15,Tuesday,PAL Session: CHEM 1252 (MCEN 123),MCENIRY 123,none
2026-09-15,Tuesday,Niner Networking Mixer hosted by the Career Center,Cone University Center,low
2026-09-15,Tuesday,Niner Networking Mixer 2026,,low
2026-09-15,Tuesday,AIS ICE CREAM SOCIAL,"Norm Gameroom, Popp Martin Student Union",medium
2026-09-15,Tuesday,Personality to Profession,Smith 327,low
2026-09-15,Tuesday,UCAE Mindset and Motivation Workshop,Colvard North 2006,low
2026-09-15,Tuesday,Wells Fargo's Industry Q&A Panel,Woodward 154,low
2026-09-15,Tuesday,PAL Session - ECON 3125 (ONLINE),Online,none
2026-09-15,Tuesday,"“The United States and Mexico: Unequal Neighbors” by Jürgen Buchenau, Ph.D.",Independent Picture House,low
2026-09-15,Tuesday,AWS SBG Introduction to Financial Technology & Cloud – Workshop Series Kickoff (Cancelled),CHHS 146,low
2026-09-15,Tuesday,Exhibition Reception: The Distance of the Moon,Storrs,low
2026-09-15,Tuesday,PAL Session - ECON 2101 (ONLINE),Online,none
2026-09-15,Tuesday,Squid Games,Student Union 340CF,low
2026-09-15,Tuesday,Fall 2026 fashion show casting call,"Rowe Arts, Room 161",low
2026-09-15,Tuesday,Study Hall,Fretwell 106,low
2026-09-15,Tuesday,Campus Outreach UNCC Soccer Game,Jen Gaber Field,low
2026-09-15,Tuesday,Introduction to Indoor Climbing and Belay Clinic,Barnhardt Student Activity Center (SAC),medium
2026-09-15,Tuesday,Faculty & Friends: Brass Area Faculty,Rowe,low
2026-09-16,Wednesday,Intro to Learning Objectives and Backwards Design,,low
2026-09-16,Wednesday,VAW Global Health Outreach Info Session,Atkins Murray Library Room G48,low
2026-09-16,Wednesday,PAL Session - ECON 2102 (SMITH 217),SMITH 217,none
2026-09-16,Wednesday,"Coaching Drop-ins for Technology, Data and Analytics",,low
2026-09-16,Wednesday,Jamil Niner Student Pantry: Wednesday Volunteer Shift | 10:30am – 12:45pm,Jamil Niner Student Pantry,low
2026-09-16,Wednesday,Enhancing Workflows with Google Gemini: Building Custom Gems,,low
2026-09-16,Wednesday,MSW Information Session,,low
2026-09-16,Wednesday,Splash-A-Stepper Tabling,Union,low
2026-09-16,Wednesday,UREC Wellness Wed Tabling SAMHSA Dimensions of Wellness,University Recreation Center,low
2026-09-16,Wednesday,Wellness Wednesday,University Recreation Center,low
2026-09-16,Wednesday,BISOM Networking Essentials,,low
2026-09-16,Wednesday,BISOM Networking Prep Session,,low
2026-09-16,Wednesday,Using Gemini Notebook AI for Teaching,,low
2026-09-16,Wednesday,Feeling stuck? Practical Ways to Get Yourself Going Again Webinar,,none
2026-09-16,Wednesday,PAL Session - CHEM 2131 (CHHS 294),CHHS 294,none
2026-09-16,Wednesday,PAL Session - CHEM 2131 (COLVD 5092),COLVD 5092,none
2026-09-16,Wednesday,Popp Into Student Involvement,Popp Martin Student Union,medium
2026-09-16,Wednesday,Science of Learning; Adult Student Webinar,,none
2026-09-16,Wednesday,Career Meet Up: How to Set Up Your LinkedIn Profile,,low
2026-09-16,Wednesday,Jamil Niner Student Pantry: Wednesday Volunteer Shift | 12:30pm – 3:30pm,Jamil Niner Student Pantry,low
2026-09-16,Wednesday,Presidents' Leadership Workshop,Popp Martin Student Union,medium
2026-09-16,Wednesday,SMBC Information Session & Networking Reception,,low
2026-09-16,Wednesday,The Art of Being: Learning to Cope Creatively (9/16),Price Center for Counseling,low
2026-09-16,Wednesday,Cracking The Cloud- How AWS Certifications Build Real Cloud Careers,Woodward,low
2026-09-16,Wednesday,Cracking the Cloud: How AWS Certifications Build Real Cloud Careers,Woodward 335,low
2026-09-16,Wednesday,"Internship/Co-Op strategies for Technology, Data and Analytics",,low
2026-09-16,Wednesday,Ready-to-Use AI Literacy Canvas Modules for Students,,low
2026-09-16,Wednesday,PAL Session: CHEM 1252 (FRIDAY 385),FRIDAY 385,none
2026-09-16,Wednesday,Financial Services Career Fair Prep Event,2nd Floor of Friday (Truist Reading Room),high
2026-09-16,Wednesday,Public Policy PHD Information Session,,low
2026-09-16,Wednesday,Deloitte Consulting: Case Prep Workshop,,low
2026-09-16,Wednesday,TCB - Toni Cade Bambara School of Organizing Film Screening,Atkins Library,low
2026-09-16,Wednesday,CLTivate Your Career: Career Skills and What Employers Value,Halton Arena - SAC Salons,high
2026-09-16,Wednesday,Bloom Your Network,Cone 112,low
2026-09-16,Wednesday,Emerging Leaders Career Fair,Popp Martin Student Union 340GHI,high
2026-09-16,Wednesday,Habitat Social,Smith Rm. 301,low
2026-09-16,Wednesday,Interest Meeting for Collegiate Deca!,Friday 141,low
2026-09-16,Wednesday,PharmCAS Workshop,CHHS 128,low
2026-09-16,Wednesday,SKY Weekly Meditation Meetings,Fretwell,low
2026-09-16,Wednesday,Speed Friending,Cone University Center,low
2026-09-16,Wednesday,Spirituality & Science,Klein 104,low
2026-09-16,Wednesday,Transpersonal Counseling with Dr. Holden,,low
2026-09-16,Wednesday,The Pathways Relay,Cone 111,low
2026-09-16,Wednesday,Free Headshots,Friday 141,low
2026-09-16,Wednesday,CEPA Study Night,Denny 220,low
2026-09-17,Thursday,Deadline to apply for December 2026 Graduation,UNC Charlotte Academic Calendar,low
2026-09-17,Thursday,Intro to Learning Objectives and Backwards Design,,low
2026-09-17,Thursday,Designing in a Dash: Adobe Express Basics,,low
2026-09-17,Thursday,Student Org Advisor Workshop,Popp Martin Student Union,medium
2026-09-17,Thursday,Designing and Implementing Group Projects,,low
2026-09-17,Thursday,Presidents' Leadership Workshop,Popp Martin Student Union,medium
2026-09-17,Thursday,Jamil Niner Student Pantry: Thursday Volunteer Shift | 10:30am – 12:45pm,Jamil Niner Student Pantry,low
2026-09-17,Thursday,Get to Know CEI - Norms Vintage Market Tabling,Popp Martin Student Union,medium
2026-09-17,Thursday,TIAA Employer in the Foyer Table,Woodward Hall Second Floor,low
2026-09-17,Thursday,Oakworth Capital Bank Meet & Greet,,low
2026-09-17,Thursday,PAL Session - ECON 2101 (SMITH 204),SMITH 204,none
2026-09-17,Thursday,The Periodic Table of Emotions: Fostering Human-First Classrooms,,low
2026-09-17,Thursday,Beyond Summary: Strategies for Effective Literature Synthesis,Atkins Library,low
2026-09-17,Thursday,"Student Org: ""Drop In Hour""",Popp Martin Student Union,medium
2026-09-17,Thursday,Tau Sigma Ice Cream Social,Colvard,low
2026-09-17,Thursday,Think about it Thursdays: Ed.D. Pathways,,low
2026-09-17,Thursday,Thoughtful Thursday,Popp Martin Student Union,medium
2026-09-17,Thursday,Virtual Lunch and Learn: Ballin' on a Budget,Online,none
2026-09-17,Thursday,Jamil Niner Student Pantry: Thursday Volunteer Shift | 12:30pm – 2:45pm,Jamil Niner Student Pantry,low
2026-09-17,Thursday,Constitution Day & Citizenship Day,Popp Martin Student Union,medium
2026-09-17,Thursday,Midday Devotion,Union 200,low
2026-09-17,Thursday,CCI Research Seminar with Ron Yorko: College Football Volatility: A Bayesian state-space model of the transfer portal and NIL impact,Cone University Center,low
2026-09-17,Thursday,Jamil Niner Student Pantry: Thursday Volunteer Shift | 2:30pm – 5:15pm,Jamil Niner Student Pantry,low
2026-09-17,Thursday,CFP Planner Pathways Event,Student Union Room 340,low
2026-09-17,Thursday,Grad School 101: Start Your Program Search with Confidence,,low
2026-09-17,Thursday,TDA Week: AWS DevOps Agent GameDay Competition for CCI Majors ONLY,,low
2026-09-17,Thursday,Lift & Learn: Compound Lifting 101,Belk Gym,low
2026-09-17,Thursday,International Coffee Hour,Popp Martin Student Union,medium
2026-09-17,Thursday,UCAE Goal Setting Workshop Simulcast,Colvard North 2006,low
2026-09-17,Thursday,Writing Resources Center (WRC) Celebrates 50 years!,Harris Alumni Center,low
2026-09-17,Thursday,SOLD Council Workshop: Funding & Budgeting,Cone University Center,low
2026-09-17,Thursday,PAL Session - CHEM 1252 (ONLINE),Online,none
2026-09-17,Thursday,VAW Global Health Outreach Info Session,Atkins Murray Library Room G48,low
2026-09-17,Thursday,Breaking Into Research: Scholar Program Q&A + Application Tips,McEniry,low
2026-09-17,Thursday,PAL Session: CHEM 1203 (DENNY 109),DENNY 109,none
2026-09-17,Thursday,Best Buddies Field Day,Field 14A (in front of robinson hall),low
2026-09-17,Thursday,Emily's AADSAS Dental School Application Walkthrough,Denny 200,low
2026-09-17,Thursday,PAL Session - CHEM 2131 (ONLINE),Online,none
2026-09-17,Thursday,ASME x BMES SolidWorks Workshop,Smith Building,low
2026-09-17,Thursday,Fall 2026 fashion show casting call,Rowe,low
2026-09-17,Thursday,Foundations,Denny 122,low
2026-09-17,Thursday,Ally Resume Workshop,KLEIN 104,low
2026-09-17,Thursday,Charlotte 49ers Women's Soccer at Florida Atlantic,"Boca Raton, FL",low
2026-09-17,Thursday,Charlotte 49ers Women's Volleyball at Queens,"Charlotte, N.C.",low
2026-09-17,Thursday,Meet The Neo's,Cone 109,low
2026-09-17,Thursday,Thursday College Gathering,Popp Martin Student Union,medium
2026-09-17,Thursday,Rhythm,Fretwell 205,low
2026-09-18,Friday,Intro to Learning Objectives and Backwards Design,,low
2026-09-18,Friday,ACCT 3323 Drop In Hours,Colvard,low
2026-09-18,Friday,Jamil Niner Student Pantry Garden Day  (Cancelled),Jamil Niner Student Pantry,low
2026-09-18,Friday,AI²: Investigating student use of artificial intelligence and faculty-student perspectives on academic integrity,McEniry,low
2026-09-18,Friday,Graduate Admissions Virtual Office Hours,,none
2026-09-18,Friday,PAL Session - ECON 2102 (FRIDAY 155),FRIDAY 155,none
2026-09-18,Friday,PAL Session: CHEM 1200 (ONLINE),Online,none
2026-09-18,Friday,Formatting and Submitting Your Thesis or Dissertation,,low
2026-09-18,Friday,Career Meet Up: Transfer & Thrive: Your Career Starts Now,,low
2026-09-18,Friday,Human Subjects Research & the IRB Review Process,,low
2026-09-18,Friday,Niner Finances Walk In Hours,King 210,low
2026-09-18,Friday,Walk In Hours,King,low
2026-09-18,Friday,UCAE Stress Less Workshop,Colvard North 2006,low
2026-09-18,Friday,Adopt A Spot,Lot 6,low
2026-09-18,Friday,Beds For Kids,Beds for Kids,low
2026-09-18,Friday,Motivation,Popp Martin Student Union,medium
2026-09-18,Friday,Goal Setting,Popp Martin Student Union,medium
2026-09-18,Friday,Presidents' Leadership Workshop,,low
2026-09-18,Friday,Niners with Novels Reading Club,Fretwell 202,low
2026-09-18,Friday,Growth Mindset,Popp Martin Student Union,medium
2026-09-18,Friday,CyberMixer,CHHS 294,low
2026-09-18,Friday,CGLL x CLT Together Graduate Game Night,Atkins Library,low
2026-09-18,Friday,CGLL x CLT Together Monthly Grad Game Night,Atkins Library,low
2026-09-18,Friday,Miles for Impact,Hauser Alumni Pavillion,low
2026-09-18,Friday,Game Night: Jackbox Games,College of Health & Human Services (CHHS),low
2026-09-19,Saturday,[N] Charlotte 49ers Women's Tennis vs ITA All Americans,"Cary, N.C.",low
2026-09-19,Saturday,Pinewood Elementary Gardening,Pinewood Elementary,low
2026-09-19,Saturday,King’s Mountain Hike,King's Church,low
2026-09-19,Saturday,Monarch Festival,Reedy Creek Nature Center,medium
2026-09-19,Saturday,CCI Open House,Woodward Hall,high
2026-09-19,Saturday,International Festival,In and around the Barnhardt Student Activity Center,medium
2026-09-19,Saturday,Residential Leadership Council Retreat,Fretwell 124,low
2026-09-19,Saturday,Around the World in Objects: A World-Building Adventure,University City Regional Library,low
2026-09-19,Saturday,AWAY GAME (VS COLLEGE OF CHARLESTON),College of Charleston,low
2026-09-19,Saturday,Charlotte 49ers Women's Volleyball at Davidson,"Davidson, N.C.",low
2026-09-19,Saturday,CAB Skate Night,Kates Skating Rink - Indian Trail,low
2026-09-20,Sunday,[N] Charlotte 49ers Women's Tennis vs ITA All Americans,"Cary, N.C.",low
2026-09-20,Sunday,Watchparty: Rocket League Championship Series (RLCS),"Room 267, Popp-Martin Student Union",medium
2026-09-20,Sunday,Social Kickball League - COED,Revolution Park,low
2026-09-21,Monday,[N] Charlotte 49ers Women's Tennis vs ITA All Americans,"Cary, N.C.",low
2026-09-21,Monday,Entrepreneurial Mindset for Engineers,PORTAL,low
2026-09-21,Monday,PHD Counselor Education and Supervision Information Session,,low
2026-09-21,Monday,"Exploring Canvas Course Analytics for Assignments, Quizzes, and Videos",,low
2026-09-21,Monday,Gold Rush Prize Pickup,Popp Martin Student Union,medium
2026-09-21,Monday,Interlibrary Loan Workshop,Atkins Library Classroom 124,low
2026-09-21,Monday,Jamil Niner Student Pantry: Monday Volunteer Shift | 11:00am – 1pm,Jamil Niner Student Pantry,low
2026-09-21,Monday,MW AMA X Booby's Mobile Beverages,Storrs,low
2026-09-21,Monday,Pie an SGSA Board Member,CHHS Plaza,low
2026-09-21,Monday,Know Before You Go: Essential Steps for Newly Admitted Students,,high
2026-09-21,Monday,MSW Information Session,,low
2026-09-21,Monday,PAL Session: CHEM 1203 (CHHS 294),CHHS 294,none
2026-09-21,Monday,Career Meet Up: Career Fair Crash Course,,high
2026-09-21,Monday,UCAE Conquering Procrastination Workshop Simulcast,Colvard North 2006,low
2026-09-21,Monday,Casual Chess Meetup,Student Union 264,low
2026-09-21,Monday,PAL Session: CHEM 1252 (FRET 116),FRET 116,none
2026-09-21,Monday,Part 1: Introduction to Gen-AI and Prompt Writing,,low
2026-09-21,Monday,PAL Session: CHEM 1251 (CHHS 134),CHHS 134,none
2026-09-21,Monday,Applying for the NSF Graduate Research Fellowship Program,Atkins Library,low
2026-09-21,Monday,Qualtrics 101,Cone Center 113B,low
2026-09-21,Monday,ACM-W Social with Free KONA ICE!!!,Norm Statue!!,low
2026-09-21,Monday,PAL Session - CHEM 2131 (GYMNS 207),GYMNS 207,none
2026-09-21,Monday,PAL Session: CHEM 1200 (GYMNS 206),GYMNS 206,none
2026-09-21,Monday,PAL Session - CHEM 2132 (ONLINE),Online,none
2026-09-21,Monday,PAL Session - ECON 3125 (COLVD 5092),COLVD 5092,none
2026-09-21,Monday,Student Org Advisor Workshop,Popp Martin Student Union,medium
2026-09-21,Monday,CHESS Success Summit AI Storytelling Lab,Fretwell ,medium
2026-09-21,Monday,Green Dot Student Overview,,low
2026-09-21,Monday,Ladies in Land,Cone 111A,low
2026-09-21,Monday,A2i - Hidden Networking: Building Relationships Through Purpose and Community,,low
2026-09-21,Monday,BISOM Networking Night,Popp Martin Student Union,medium
2026-09-21,Monday,BISOM Networking Night 2026,,low
2026-09-21,Monday,Ataya & Ludo Night,Union 266,low
2026-09-21,Monday,Interest meeting,Denny 102,low
2026-09-21,Monday,PAL Session - ECON 2102,Online,none
2026-09-21,Monday,Picnic y Pachanga,StarQuad,low
2026-09-21,Monday,Snowflake and Tableau Workshop,Mebane Hall 419,low
2026-09-21,Monday,UPHA: Fall 2026 Interest Meeting,Smith building: 269,low
2026-09-21,Monday,Bible Study,Colvard,low
2026-09-21,Monday,Welcome To The Mine Social,Cone Center Rm 113,low
2026-09-21,Monday,Get Career Fair Ready! _ Resume and LinkedIn Workshop with PRSSA,Friday 385,high
2026-09-21,Monday,PAL Session - CHEM 2131 (ONLINE),Online,none
2026-09-21,Monday,Rock Climbing Night at the SAC,,low
2026-09-22,Tuesday,[N] Charlotte 49ers Women's Tennis vs ITA All Americans,"Cary, N.C.",low
2026-09-22,Tuesday,RSA GB meeting,Colvard 5091,low
2026-09-22,Tuesday,CHEM 1251 Drop In Hours,Learning Commons - Colvard North 2300,low
2026-09-22,Tuesday,Dimensions of Wellness tabling,South Village (Sovi),low
2026-09-22,Tuesday,Master Your Workflow with Google Gmail and Calendar,,low
2026-09-22,Tuesday,PAL Session: CHEM 1203 (ONLINE),Online,none
2026-09-22,Tuesday,Presidents' Leadership Workshop,Popp Martin Student Union,medium
2026-09-22,Tuesday,Career Meet Up: My First Networking Event,,low
2026-09-22,Tuesday,Mechanical Engineering and Engineering Science Seminar Series: Dr. Ronald D. Joslin,Duke Centennial Hall,low
2026-09-22,Tuesday,PAL Session - ECON 2102 (FRIDAY 130),FRIDAY 130,none
2026-09-22,Tuesday,Understanding Gen Z: The AI Generation,,low
2026-09-22,Tuesday,PAL Session - CHEM 2131 (DENNY 206),DENNY 206,none
2026-09-22,Tuesday,BIOL 2120 Drop In Hours,Learning Commons - Colvard North 2300,low
2026-09-22,Tuesday,Niners in the Queen City: Exploring Life in Charlotte and NC,,low
2026-09-22,Tuesday,Jamil Niner Student Pantry: Tuesday Volunteer Shift | 12:30pm – 2:45pm,Jamil Niner Student Pantry,low
2026-09-22,Tuesday,Counseling MA Program Virtual Information Session,,none
2026-09-22,Tuesday,Supporting Self-Directed Learning with Gemini Notebook,,low
2026-09-22,Tuesday,UCAE Niner Focus Workshop,Colvard North 2006,low
2026-09-22,Tuesday,Generative AI 101: Getting Started with Gemini & CoPilot,,low
2026-09-22,Tuesday,Career Meet Up: Career Fair Crash Course,,high
2026-09-22,Tuesday,Entrepreneurial Mindset for Engineers,PORTAL,low
2026-09-22,Tuesday,Jamil Niner Student Pantry: Tuesday Volunteer Shift | 2:30pm – 5:00pm,Jamil Niner Student Pantry,low
2026-09-22,Tuesday,PAL Session: CHEM 1251 (ONLINE),Online,none
2026-09-22,Tuesday,"AI in Practice: Systems, Wikis, and the Future of Work",Woodward Hall 335,low
2026-09-22,Tuesday,First-Gen September Meetup,"Bardnhardt Student Activity Center (SAC), Salons AB",medium
2026-09-22,Tuesday,Lift & Learn: Functional Movement & Wellness Screen,University Recreation Center,low
2026-09-22,Tuesday,Problem Solving,Popp Martin Student Union,medium
2026-09-22,Tuesday,Alcoholics Anonymous (AA),Waddell Center for Student Health and Wellbeing,low
2026-09-22,Tuesday,Fall 2026 Financial Services Career Fair,Student Union 340,high
2026-09-22,Tuesday,Financial Services Career Fair,Popp Martin Student Union,high
2026-09-22,Tuesday,PAL Session: CHEM 1252 (MCEN 123),MCENIRY 123,none
2026-09-22,Tuesday,Tea House,Student Union 265,low
2026-09-22,Tuesday,Tuesday Seminar- Applied AI in Sports Hospitality: From Fan Sentiment to Reducing Waste,Dubois Center at UNC Charlotte Center City,low
2026-09-22,Tuesday,Writing Intelligently in the Age of GenAI,Atkins Library,low
2026-09-22,Tuesday,VAW Global Health Outreach Info Session,Atkins Murray Library Room G48,low
2026-09-22,Tuesday,Ames Construction Guest Speakers - Cost Estimating,College of Health and Human Services 281,low
2026-09-22,Tuesday,Type Lab,Macy 106B,low
2026-09-22,Tuesday,PAL Session - ECON 3125 (ONLINE),Online,none
2026-09-22,Tuesday,Battle of the Orgs - Beach Volleyball,Star Quad,low
2026-09-22,Tuesday,Colors of Culture,Cone After Hours,low
2026-09-22,Tuesday,LASO Venture,Field 14A R,low
2026-09-22,Tuesday,PAL Session - ECON 2101 (ONLINE),Online,none
2026-09-22,Tuesday,Microsoft learn: WK3 Excel Workshop,Smith 303,low
2026-09-22,Tuesday,Total Drama Island 2,Cone Lucas Room,low
2026-09-23,Wednesday,[N] Charlotte 49ers Women's Tennis vs ITA All Americans,"Cary, N.C.",low
2026-09-23,Wednesday,Fall 2026 Graduate Education Summit,Cone University Center,medium
2026-09-23,Wednesday,Qualtrics 101,Cone Center 113B,low
2026-09-23,Wednesday,PAL Session - ECON 2102 (SMITH 217),SMITH 217,none
2026-09-23,Wednesday,AI@Work Discussion Series,,low
2026-09-23,Wednesday,Data Visualization with Matplotlib,Atkins Library,low
2026-09-23,Wednesday,Part 2: Student Study Skills with Gen-AI,,low
2026-09-23,Wednesday,Entrepreneurial Mindset for Engineers,PORTAL,low
2026-09-23,Wednesday,Jamil Niner Student Pantry: Wednesday Volunteer Shift | 10:30am – 12:45pm,Jamil Niner Student Pantry,low
2026-09-23,Wednesday,Belk College of Business Alumni Coffee,Dubois Center at UNC Charlotte Center City,low
2026-09-23,Wednesday,Professional in Residence: Pentair (Drop-Ins),University Career Center,low
2026-09-23,Wednesday,Splash-A-Stepper Tabling,Union,low
2026-09-23,Wednesday,Voting Registration Tabling,Atkins Library main entrance,low
2026-09-23,Wednesday,Wellness Wednesday,Popp Martin Student Union,medium
2026-09-23,Wednesday,Wellness Wednesday Social CRP Silent Disco,Popp Martin Student Union,medium
2026-09-23,Wednesday,Grad School 101: Start Your Program Search with Confidence,,low
2026-09-23,Wednesday,Honoring Dr. John Connaughton: A Regional Economic Forum & the Launch of the North Carolina Economic Impact Center,Dubois Center at UNC Charlotte Center City,low
2026-09-23,Wednesday,PAL Session - CHEM 2131 (CHHS 294),CHHS 294,none
2026-09-23,Wednesday,PAL Session - CHEM 2131 (COLVD 5092),COLVD 5092,none
2026-09-23,Wednesday,Popp Into Student Involvement,Popp Martin Student Union,medium
2026-09-23,Wednesday,Virtual Lunch and Learn: The Credit Game (Learn the Rules Win the Future),Online,none
2026-09-23,Wednesday,Jamil Niner Student Pantry: Wednesday Volunteer Shift | 12:30pm – 3:30pm,Jamil Niner Student Pantry,low
2026-09-23,Wednesday,The Art of Networking in the U.S.,Atkins 146,low
2026-09-23,Wednesday,Canvas: Collaboration with Groups and Peer Review,,low
2026-09-23,Wednesday,PAL Session: CHEM 1200 (COLVD 5096),COLVD 5096,none
2026-09-23,Wednesday,Pumpkin Mug Cake Demo Kitchen,UREC Demo Kitchen,low
2026-09-23,Wednesday,Sew Into Recovery,Atkins Library,low
2026-09-23,Wednesday,ACCT 2121 Drop In Hours,Colvard,low
2026-09-23,Wednesday,Clinical Mental Health Counseling Virtual Information Session,,none
2026-09-23,Wednesday,Lake Days,Hechenbleikner Lake,low
2026-09-23,Wednesday,Career Meet Up: Career Fair Crash Course,,high
2026-09-23,Wednesday,PAL Session - CHEM 2132 (FRIDAY 130),FRIDAY 130,none
2026-09-23,Wednesday,PAL Session - ECON 2101 (COLVD 5092),COLVD 5092,none
2026-09-23,Wednesday,PAL Session: CHEM 1252 (FRIDAY 385),FRIDAY 385,none
2026-09-23,Wednesday,"""The Documented Child: Migration, Personhood, and Citizenship in 21st Century U.S. Latinx Children's Literature"" by Maya Socolovsky, Ph.D.",Atkins Library,low
2026-09-23,Wednesday,Green Dot Bystander Training,Popp Martin Student Union,medium
2026-09-23,Wednesday,Adopt-A-Spot,Lot 7A,low
2026-09-23,Wednesday,Art & Chill! Movie + Rock Painting,McEniry Room 401,low
2026-09-23,Wednesday,Chapter Meeting and Speaker Panel,McEniry 116,low
2026-09-23,Wednesday,Two ways to get your JL Price MBA - Virtual Information Session,,none
2026-09-23,Wednesday,Wealth Management Club Fall Kickoff Meeting,Friday 386,low
2026-09-23,Wednesday,LinkedIn Workshop with Microsoft Learn at UNCC,Smith 204,low
2026-09-23,Wednesday,Charlotte 49ers Women's Volleyball at East Carolina,"Greenville, N.C.",low
2026-09-23,Wednesday,Resume Building Workshop,Friday 144,low
2026-09-23,Wednesday,SKY Weekly Meditation Meetings,Fretwell,low
2026-09-23,Wednesday,Wingate University Information Session,Mebane 165,low
2026-09-23,Wednesday,Bank of America Panel,Friday 130,low
2026-09-23,Wednesday,IEEE Fall Interest Meeting,EPIC 3222,low
2026-09-23,Wednesday,Rock Climbing Night at the SAC,,low
2026-09-24,Thursday,[N] Charlotte 49ers Women's Tennis vs ITA All Americans,"Cary, N.C.",low
2026-09-24,Thursday,Writing Effective Prompts Gemini & Copilot for a Smarter To-Do List Workflow,,low
2026-09-24,Thursday,Entrepreneurial Mindset for Engineers,PORTAL,low
2026-09-24,Thursday,Jamil Niner Student Pantry: Thursday Volunteer Shift | 10:30am – 12:45pm,Jamil Niner Student Pantry,low
2026-09-24,Thursday,Student Org Advisor Workshop,,low
2026-09-24,Thursday,CCI Tech Connect Networking Event,Cone Center Lucas Room,low
2026-09-24,Thursday,CHEM 1251 Drop In Hours,Learning Commons - Colvard North 2300,low
2026-09-24,Thursday,Splash-A-Stepper Tabling,Union,low
2026-09-24,Thursday,Tech Connect Networking Event - College of Computing and Informatics,,low
2026-09-24,Thursday,PAL Session - ECON 2101 (SMITH 204),SMITH 204,none
2026-09-24,Thursday,Part 4: Creating Accessible Instructional Materials with AI,,low
2026-09-24,Thursday,Ace Your Graduate School Application:Tips and Tricks for Success,,low
2026-09-24,Thursday,Info Session - Cybersecurity & HCCE Grad Programs,,low
2026-09-24,Thursday,M.S. in Real Estate Virtual Information Session,,none
2026-09-24,Thursday,PhD in Computing and Information Systems,,low
2026-09-24,Thursday,"Student Org: ""Drop In Hour""",Popp Martin Student Union,medium
2026-09-24,Thursday,Jamil Niner Student Pantry: Thursday Volunteer Shift | 12:30pm – 2:45pm,Jamil Niner Student Pantry,low
2026-09-24,Thursday,BIOL 2120 Drop In Hours,Learning Commons - Colvard North 2300,low
2026-09-24,Thursday,Career Meet Up: Networking for Introverts & Extroverts,,low
2026-09-24,Thursday,Midday Devotion,Cone 111,low
2026-09-24,Thursday,Pumpkin Mug Cake Demo Kitchen,UREC Demo Kitchen,low
2026-09-24,Thursday,Streamline Your Storage: Mastering Google Drive,,low
2026-09-24,Thursday,Zoom AI for Teaching,,none
2026-09-24,Thursday,Open Swim: LinkedIn,Friday,low
2026-09-24,Thursday,Applying for the NSF Graduate Research Fellowship Program,Atkins Library,low
2026-09-24,Thursday,Career Meet Up: Resume Writing Basics,,low
2026-09-24,Thursday,Mini Printmaking Workshop,Atkins Library,low
2026-09-24,Thursday,Navigating Your Tableau Dashboard,Cone Center 113B,low
2026-09-24,Thursday,Verifying Your Values,Popp Martin Student Union,medium
2026-09-24,Thursday,Jamil Niner Student Pantry: Thursday Volunteer Shift | 2:30pm – 5:15pm,Jamil Niner Student Pantry,low
2026-09-24,Thursday,UCAE Campus Partner Workshop,Colvard North 2006,low
2026-09-24,Thursday,PAL Session - CHEM 2132 (CHHS 124),CHHS 124,none
2026-09-24,Thursday,Personal Branding,Popp Martin Student Union,medium
2026-09-24,Thursday,Presidents' Leadership Workshop,Popp Martin Student Union,medium
2026-09-24,Thursday,Addiction Counseling Virtual Information Session,,none
2026-09-24,Thursday,SOLD Council Workshop: Engagement & Recruitment,Cone University Center,low
2026-09-24,Thursday,Goal Setting,Popp Martin Student Union,medium
2026-09-24,Thursday,PAL Session - CHEM 1252 (ONLINE),Online,none
2026-09-24,Thursday,PAL Session: CHEM 1203 (DENNY 109),DENNY 109,none
2026-09-24,Thursday,Exhibition Reception: Litmosphere,Dubois Center at UNC Charlotte Center City,low
2026-09-24,Thursday,Mystery Fundraiser Night,UNC Charlotte,low
2026-09-24,Thursday,PAL Session - CHEM 2131 (ONLINE),Online,none
2026-09-24,Thursday,Risk Management & Insurance Alumni Reception,Harris Alumni Center,medium
2026-09-24,Thursday,Foundations,Denny 122,low
2026-09-24,Thursday,Charlotte 49ers Women's Soccer vs North Texas,"Charlotte, N.C., Jen Gaber Field",low
2026-09-24,Thursday,Thursday Worship Night,Popp Martin Student Union,medium
2026-09-24,Thursday,Rhythm,Fretwell 205,low
2026-09-24,Thursday,Roots and Words,"Black Box Theater, Robinson Hall",low
2026-09-25,Friday,[N] Charlotte 49ers Women's Tennis vs ITA All Americans,"Cary, N.C.",low
2026-09-25,Friday,2026 Family Weekend,UNC Charlotte,low
2026-09-25,Friday,ACCT 3323 Drop In Hours,Colvard,low
2026-09-25,Friday,Conflict Resolution: Navigating Colleague-to-Colleague Differences,,low
2026-09-25,Friday,Fall Career and Internship Fair,,high
2026-09-25,Friday,Family Weekend Guided Bike Ride,Lot 27,low
2026-09-25,Friday,Microcredential Minute: UNC Charlotte's Microcredentials,,low
2026-09-25,Friday,Open Pitch Night (Daytime Edition),Popp Martin Student Union Theater,medium
2026-09-25,Friday,PAL Session - ECON 2102 (FRIDAY 155),FRIDAY 155,none
2026-09-25,Friday,PAL Session: CHEM 1200 (ONLINE),Online,none
2026-09-25,Friday,2026 Family Weekend Legacy Luncheon,"Popp Martin Student Union,",medium
2026-09-25,Friday,Niner Finances Walk In Hours,King 210,low
2026-09-25,Friday,Walk In Hours,King,low
2026-09-25,Friday,Customizing Gemini Gems for Course Assignments,,low
2026-09-25,Friday,Actuarial Science Career Fair 2026,,high
2026-09-25,Friday,Champion House of Care Food Pantry,Champion House of Care,low
2026-09-25,Friday,Marketing Mixer,Star Quad,low
2026-09-25,Friday,Niners with Novels Reading Club,Fretwell 202,low
2026-09-25,Friday,Student Org Advisor Workshop,Cone University Center,low
2026-09-25,Friday,NanoVNA Workshop,EPIC 2222,low
2026-09-25,Friday,Teddies & Toast,Cone After Hours,low
2026-09-25,Friday,Game Night: Mafia,College of Health & Human Services (CHHS),low
2026-09-25,Friday,Roots and Words,"Black Box Theater, Robinson Hall",low
2026-09-26,Saturday,[N] Charlotte 49ers Women's Tennis vs ITA All Americans,"Cary, N.C.",low
2026-09-26,Saturday,Crowders Mtn Hike (Cancelled),Chickfila,low
2026-09-26,Saturday,Feeding Charlotte,Elevation church,low
2026-09-26,Saturday,Around the World in Objects: A World-Building Adventure,University City Regional Library,low
2026-09-26,Saturday,Feeding Charlotte : 3rd annual food sustainability summit,Elevation Church,medium
2026-09-26,Saturday,Roots and Words,"Black Box Theater, Robinson Hall",low
2026-09-27,Sunday,Fall Colors Hike,Pisgah National Forest (or similar hiking area),low
2026-09-27,Sunday,Zero Waste Crew Sorting - Sept 27,Jerry Richardson Stadium between Gates 3 and 4,low
2026-09-27,Sunday,Home Tournament,Field 13,low
2026-09-27,Sunday,2026 Bachata Brunch,Harris Alumni Center,low
2026-09-27,Sunday,Sunday Worship,Mebane 065,low
2026-09-27,Sunday,Charlotte 49ers Women's Volleyball at Temple,"Philadelphia, Pa.",low
2026-09-27,Sunday,Charlotte 49ers Women's Soccer vs UTSA,"Charlotte, N.C., Jen Gaber Field",low
2026-09-27,Sunday,HOME GAME (VS GEORGIA SOUTHERN),NRFC Field 16,low
2026-09-28,Monday,Spring 2027 Schedule of Classes available on the web,UNC Charlotte Academic Calendar,low
2026-09-28,Monday,Student registration appointment times available on the web,UNC Charlotte Academic Calendar,low
2026-09-28,Monday,NNW Paint the Campus Green,Center for Student Involvement,low
2026-09-28,Monday,Paint the Campus Green,Popp Martin Student Union,medium
2026-09-28,Monday,Counseling MA Program Virtual Information Session,,none
2026-09-28,Monday,49er ACE Awards & Appreciation Luncheon,Popp Martin Student Union,medium
2026-09-28,Monday,Career Meet Up: How to Get an Internship,,low
2026-09-28,Monday,PAL Session: CHEM 1203 (CHHS 294),CHHS 294,none
2026-09-28,Monday,Student Org Advisor Workshop,Popp Martin Student Union,medium
2026-09-28,Monday,Grad School 101: Start Your Program Search with Confidence,,low
2026-09-28,Monday,Overview of Gen-AI Tools in Education,,low
2026-09-28,Monday,PAL Session: CHEM 1252 (FRET 116),FRET 116,none
2026-09-28,Monday,PAL Session: CHEM 1251 (CHHS 134),CHHS 134,none
2026-09-28,Monday,PAL Session - CHEM 2131 (GYMNS 207),GYMNS 207,none
2026-09-28,Monday,PAL Session: CHEM 1200 (GYMNS 206),GYMNS 206,none
2026-09-28,Monday,PAL Session - CHEM 2132 (ONLINE),Online,none
2026-09-28,Monday,PAL Session - ECON 3125 (COLVD 5092),COLVD 5092,none
2026-09-28,Monday,Master of Public Health - Admissions Virtual Drop-In Hour,,none
2026-09-28,Monday,The Washington Center Experience,Atkins Library,low
2026-09-28,Monday,Hi-Wire Brewing Social,"Hi-Wire Brewing, South End",low
2026-09-28,Monday,September Coffee Hour,Cone 210,low
2026-09-28,Monday,Niner Home Videos: Digital Yearbook Screening,Atkins Library,low
2026-09-28,Monday,PAL Session - ECON 2102,Online,none
2026-09-28,Monday,Bible Study,Colvard,low
2026-09-28,Monday,PAL Session - CHEM 2131 (ONLINE),Online,none
2026-09-28,Monday,Choral Collage,Robinson Hall,low
2026-09-29,Tuesday,Master’s Thesis Proposal Defense Deadline for December 2026 Graduation,UNC Charlotte Academic Calendar,low
2026-09-29,Tuesday,CHEM 1251 Drop In Hours,Learning Commons - Colvard North 2300,low
2026-09-29,Tuesday,Dimensions of Wellness tabling,South Village (Sovi),low
2026-09-29,Tuesday,Homecoming Blood Drive,Cone University Center,high
2026-09-29,Tuesday,Coffee Chat with Pentair: Explore Early Talent Careers,Atkins Library,low
2026-09-29,Tuesday,CPL in Action,,low
2026-09-29,Tuesday,PAL Session: CHEM 1203 (ONLINE),Online,none
2026-09-29,Tuesday,Lincoln Financial - Employer in the Foyer Table,Woodward Hall Second Floor,low
2026-09-29,Tuesday,Niner Nation Week Homecoming Kickoff,Cauble Quad,high
2026-09-29,Tuesday,NNW: Homecoming Kick-Off Event,Cauble Quad,high
2026-09-29,Tuesday,Presidents' Leadership Workshop,Popp Martin Student Union,medium
2026-09-29,Tuesday,PAL Session - ECON 2102 (FRIDAY 130),FRIDAY 130,none
2026-09-29,Tuesday,PAL Session - CHEM 2131 (DENNY 206),DENNY 206,none
2026-09-29,Tuesday,BIOL 2120 Drop In Hours,Learning Commons - Colvard North 2300,low
2026-09-29,Tuesday,Student Org Advisor Workshop,Popp Martin Student Union,medium
2026-09-29,Tuesday,Ace Your Graduate School Application:Tips and Tricks for Success,,low
2026-09-29,Tuesday,Meet Up: Choose Your Career Community & how to get involved,,low
2026-09-29,Tuesday,Part 1: Canvas Accessibility with UDOIT,,low
2026-09-29,Tuesday,PAL Session: CHEM 1251 (ONLINE),Online,none
2026-09-29,Tuesday,Lincoln Financial - Professional Development Workshop (Cancelled),Woodward Hall 335,low
2026-09-29,Tuesday,Alcoholics Anonymous (AA),Waddell Center for Student Health and Wellbeing,low
2026-09-29,Tuesday,PAL Session: CHEM 1252 (MCEN 123),MCENIRY 123,none
2026-09-29,Tuesday,"Tuesday Seminar Series - From SAS Viya to Global Competitions: Exploring Analytics, AI, and Innovation",Dubois Center at UNC Charlotte Center City,low
2026-09-29,Tuesday,OMB Ballantyne Social,OMB Ballantyne,low
2026-09-29,Tuesday,Alumni in Sports Panel,Student Union 265,low
2026-09-29,Tuesday,PAL Session - ECON 3125 (ONLINE),Online,none
2026-09-29,Tuesday,"Introduction to Python: Variables, Data Types, Arithmetic and User Input",Online,low
2026-09-29,Tuesday,PAL Session - ECON 2101 (ONLINE),Online,none
2026-09-29,Tuesday,Streetwear Couture ~ 2026 Homecoming Fashion Show,McKnight Hall,high
2026-09-29,Tuesday,Homecoming Fashion Show,McKnight Hall,high
2026-09-29,Tuesday,Microsoft learn: WK4 Excel Workshop,Smith 303,low
2026-09-29,Tuesday,Rock Climbing Night at the SAC,,low
2026-09-29,Tuesday,Cards for a Cure: St. Jude Bingo,Cone After Hours,low
2026-09-29,Tuesday,Orchestra,Robinson Hall,low
2026-09-30,Wednesday,PAL Session - ECON 2102 (SMITH 217),SMITH 217,none
2026-09-30,Wednesday,Getting Started with Active Teaching and Learning,,low
2026-09-30,Wednesday,Conflict Resolution: Employee-Manager Differences and Managing Up,,low
2026-09-30,Wednesday,Jamil Niner Student Pantry: Wednesday Volunteer Shift | 10:30am – 12:45pm,Jamil Niner Student Pantry,low
2026-09-30,Wednesday,Wellness Wednesday,Popp Martin Student Union,medium
2026-09-30,Wednesday,Building the Network You Actually Need,,low
2026-09-30,Wednesday,DSBA and DSHA Prospective Graduate Student Information Session,,low
2026-09-30,Wednesday,Exploring Career Community Drop-ins,,low
2026-09-30,Wednesday,Insights into Aerospace Careers (Zoom Webinar) Panel Discussion,Online,none
2026-09-30,Wednesday,LinkedIn Training,Mebane Hall Room 032,low
2026-09-30,Wednesday,M.S. in Financial Engineering & Fintech Virtual Information Session,,none
2026-09-30,Wednesday,PAL Session - CHEM 2131 (CHHS 294),CHHS 294,none
2026-09-30,Wednesday,PAL Session - CHEM 2131 (COLVD 5092),COLVD 5092,none
2026-09-30,Wednesday,Popp Into Student Involvement,Popp Martin Student Union Room 210,medium
2026-09-30,Wednesday,ECGR 2111 Drop In Hours,EPIC 2342,low
2026-09-30,Wednesday,ECGR 2254 & ECGR 3111 Drop In Hours,EPIC 2342,low
2026-09-30,Wednesday,Jamil Niner Student Pantry: Wednesday Volunteer Shift | 12:30pm – 3:30pm,Jamil Niner Student Pantry,low
2026-09-30,Wednesday,Funding Your Future: Navigating Graduate Funding Strategies,,low
2026-09-30,Wednesday,PAL Session: CHEM 1200 (COLVD 5096),COLVD 5096,none
2026-09-30,Wednesday,Lunch & Learn: Standing Out in a Crowded Job Market,Cone 112 & Zoom,low
2026-09-30,Wednesday,ACCT 2121 Drop In Hours,Colvard,low
2026-09-30,Wednesday,Presidents' Leadership Workshop,Popp Martin Student Union,medium
2026-09-30,Wednesday,The Art of Being: Learning to Cope Creatively (9/30),Price Center for Counseling,low
2026-09-30,Wednesday,PAL Session - CHEM 2132 (FRIDAY 130),FRIDAY 130,none
2026-09-30,Wednesday,PAL Session - ECON 2101 (COLVD 5092),COLVD 5092,none
2026-09-30,Wednesday,UCAE Study Skills and Test Taking Workshop Simulcast,Colvard North 2006,low
2026-09-30,Wednesday,MSAI Information Session,,low
2026-09-30,Wednesday,PAL Session - ACCT 3323 (ONLINE),Online,none
2026-09-30,Wednesday,PAL Session - CHEM 1200 (MEBANE 168),MEBANE 168,none
2026-09-30,Wednesday,PAL Session: CHEM 1252 (FRIDAY 385),FRIDAY 385,none
2026-09-30,Wednesday,Fall 2026 Business Etiquette Dinner,Cone University Center 210A/B,low
2026-09-30,Wednesday,Sammy's Pub Social,Sammy's Neighborhood Pub,low
2026-09-30,Wednesday,TSO Interest Meeting - Mocktail Mixer,Smith 219,low
2026-09-30,Wednesday,Volunteer at Devonshire Elementary!,Devonshire Elementary School,low
2026-09-30,Wednesday,Actuarial Science Club Meeting  3,SMITH 201,low
2026-09-30,Wednesday,Niner  Night,Cauble Quad,low
2026-09-30,Wednesday,PAL Session - BIOL 2120 (COLVD 5092),COLVD 5092,none
2026-09-30,Wednesday,Microsoft Learn: Resume Workshop,Smith 204,low
2026-09-30,Wednesday,$5 InBody Scan Night,University Recreation Center,low
2026-09-30,Wednesday,Discussion on Death,Klein 104,low
2026-09-30,Wednesday,Hispanic Heritage Month: Alumni Panel,BSAC Salon C,low
2026-09-30,Wednesday,IRS: Criminal Investigation Unit Info Session,Fretwell 113,low
2026-09-30,Wednesday,SKY Weekly Meditation Meetings,Fretwell,low
2026-09-30,Wednesday,Spill the Tea and Hot Chocolate Senior Panel,EPIC 3222,low
2026-09-30,Wednesday,Charlotte Birding Club - Swift Night Out,East Meck High School,low
2026-09-30,Wednesday,General Meeting,Smith 267,low
2026-09-30,Wednesday,Loteria Night,SAC AB,low
2026-09-30,Wednesday,Rock Climbing Night at the SAC,,low
2026-09-30,Wednesday,Symphonic Band & Wind Ensemble,Robinson Hall,low
2026-10-01,Thursday,Charlotte 49ers Women's Tennis vs 49er Invite,"Charlotte, N.C., Halton-Wagner Tennis Complex",low
2026-10-01,Thursday,Faculty Textbook Adoption Deadline (Spring),,low
2026-10-01,Thursday,Jamil Niner Student Pantry: Thursday Volunteer Shift | 12:30pm – 2:45pm,Jamil Niner Student Pantry,low
2026-10-01,Thursday,Niner Nation Week T-Shirt Swap,Popp Martin Student Union,medium
2026-10-01,Thursday,CHEM 1251 Drop In Hours,Learning Commons - Colvard North 2300,low
2026-10-01,Thursday,Fall Bake Sale,Popp Martin Student Union,medium
2026-10-01,Thursday,MSC Career LAUNCH Mentorship Program: Leaders Unplugged,,low
2026-10-01,Thursday,Spin Into Awareness,Student Union Front Porch,low
2026-10-01,Thursday,The Hartford Employer in the Foyer Table,Woodward Hall Second Floor,low
2026-10-01,Thursday,Transfer Social Series: Create your Transfer Career Experience,Career Center Classroom,low
2026-10-01,Thursday,Transfer Student Social Series: Create Your Transfer Career Experience,University Career Center,low
2026-10-01,Thursday,ECGR 2111 Drop In Hours,EPIC 2342,low
2026-10-01,Thursday,ECGR 2254 & ECGR 3111 Drop In Hours,EPIC 2342,low
2026-10-01,Thursday,"Mechanical Engineering and Engineering Science Seminar Series: Carlos Andrade, Ph.D. candidate",Duke Centennial Hall,low
2026-10-01,Thursday,PAL Session - ECON 2101 (SMITH 204),SMITH 204,none
2026-10-01,Thursday,Thirsty Thursdays start October 1st w/Gallo Winery,,low
2026-10-01,Thursday,Formatting and Submitting Your Thesis or Dissertation,,low
2026-10-01,Thursday,M.S. in Computer Science (MSCS) Virtual Information Session,,none
2026-10-01,Thursday,"Student Org: ""Drop In Hour""",Student Union,low
2026-10-01,Thursday,Thirsty Thursdays:  October 1st with McKenney's,Online,low
2026-10-01,Thursday,BIOL 2120 Drop In Hours,Learning Commons - Colvard North 2300,low
2026-10-01,Thursday,Midday Devotion,Union 200,low
2026-10-01,Thursday,Part 2: Collaborative Projects of GNL,,low
2026-10-01,Thursday,ECGR 2105 Drop In Hours,Learning Commons - Colvard North 2300,low
2026-10-01,Thursday,Jamil Niner Student Pantry: Thursday Volunteer Shift | 2:30pm – 5:15pm,Jamil Niner Student Pantry,low
2026-10-01,Thursday,PAL Session - CHEM 2132 (CHHS 124),CHHS 124,none
2026-10-01,Thursday,International Coffee Hour,Popp Martin Student Union,medium
2026-10-01,Thursday,UCAE Time Management Workshop,Colvard North 2006,low
2026-10-01,Thursday,Cabarrus Brewing Co Social,Cabarrus Brewing Co,low
2026-10-01,Thursday,Uptown Live,Truist Center Plaza,low
2026-10-01,Thursday,Virtual Workshop - Beyond the Hype: Engineering AI Solutions That Actually Work in Banking,Online,none
2026-10-01,Thursday,Build Your Network: LinkedIn & Networking Strategies,Smith Building Room 217,low
2026-10-01,Thursday,Moon Festival GBM,Leving Field 14A,medium
2026-10-01,Thursday,"Run, Toby, Run!",Hauser Alumni Pavilion,low
2026-10-01,Thursday,Best Buddies Game night,CHHS 109,low
2026-10-01,Thursday,Boba and Books,McEniry 401,low
2026-10-01,Thursday,ARCHIVE interest meeting,Mebane Room 102,low
2026-10-01,Thursday,Fall Ball Social Event,Cone Center After Hours,low
2026-10-01,Thursday,I Just Want to Dance,Wilson/Levine Arch Way,low
2026-10-01,Thursday,LWJ- Foundations,Denny 122,low
2026-10-01,Thursday,Thursday College Gathering,STUN 262,low
2026-10-01,Thursday,Homecoming Flag Football Tournament (Pre-Registration Required!),Jerry Richardson Stadium,high
2026-10-01,Thursday,Jazz Ensemble and Combos,Robinson Hall,low
2026-10-01,Thursday,Rhythm,Fretwell 205,low
2026-10-01,Thursday,Aux Cord Wars,Popp Martin Student Union,medium
2026-10-02,Friday,Charlotte 49ers Women's Tennis vs 49er Invite,"Charlotte, N.C., Halton-Wagner Tennis Complex",low
2026-10-02,Friday,Unsatisfactory Mid-Term Grades due for Fall 2026 by,UNC Charlotte Academic Calendar,low
2026-10-02,Friday,Waterbean Coffee Social,"Waterbean Coffee, Huntersville",low
2026-10-02,Friday,ACCT 3323 Drop In Hours,Colvard,low
2026-10-02,Friday,Jamil Niner Student Pantry Garden Day | 9:00am – 11:00am,Jamil Niner Student Pantry,low
2026-10-02,Friday,Graduate Admissions Virtual Office Hours,,none
2026-10-02,Friday,Science and Technology Development Grant Funding Presentation,UNC Charlotte,low
2026-10-02,Friday,TIAA's Early Career ASPIRE Event,,low
2026-10-02,Friday,Career Meet Up: Purpose Over Position: Designing a Career That Matters,,low
2026-10-02,Friday,A2i: Negotiation in the Professional World,Atkins Library,low
2026-10-02,Friday,Niner Finances Walk In Hours,King 210,low
2026-10-02,Friday,Walk In Hours,King,low
2026-10-02,Friday,Mechanical Engineering Research Open House and Manufacturing Day,Duke Centennial Hall,high
2026-10-02,Friday,UTD | Tabling,PMSU | 1st Floor,low
2026-10-02,Friday,Niners with Novels Reading Club,Fretwell 202,low
2026-10-02,Friday,BAC History Makers' Old School Day Party,Harris Alumni Center,low
2026-10-02,Friday,Homecoming Carnival,49th Acre,high
2026-10-02,Friday,NNW: Homecoming Carnival,49th Acre,high
2026-10-02,Friday,Shodō Club Kanji Telephone,CHHS,low
2026-10-02,Friday,Holistic Founder,CO-LAB,low
2026-10-02,Friday,Charlotte 49ers Women's Volleyball vs UTSA,"Charlotte, N.C.",low
2026-10-02,Friday,Korea Traditional games,smith 229,low
2026-10-02,Friday,Sunset Friday,CHHS 285,low
2026-10-02,Friday,Annual UNC Charlotte NPHC Homecoming Stroll Competition,Popp Martin Student Union,high
2026-10-02,Friday,Charlotte 49ers Women's Soccer at Tulsa,"Tulsa, OK",low
2026-10-02,Friday,Game Night: Wii Sports!,College of Health & Human Services (CHHS),low
2026-10-02,Friday,BAC Homecoming Welcome Reception,UNC Charlotte Marriott Hotel & Conference Center,high
2026-10-03,Saturday,Alumni Tailgate (Homecoming),"Hauser Alumni Pavilion presented by Parks Chevrolet Charlotte, Official Hometown Dealer of the Charlotte 49ers",high
2026-10-03,Saturday,Charlotte 49ers Women's Tennis vs 49er Invite,"Charlotte, N.C., Halton-Wagner Tennis Complex",low
2026-10-03,Saturday,Homecoming Game,Jerry Richardson Stadium ,high
2026-10-03,Saturday,Homecoming Spirit Tents,49th Acre,high
2026-10-03,Saturday,Community Homecoming Tailgate,49th Acre,high
2026-10-03,Saturday,Five Star Cheer Tailgate,West Quad,low
2026-10-03,Saturday,Lifeline Christian Mission Meal Packing,Lifeline,low
2026-10-03,Saturday,The 5th Annual Latinx Tailgate (Homecoming Edition),49th Acre,high
2026-10-03,Saturday,Around the World in Objects: A World-Building Adventure,University City Regional Library,low
2026-10-03,Saturday,GameDay Spirit Tents,49th Acre & 49er Way,low
2026-10-03,Saturday,Homecoming Tailgate,Lot 25,high
2026-10-03,Saturday,Niner Woods Sip and Paint,Niner Woods Pool/Clubhouse,low
2026-10-03,Saturday,Green & Gold ThrowBAC,Popp Martin Student Union,medium
2026-10-04,Sunday,Zero Waste Crew Sorting - Oct 4,Jerry Richardson Stadium between Gates 3 and 4,low
2026-10-04,Sunday,"Question, Persuade, Refer Training (Faculty/Staff)",,low
2026-10-04,Sunday,BAC Soulful Sunday Brunch,UNC Charlotte Marriott Hotel & Conference Center,low
2026-10-04,Sunday,Charlotte 49ers Women's Volleyball vs North Texas,"Charlotte, N.C.",low
2026-10-04,Sunday,AWAY GAME (VS USC),University of South Carolina,low
2026-10-04,Sunday,PENSA CAMPUS MINISTRY REVIVAL,Austin Auditorium - Wingage University,low
2026-10-04,Sunday,Charlotte Birding Club - Swift Night Out,Collinswood Language Academy,low
2026-10-05,Monday,Unsatisfactory Mid-Term Grade notices emailed to students for Fall 2026,UNC Charlotte Academic Calendar,none
2026-10-05,Monday,HOSA x OneBlood Drive,Student Union,medium
2026-10-05,Monday,PAL Session - ACCT 3323 (MCENIRY 118),MCEN 118,none
2026-10-05,Monday,RA Info Session  (In-person),Popp Martin Student Union,medium
2026-10-05,Monday,Jamil Niner Student Pantry: Monday Volunteer Shift | 11:00am – 1pm,Jamil Niner Student Pantry,low
2026-10-05,Monday,Master of Accountancy Virtual Information Session,,none
2026-10-05,Monday,Using Gemini Notebook AI for Teaching,,low
2026-10-05,Monday,PAL Session: CHEM 1203 (CHHS 294),CHHS 294,none
2026-10-05,Monday,ECGR 2111 Drop In Hours,EPIC 2342,low
2026-10-05,Monday,ECGR 2254 & ECGR 3111 Drop In Hours,EPIC 2342,low
2026-10-05,Monday,Career Meet Up: Undergraduate Research & Your Future Career,,low
2026-10-05,Monday,Casual Chess Meetup,Cone 109,low
2026-10-05,Monday,PAL Session - CHEM 1200 (ONLINE),Online,none
2026-10-05,Monday,PAL Session: CHEM 1252 (FRET 116),FRET 116,none
2026-10-05,Monday,True Colors,Popp Martin Student Union,medium
2026-10-05,Monday,PAL Session: CHEM 1251 (CHHS 134),CHHS 134,none
2026-10-05,Monday,Feel Better Fast: Mindful or Mind Full?,Student Union 267,low
2026-10-05,Monday,Career Meet Up: From Passion to Profession: Building a Career in Child Welfare,,low
2026-10-05,Monday,COMM 1100 & COMM 2100 Drop In Hours,Learning Commons - Colvard North 2300,low
2026-10-05,Monday,Establishing Your Ethics,Popp Martin Student Union,medium
2026-10-05,Monday,Microcredential Minute: UNC Charlotte's Microcredentials,,low
2026-10-05,Monday,PAL Session - ACCT 3323 (MEBANE 032),MEBANE 032,none
2026-10-05,Monday,PAL Session - CHEM 2131 (GYMNS 207),GYMNS 207,none
2026-10-05,Monday,PAL Session: CHEM 1200 (GYMNS 206),GYMNS 206,none
2026-10-05,Monday,PAL Session - CHEM 2132 (ONLINE),Online,none
2026-10-05,Monday,PAL Session - ECON 3125 (COLVD 5092),COLVD 5092,none
2026-10-05,Monday,From Isolation to Community: Thriving in Grad School,Atkins Library,low
2026-10-05,Monday,Interest Meeting,CHHS 289,low
2026-10-05,Monday,Build & Share Night - Tech/AI,Smith 269,low
2026-10-05,Monday,UCAE Bounce Back from Setbacks Simulcast,Colvard North 2006,low
2026-10-05,Monday,Counseling MA Program Virtual Information Session,,none
2026-10-05,Monday,PAL Session - ECON 2102,Online,none
2026-10-05,Monday,Prism Interest Meeting,Smith 217,low
2026-10-05,Monday,Clinical Mental Health Counseling Virtual Information Session,,none
2026-10-05,Monday,LWJ- Bible Study,Colvard 4123,low
2026-10-05,Monday,Meet Up: Careers in the Music Industry,,low
2026-10-05,Monday,PAL Session - CHEM 2131 (ONLINE),Online,none
2026-10-05,Monday,Rock Climbing Night at the SAC,,low
2026-10-06,Tuesday,CHEM 1251 Drop In Hours,Learning Commons - Colvard North 2300,low
2026-10-06,Tuesday,Grad School 101: Start Your Program Search with Confidence,,low
2026-10-06,Tuesday,MSW Information Session,,low
2026-10-06,Tuesday,PAL Session: CHEM 1203 (ONLINE),Online,none
2026-10-06,Tuesday,Jamil Niner Student Pantry: Tuesday Volunteer Shift | 10:30am – 12:45pm,Jamil Niner Student Pantry,low
2026-10-06,Tuesday,GluTrend Employer in the Foyer,Woodward Hall Second Floor,low
2026-10-06,Tuesday,Mushroom Egg Bites Demo Kitchen,UREC Demo Kitchen,low
2026-10-06,Tuesday,Customizing Gemini Gems for Course Assignments,,low
2026-10-06,Tuesday,ECGR 2111 Drop In Hours,EPIC 2342,low
2026-10-06,Tuesday,ECGR 2254 & ECGR 3111 Drop In Hours,EPIC 2342,low
2026-10-06,Tuesday,ITE General Body Meeting,EPIC 3256,low
2026-10-06,Tuesday,Mechanical Engineering and Engineering Science Seminar Series: Dr. Xiaocheng Mi,Duke Centennial Hall,low
2026-10-06,Tuesday,PAL Session - ECON 2102 (FRIDAY 130),FRIDAY 130,none
2026-10-06,Tuesday,PAL Session - CHEM 2131 (DENNY 206),DENNY 206,none
2026-10-06,Tuesday,Bio Break: Meet Biology Professionals,,low
2026-10-06,Tuesday,BIOL 2120 Drop In Hours,Learning Commons - Colvard North 2300,low
2026-10-06,Tuesday,Jamil Niner Student Pantry: Tuesday Volunteer Shift | 12:30pm – 2:45pm,Jamil Niner Student Pantry,low
2026-10-06,Tuesday,Career Meet Up: Interviewing 101,,low
2026-10-06,Tuesday,ECGR 2105 Drop In Hours,Learning Commons - Colvard North 2300,low
2026-10-06,Tuesday,Approaching Generative AI with C.A.R.E.: An Assessment Framework,,low
2026-10-06,Tuesday,Approaching Generative AI with CARE: An Assessment Framework,Online,low
2026-10-06,Tuesday,Health Supply Drives Tabling,Student Union Lobby,low
2026-10-06,Tuesday,Canvas: Collaboration with Groups and Peer Review,,low
2026-10-06,Tuesday,Jamil Niner Student Pantry: Tuesday Volunteer Shift | 2:30pm – 5:15pm,Jamil Niner Student Pantry,low
2026-10-06,Tuesday,"Vibes, Values, and Red Flags: Communication & Listening Skills",Popp Martin Student Union,medium
2026-10-06,Tuesday,PAL Session: CHEM 1251 (ONLINE),Online,none
2026-10-06,Tuesday,Growing Through Grief,Price Center for Counseling,low
2026-10-06,Tuesday,Interview Tips for Positions in the U.S.,,low
2026-10-06,Tuesday,Alcoholics Anonymous (AA),Waddell Center for Student Health and Wellbeing,low
2026-10-06,Tuesday,CAB Undercover,Popp Martin Student Union,medium
2026-10-06,Tuesday,DSHA Group Advising Session,,low
2026-10-06,Tuesday,Exploring Careers in Biology & the Sciences,,low
2026-10-06,Tuesday,Finding Focus: ADHD and You,Popp Martin Student Union,medium
2026-10-06,Tuesday,PAL Session: CHEM 1252 (MCEN 123),MCENIRY 123,none
2026-10-06,Tuesday,PAL Session - ACCT 3323 (Friday 385),FRIDAY 385,none
2026-10-06,Tuesday,Cafecito & Careers,TBD,low
2026-10-06,Tuesday,Made to Unbox | Blind Box Design Challenge,Macy 106B,low
2026-10-06,Tuesday,Writer Social hosted by H.E.R. Society,PMSU,low
2026-10-06,Tuesday,PAL Session - ECON 3125 (ONLINE),Online,none
2026-10-06,Tuesday,Alumbra Tu Semestre,Hechenbleikner Lake,low
2026-10-06,Tuesday,"Introduction to Python 2: Control Flow, Data Structures, and Functions",Online,low
2026-10-06,Tuesday,PAL Session - ECON 2101 (ONLINE),Online,none
2026-10-06,Tuesday,Principal Financial Workshop Series: Introduction & AWS Services,McEniry 117,low
2026-10-06,Tuesday,Microsoft learn: WK5 Excel Workshop,Smith 303,low
2026-10-06,Tuesday,Faculty & Friends: Charlotte Strings Collective,Rowe,low
2026-10-07,Wednesday,Know Before You Go: Essential Steps for Newly Admitted Students,,high
2026-10-07,Wednesday,PAL Session - ECON 2102 (SMITH 217),SMITH 217,none
2026-10-07,Wednesday,Jamil Niner Student Pantry: Wednesday Volunteer Shift | 10:30am – 12:45pm,Jamil Niner Student Pantry,low
2026-10-07,Wednesday,Part Time Job Fair,,high
2026-10-07,Wednesday,The Knowledge Navigator: Using Notebook LM to Transform Docs into Deliverables and Success,,low
2026-10-07,Wednesday,Wellness Wednesday,Atkins Library,low
2026-10-07,Wednesday,Part 3: GNL and Career Readiness: How to design assessments that boost students career skills,,low
2026-10-07,Wednesday,Climate Change Quilt Workshop,"Area 49 Makerspace, Atkins Library 2nd Floor",low
2026-10-07,Wednesday,Mock Dorm Room Burn,Recreational Field 14A,low
2026-10-07,Wednesday,PAL Session - CHEM 2131 (CHHS 294),CHHS 294,none
2026-10-07,Wednesday,PAL Session - CHEM 2131 (COLVD 5092),COLVD 5092,none
2026-10-07,Wednesday,Popp Into Student Involvement,Popp Martin Student Union Room 210,medium
2026-10-07,Wednesday,Prospective PhD Student Information Session,,low
2026-10-07,Wednesday,What to Say When You Don’t Know What to Say Webinar,,none
2026-10-07,Wednesday,Career Meet Up: Building Skills for the Future of Healthcare,,low
2026-10-07,Wednesday,ECGR 2111 Drop In Hours,EPIC 2342,low
2026-10-07,Wednesday,ECGR 2254 & ECGR 3111 Drop In Hours,EPIC 2342,low
2026-10-07,Wednesday,Jamil Niner Student Pantry: Wednesday Volunteer Shift | 12:30pm – 3:30pm,Jamil Niner Student Pantry,low
2026-10-07,Wednesday,The Digital & Automated Lab: How Technology Is Transforming Science,Bioinformatics,low
2026-10-07,Wednesday,PAL Session: CHEM 1200 (COLVD 5096),COLVD 5096,none
2026-10-07,Wednesday,Midterm Munchies,Atkins Library,low
2026-10-07,Wednesday,ACCT 2121 Drop In Hours,Colvard,low
2026-10-07,Wednesday,Beyond the Buzzwords,Waddell Center for Student Health and Wellbeing,low
2026-10-07,Wednesday,Bad Art Day - Grad Student Edition!,Area 49 Makerspace (Atkins 223),low
2026-10-07,Wednesday,PAL Session - CHEM 2132 (FRIDAY 130),FRIDAY 130,none
2026-10-07,Wednesday,PAL Session - ECON 2101 (COLVD 5092),COLVD 5092,none
2026-10-07,Wednesday,Crescent Communities,River District,low
2026-10-07,Wednesday,DSBA Group Advising Session,,low
2026-10-07,Wednesday,PAL Session - ACCT 3323 (ONLINE),Online,none
2026-10-07,Wednesday,PAL Session - CHEM 1200 (MEBANE 168),MEBANE 168,none
2026-10-07,Wednesday,PAL Session: CHEM 1252 (FRIDAY 385),FRIDAY 385,none
2026-10-07,Wednesday,UCAE Bounce Back from Setbacks,Colvard North 2006,low
2026-10-07,Wednesday,CRA Member's Circle: A Student's Guide to Navigating the Technical Interview,,low
2026-10-07,Wednesday,Gallagher Speaker Meeting,Student Union 265,low
2026-10-07,Wednesday,UCAE Course Support Leader Meet & Greet,Colvard 2006,low
2026-10-07,Wednesday,Charlotte 49ers Women's Volleyball vs East Carolina,"Charlotte, N.C.",low
2026-10-07,Wednesday,SKY Weekly Meditation Meetings,Fretwell,low
2026-10-07,Wednesday,Meet the Firm: CliftonLarsonAllen,Fretwell 114,low
2026-10-07,Wednesday,Roll to the Polls,CHHS 376,low
2026-10-08,Thursday,Last day to change Grade Type (P/NC or Audit),UNC Charlotte Academic Calendar,low
2026-10-08,Thursday,Last day to Change or Opt-Out of Grade Replacement,UNC Charlotte Academic Calendar,low
2026-10-08,Thursday,Last day to withdraw from course(s); grade subject to Withdrawal Policy,UNC Charlotte Academic Calendar,none
2026-10-08,Thursday,Ace Your Graduate School Application:Tips and Tricks for Success,,low
2026-10-08,Thursday,AI@Work Discussion Series,,low
2026-10-08,Thursday,Supporting Self-Directed Learning with Gemini Notebook,,low
2026-10-08,Thursday,Jamil Niner Student Pantry: Thursday Volunteer Shift | 10:30am – 12:45pm,Jamil Niner Student Pantry,low
2026-10-08,Thursday,CHEM 1251 Drop In Hours,Learning Commons - Colvard North 2300,low
2026-10-08,Thursday,Enhancing Workflows with Google Gemini: Building Custom Gems,,low
2026-10-08,Thursday,Green Dot Student Overview,,low
2026-10-08,Thursday,Lucid Software Employer in the Foyer Table (Cancelled),Woodward Hall Second Floor,low
2026-10-08,Thursday,Thirsty Thursdays with Ward Vessel - Oct. 8th,Duke Centennial Hall,low
2026-10-08,Thursday,Botanical Gardens Scavenger Hunt,UNC Charlotte Botanical Gardens,low
2026-10-08,Thursday,ECGR 2111 Drop In Hours,EPIC 2342,low
2026-10-08,Thursday,ECGR 2254 & ECGR 3111 Drop In Hours,EPIC 2342,low
2026-10-08,Thursday,PAL Session - ECON 2101 (SMITH 204),SMITH 204,none
2026-10-08,Thursday,Ready-to-Use AI Literacy Canvas Modules for Students,,low
2026-10-08,Thursday,M.S. in Management Virtual Information Session,,none
2026-10-08,Thursday,"Student Org: ""Drop In Hour""",Student Union,low
2026-10-08,Thursday,Virtual Lunch and Learn: Get Savvy w/ Saving & Investing,Online,none
2026-10-08,Thursday,Jamil Niner Student Pantry: Thursday Volunteer Shift | 12:30pm – 2:45pm,Jamil Niner Student Pantry,low
2026-10-08,Thursday,BIOL 2120 Drop In Hours,Learning Commons - Colvard North 2300,low
2026-10-08,Thursday,Midday Devotion,Union 200,low
2026-10-08,Thursday,Open Swim Q&A: Mastering Google Workspace & Generative AI,,low
2026-10-08,Thursday,ECGR 2105 Drop In Hours,Learning Commons - Colvard North 2300,low
2026-10-08,Thursday,Career Meet Up: Exploring Careers in Healthcare & Life Sciences with Labcorp,,low
2026-10-08,Thursday,Great Groups,Popp Martin Student Union,medium
2026-10-08,Thursday,MSW Information Session,,low
2026-10-08,Thursday,Jamil Niner Student Pantry: Thursday Volunteer Shift | 2:30pm – 5:15pm,Jamil Niner Student Pantry,low
2026-10-08,Thursday,A Day in the Life of a Software Engineer at Lucid Software Professional Development Workshop (Cancelled),Woodward Hall 335,low
2026-10-08,Thursday,PAL Session - CHEM 2132 (CHHS 124),CHHS 124,none
2026-10-08,Thursday,Problem Solving,Popp Martin Student Union,medium
2026-10-08,Thursday,"""Language Brokers"": Children of Immigrants Translating Inequality and Belonging for Their Families",McEniry,low
2026-10-08,Thursday,SOLD Council Workshop: Conflict & Sustainability,Cone University Center,low
2026-10-08,Thursday,Stress Management,Popp Martin Student Union,medium
2026-10-08,Thursday,18th Annual Dr. Bertha Maxwell Roddey Distinguished Africana Lecture,Cone University Center,low
2026-10-08,Thursday,PAL Session - CHEM 1200 (Friday 130),FRIDAY 130,none
2026-10-08,Thursday,PAL Session - CHEM 1252 (ONLINE),Online,none
2026-10-08,Thursday,Build-a-Bear-Hand,Mebane Hall 032,low
2026-10-08,Thursday,Fiqh of Internet,Popp Martin Student Union 340G,medium
2026-10-08,Thursday,PAL Session: CHEM 1203 (DENNY 109),DENNY 109,none
2026-10-08,Thursday,PES Talks: Maximizing Megawatts - Deriva Energy,EPIC G222,low
2026-10-08,Thursday,General Body Meeting: Pumpkin Painting,Denny 200,low
2026-10-08,Thursday,PAL Session - CHEM 2131 (ONLINE),Online,none
2026-10-08,Thursday,The Culture We Create: Building a Safer Campus Community,Student Union 340,low
2026-10-08,Thursday,Unidos Por Cultura,Hauser Alumni Pavilion,low
2026-10-08,Thursday,Charlotte 49ers Women's Soccer vs East Carolina,"Charlotte, N.C., Jen Gaber Field",low
2026-10-08,Thursday,Rock Climbing Night at the SAC,,low
2026-10-08,Thursday,Thursday College Gathering,STUN 262,low
2026-10-08,Thursday,Rhythm,Fretwell 205,low
2026-10-09,Friday,ACCT 3323 Drop In Hours,Colvard,low
2026-10-09,Friday,Designing and Implementing Group Projects,,low
2026-10-09,Friday,MSRE Seminar Series,Olde Mecklenburg Brewery,low
2026-10-09,Friday,Niner Finances Walk In Hours,King 210,low
2026-10-09,Friday,Walk In Hours,King,low
2026-10-09,Friday,UCAE Bounce Back from Setbacks Simulcast,Colvard North 2006,low
2026-10-09,Friday,Mini Cross Stitch Workshop,Atkins Library,low
2026-10-09,Friday,Niners with Novels Reading Club,Fretwell,low
2026-10-09,Friday,LTspice Audio Workshop,EPIC 2222,low
2026-10-09,Friday,Charlotte 49ers Women's Volleyball at Tulane,"New Orleans, La.",low
2026-10-09,Friday,Game Night,College of Health & Human Services (CHHS),low
2026-10-10,Saturday,More Than Pink Breast Cancer Walk,Symphony Park,low
2026-10-10,Saturday,Alternative Spring Break - Roan Mountain Backpacking,Roan Mountain Highlands,low
2026-10-10,Saturday,Around the World in Objects: A World-Building Adventure,University City Regional Library,low
2026-10-10,Saturday,Student Sustainability Summit,Cone University Center,medium
2026-10-11,Sunday,Alternative Spring Break - Roan Mountain Backpacking,Roan Mountain Highlands,low
2026-10-11,Sunday,Charlotte 49ers Women's Soccer at Memphis,"Memphis, TN",low
2026-10-11,Sunday,Biketoberfest,Triple C Brewing ,low
2026-10-12,Monday,Student Recess – No Classes,UNC Charlotte Academic Calendar,low
2026-10-12,Monday,Alternative Spring Break - Roan Mountain Backpacking,Roan Mountain Highlands,low
2026-10-12,Monday,"Part 2: Files and PDF Accessibility Checkers: Using Grackle, Adobe, and Microsoft Tools",,low
2026-10-12,Monday,Casual Chess Meetup,Cone 109,low
2026-10-12,Monday,Ethical Considerations for Teaching with Gen-AI,,low
2026-10-12,Monday,Niners in the Queen City: Exploring Life in Charlotte and NC,,low
2026-10-12,Monday,The Salvation Army of Greater Charlotte,Salvation Army of Greater Charlotte,low
2026-10-12,Monday,Master of Public Health - Admissions Virtual Drop-In Hour,,none
2026-10-13,Tuesday,Optional Reschedule Date for Possible Interruptions,UNC Charlotte Academic Calendar,low
2026-10-13,Tuesday,Alternative Spring Break - Roan Mountain Backpacking,Roan Mountain Highlands,low
2026-10-13,Tuesday,Student Recess – No Classes,UNC Charlotte Academic Calendar,low
2026-10-13,Tuesday,CHEM 1251 Drop In Hours (Cancelled),Learning Commons - Colvard North 2300,low
2026-10-13,Tuesday,Women in Business Fall Retreat,Halton Reading Room,low
2026-10-13,Tuesday,Designing in a Dash: Adobe Express Basics,,low
2026-10-13,Tuesday,"Mentorship: Building Natural, Lasting Professional Relationships",,low
2026-10-13,Tuesday,BIOL 2120 Drop In Hours (Cancelled),Learning Commons - Colvard North 2300,low
2026-10-13,Tuesday,M.S. in Economics Virtual Information Session,,none
2026-10-13,Tuesday,Beyond the Basics: Designing Dynamic Google Docs,,low
2026-10-13,Tuesday,DisabilityIn:NC & NCAble Webinar,,none
2026-10-13,Tuesday,Part 4: Creating Accessible Instructional Materials with AI,,low
2026-10-13,Tuesday,Grad School 101: Start Your Program Search with Confidence,,low
2026-10-13,Tuesday,Digital Accessibility ‘Fix-It Clinic’,,low
2026-10-13,Tuesday,Microsoft learn: WK6 Excel Workshop,Smith 303,low
2026-10-14,Wednesday,Alternative Spring Break - Roan Mountain Backpacking,Roan Mountain Highlands,low
2026-10-14,Wednesday,Student Recess – No Classes,UNC Charlotte Academic Calendar,low
2026-10-14,Wednesday,Transportation Fair,Cauble Quad,medium
2026-10-14,Wednesday,Wellness Wednesday,Union,low
2026-10-14,Wednesday,Duke Energy: NDEAM Workshop,,low
2026-10-14,Wednesday,M.S. in Financial Engineering & Fintech Virtual Information Session,,none
2026-10-14,Wednesday,Popp Into Student Involvement,Popp Martin Student Union,medium
2026-10-14,Wednesday,Public Policy PHD Information Session,,low
2026-10-14,Wednesday,ECGR 2111 Drop In Hours,EPIC 2342,low
2026-10-14,Wednesday,ECGR 2254 & ECGR 3111 Drop In Hours,EPIC 2342,low
2026-10-14,Wednesday,Formatting and Submitting Your Thesis or Dissertation,,low
2026-10-14,Wednesday,Career Meet Up: Effective Cover Letter Writing,,low
2026-10-14,Wednesday,Data Made Easy: Simplifying Your Workflow with Google Sheets & Forms,,low
2026-10-14,Wednesday,ACCT 2121 Drop In Hours,Colvard,low
2026-10-14,Wednesday,Ace Your Graduate School Application:Tips and Tricks for Success,,low
2026-10-14,Wednesday,Beyond the Buzzwords,Waddell Center for Student Health and Wellbeing,low
2026-10-14,Wednesday,The Art of Being: Learning to Cope Creatively (10/14),Price Center for Counseling,low
2026-10-14,Wednesday,Part 3: Designing Accessible Course Media,,low
2026-10-14,Wednesday,MSAI Information Session,,low
2026-10-14,Wednesday,Procrastination Workshop Series:  In-Person October Sessions,"Visualization Lab, J. Murrey Atkins Library, 2nd floor",low
2026-10-14,Wednesday,Yoga Under the Stars,Star Quad,low
2026-10-14,Wednesday,Rock Climbing Night at the SAC,,low
2026-10-15,Thursday,Charlotte 49ers Women's Tennis vs ITA Regionals,"Columbia, S.C.",low
2026-10-15,Thursday,Conference: Bridging the Invisible,,medium
2026-10-15,Thursday,Part 1: Canvas Accessibility with UDOIT,,low
2026-10-15,Thursday,AAC Day!,Cato College of Education/ Mebane Hall,low
2026-10-15,Thursday,CHEM 1251 Drop In Hours,Learning Commons - Colvard North 2300,low
2026-10-15,Thursday,Writing Effective Prompts Gemini & Copilot for a Smarter To-Do List Workflow.,,low
2026-10-15,Thursday,ECGR 2111 Drop In Hours,EPIC 2342,low
2026-10-15,Thursday,ECGR 2254 & ECGR 3111 Drop In Hours,EPIC 2342,low
2026-10-15,Thursday,Learning about Lowe’s: Merchandising,,low
2026-10-15,Thursday,"Part 2: Files and PDF Accessibility Checkers: Using Grackle, Adobe, and Microsoft Tools",,low
2026-10-15,Thursday,M.S. in Real Estate Virtual Information Session,,none
2026-10-15,Thursday,"Student Org: ""Drop In Hour""",Popp Martin Student Union,medium
2026-10-15,Thursday,Think about it Thursdays: Ed.D. Pathways,,low
2026-10-15,Thursday,BIOL 2120 Drop In Hours,Learning Commons - Colvard North 2300,low
2026-10-15,Thursday,Midday Devotion,Union 200,low
2026-10-15,Thursday,ECGR 2105 Drop In Hours,Learning Commons - Colvard North 2300,low
2026-10-15,Thursday,Funding Your Future: Navigating Graduate Funding Strategies,,low
2026-10-15,Thursday,Generative AI 101: Getting Started with Gemini & CoPilot,,low
2026-10-15,Thursday,International Coffee Hour,Popp Martin Student Union,medium
2026-10-15,Thursday,"Question, Persuade, Refer Training (Student)",,low
2026-10-15,Thursday,Lend a Hand Part 1,Mebane Hall 032,low
2026-10-15,Thursday,Machiah's House Game Night!,"College of Health and Human Services (CHHS), Room 153",low
2026-10-15,Thursday,UCAE Study Skills and Test Taking Workshop,Colvard North 2006,low
2026-10-15,Thursday,Best Buddies Pumpkin Painting and Costume Party,CHHS 109,low
2026-10-15,Thursday,Cozy Crafts & Competition,Cone After Hours,low
2026-10-15,Thursday,Virtual MSW Open House,,none
2026-10-15,Thursday,Hallow-practice,Cone 113,low
2026-10-15,Thursday,LWJ- Foundations,Denny 122,low
2026-10-15,Thursday,Charlotte 49ers Women's Soccer vs South Florida,"Charlotte, N.C., Jen Gaber Field",low
2026-10-15,Thursday,Slumber Party,PMSU Theater,low
2026-10-15,Thursday,Thursday Worship Night,STUN 266,low
2026-10-15,Thursday,Actors From the London Stage present Much Ado About Nothing,Robinson Hall,low
2026-10-15,Thursday,Rhythm,Fretwell 205,low
2026-10-16,Friday,Charlotte 49ers Women's Tennis vs ITA Regionals,"Columbia, S.C.",low
2026-10-16,Friday,Conference: Bridging the Invisible,,medium
2026-10-16,Friday,ACCT 3323 Drop In Hours,Colvard,low
2026-10-16,Friday,Graduate Admissions Virtual Office Hours,,none
2026-10-16,Friday,RA Info Session  (Virtual),,none
2026-10-16,Friday,American Airlines Career Trek,,low
2026-10-16,Friday,Part 4: Creating Accessible Instructional Materials with AI,,low
2026-10-16,Friday,Conflict Management,Popp Martin Student Union,medium
2026-10-16,Friday,Niner Finances Walk In Hours,King 210,low
2026-10-16,Friday,Walk In Hours,King,low
2026-10-16,Friday,Bioinformatics ZOOM Info Session,,none
2026-10-16,Friday,Crisis Assistance Ministry,Crisis Assistance Ministry,low
2026-10-16,Friday,Time Management,Popp Martin Student Union,medium
2026-10-16,Friday,Goal Setting,Popp Martin Student Union,medium
2026-10-16,Friday,Loose Leaf Tea Workshop,CHHS 294,low
2026-10-16,Friday,NICU Baby Blanket Crafting,Mebane 165,low
2026-10-16,Friday,Niners with Novels Reading Club,Fretwell 202,low
2026-10-16,Friday,Effective Communication,Popp Martin Student Union,medium
2026-10-16,Friday,Networking lunch and panel,Woodward 120,low
2026-10-16,Friday,Fall Kickoff Game Jam Presentations 2026,Woodward: rm 106,low
2026-10-16,Friday,Learning Hungry: Documentary Screening & Community Conversation,College of Health and Human Services,low
2026-10-16,Friday,SLAM X Checkers,Bojangles Coliseum,low
2026-10-16,Friday,Charlotte 49ers Women's Volleyball at South Florida,"Tampa, Fla.",low
2026-10-16,Friday,Holistic Founder: Mindful Paint & Sip,CO-LAB,low
2026-10-16,Friday,Maid and Butler Halloween Cafe,Student Union 340,low
2026-10-16,Friday,Mic Check: A School Board Watch Party & Advocacy Workshop,Mebane 165,low
2026-10-16,Friday,Game Night,CHHS 128,low
2026-10-16,Friday,Karaoke Night,After Hours,low
2026-10-16,Friday,Actors From the London Stage present Much Ado About Nothing,Robinson Hall,low
2026-10-17,Saturday,Charlotte 49ers Women's Tennis vs ITA Regionals,"Columbia, S.C.",low
2026-10-17,Saturday,2026 Charlotte Kidney Walk,Charlotte Kidney Walk,low
2026-10-17,Saturday,Conference: Bridging the Invisible,,medium
2026-10-17,Saturday,Mental Health First Aid (Student),Popp Martin Student Union,medium
2026-10-17,Saturday,Around the World in Objects: A World-Building Adventure,University City Regional Library,low
2026-10-17,Saturday,Student Sustainability Summit,Cone University Center Room 210,medium
2026-10-17,Saturday,Actors From the London Stage present Much Ado About Nothing,Robinson Hall,low
2026-10-18,Sunday,Charlotte 49ers Women's Volleyball at Florida Atlantic,"Boca Raton, Fla.",low
2026-10-18,Sunday,Garba 2026,Cone University Center,low
2026-10-19,Monday,Using Feedback to Improve Teaching and Learning,,low
2026-10-19,Monday,National Transfer Student Week,The University of North Carolina at Charlotte,low
2026-10-19,Monday,National Transfer Student Week 2026,The University of North Carolina at Charlotte,low
2026-10-19,Monday,PAL Session - ACCT 3323 (MCENIRY 118),MCEN 118,none
2026-10-19,Monday,Advancing Your Career,Online,low
2026-10-19,Monday,PAL Session: CHEM 1203 (CHHS 294),CHHS 294,none
2026-10-19,Monday,ECGR 2111 Drop In Hours,EPIC 2342,low
2026-10-19,Monday,ECGR 2254 & ECGR 3111 Drop In Hours,EPIC 2342,low
2026-10-19,Monday,Casual Chess Meetup,Cone 109,low
2026-10-19,Monday,PAL Session - CHEM 1200 (ONLINE),Online,none
2026-10-19,Monday,PAL Session: CHEM 1252 (FRET 116),FRET 116,none
2026-10-19,Monday,Part 1: Canvas Accessibility with UDOIT,,low
2026-10-19,Monday,PAL Session: CHEM 1251 (CHHS 134),CHHS 134,none
2026-10-19,Monday,Feel Better Fast: Managing Emotions,Popp Martin Student Union,medium
2026-10-19,Monday,COMM 1100 & COMM 2100 Drop In Hours,Learning Commons - Colvard North 2300,low
2026-10-19,Monday,Qualitative Assessment,Popp Martin Student Union,medium
2026-10-19,Monday,Lunch & Learn: Real Connections with Real Estate Professionals,Barnes & Noble,low
2026-10-19,Monday,PAL Session - ACCT 3323 (MEBANE 032),MEBANE 032,none
2026-10-19,Monday,PAL Session - CHEM 2131 (GYMNS 207),GYMNS 207,none
2026-10-19,Monday,PAL Session: CHEM 1200 (GYMNS 206),GYMNS 206,none
2026-10-19,Monday,PAL Session - CHEM 2132 (ONLINE),Online,none
2026-10-19,Monday,PAL Session - ECON 3125 (COLVD 5092),COLVD 5092,none
2026-10-19,Monday,Grad School 101: Start Your Program Search with Confidence,,low
2026-10-19,Monday,Mental Health First Aid (Student),,low
2026-10-19,Monday,Haunted Hallows,Union 340,low
2026-10-19,Monday,PAL Session - ECON 2102,Online,none
2026-10-19,Monday,Spooky Movie Monday,Student Union Theater,low
2026-10-19,Monday,LWJ- Bible Study,Colvard 4123,low
2026-10-19,Monday,PAL Session - CHEM 2131 (ONLINE),Online,none
2026-10-19,Monday,Rock Climbing Night at the SAC,,low
2026-10-20,Tuesday,Using Feedback to Improve Teaching and Learning,,low
2026-10-20,Tuesday,CHEM 1251 Drop In Hours,Learning Commons - Colvard North 2300,low
2026-10-20,Tuesday,PAL Session: CHEM 1203 (ONLINE),Online,none
2026-10-20,Tuesday,Reuse Rodeo: Clothing Swap,Belk Plaza,low
2026-10-20,Tuesday,The Knowledge Navigator: Using Notebook LM to Transform Docs into Deliverables,,low
2026-10-20,Tuesday,ECGR 2111 Drop In Hours,EPIC 2342,low
2026-10-20,Tuesday,ECGR 2254 & ECGR 3111 Drop In Hours,EPIC 2342,low
2026-10-20,Tuesday,EME Week: Co-op Lunch + Learn: Learning While Earning with Duke Energy,,low
2026-10-20,Tuesday,OSHR Lunch & Learn: The Science of Cravings,,low
2026-10-20,Tuesday,PAL Session - ECON 2102 (FRIDAY 130),FRIDAY 130,none
2026-10-20,Tuesday,Part 3: Designing Accessible Course Media,,low
2026-10-20,Tuesday,PAL Session - CHEM 2131 (DENNY 206),DENNY 206,none
2026-10-20,Tuesday,BIOL 2120 Drop In Hours,Learning Commons - Colvard North 2300,low
2026-10-20,Tuesday,Two ways to get your JL Price MBA - Virtual Information Session,,none
2026-10-20,Tuesday,UCAE Goal Setting Speed  Learning Workshop,Colvard North 2006,low
2026-10-20,Tuesday,Transfer Treats - National Transfer Student Week,University Transfer and Adult Student Center,low
2026-10-20,Tuesday,ECGR 2105 Drop In Hours,Learning Commons - Colvard North 2300,low
2026-10-20,Tuesday,Career Meet Up: Engineering Job/Internship Search Strategies,,low
2026-10-20,Tuesday,RA Info Session  (In-person),Pop Martin Student Union,low
2026-10-20,Tuesday,PAL Session: CHEM 1251 (ONLINE),Online,none
2026-10-20,Tuesday,Growing Through Grief,Price Center for Counseling,low
2026-10-20,Tuesday,Ace Your Graduate School Application:Tips and Tricks for Success,,low
2026-10-20,Tuesday,Alcoholics Anonymous (AA),Waddell Center for Student Health and Wellbeing,low
2026-10-20,Tuesday,Fall 2026 Grad Student & Postdoc Writing Group,Atkins 146,low
2026-10-20,Tuesday,Finding Focus: Strategies and Tools for ADHD,Popp Martin Student Union,medium
2026-10-20,Tuesday,PAL Session: CHEM 1252 (MCEN 123),MCENIRY 123,none
2026-10-20,Tuesday,Tuesday Seminar Series - Think Like a Consultant: Business Strategy for Data Scientists,Dubois Center at UNC Charlotte Center City,low
2026-10-20,Tuesday,PAL Session - ACCT 3323 (Friday 385),FRIDAY 385,none
2026-10-20,Tuesday,The Phillips Lecture Series,Atkins Library,low
2026-10-20,Tuesday,HDR Open House - Oct 20 *Limited RSVP*,HDR Charlotte Office,high
2026-10-20,Tuesday,PAL Session - ECON 3125 (ONLINE),Online,none
2026-10-20,Tuesday,"“Perceptions of Election Integrity in the Wake of Hurricane Helene” by Martha Kropf, Ph.D. and Regina Branton, Ph.D.",Independent Picture House,low
2026-10-20,Tuesday,PAL Session - ECON 2101 (ONLINE),Online,none
2026-10-20,Tuesday,NSBE Career Connect and Linkedin Workshop with Eaton,CHHS 132,low
2026-10-20,Tuesday,Stepperz Fall Carve-Out,Cone 113,low
2026-10-20,Tuesday,Aerospace Jeopardy,Smith 229,low
2026-10-21,Wednesday,Using Feedback to Improve Teaching and Learning,,low
2026-10-21,Wednesday,City of Charlotte Internship Career Fair,,high
2026-10-21,Wednesday,DSBA and DSHA Prospective Graduate Student Information Session,,low
2026-10-21,Wednesday,Open Office Hours - Softdocs Etrieve,,none
2026-10-21,Wednesday,Qualitative Assessment,Cone University Center,low
2026-10-21,Wednesday,PAL Session - ECON 2102 (SMITH 217),SMITH 217,none
2026-10-21,Wednesday,Reuse Rodeo: Clothing Swap,Belk Plaza,low
2026-10-21,Wednesday,Wellness Wednesday,UREC,low
2026-10-21,Wednesday,Part 2: Student Study Skills with Gen-AI,,low
2026-10-21,Wednesday,Using Gemini Notebook AI for Teaching,,low
2026-10-21,Wednesday,3 Meals 1 Stop Demo Kitchen,UREC Demo Kitchen,low
2026-10-21,Wednesday,Enhancing Workflows with Google Gemini: Building Custom Gems,,low
2026-10-21,Wednesday,Popp Into Student Involvement,Popp Martin Student Union,medium
2026-10-21,Wednesday,Virtual Lunch and Learn: Defending your Dollar,Online,none
2026-10-21,Wednesday,ECGR 2111 Drop In Hours,EPIC 2342,low
2026-10-21,Wednesday,ECGR 2254 & ECGR 3111 Drop In Hours,EPIC 2342,low
2026-10-21,Wednesday,EME Week: Creating Spaces that Matter with LandDesign (VIRTUAL),,none
2026-10-21,Wednesday,"Part 2: Files and PDF Accessibility Checkers: Using Grackle, Adobe, and Microsoft Tools",,low
2026-10-21,Wednesday,UCAE Time Management Speed Learning Workshop,Colvard North 2006,low
2026-10-21,Wednesday,ACCT 2121 Drop In Hours,Learning Commons - Colvard North 2300,low
2026-10-21,Wednesday,Goal Setting,Online,low
2026-10-21,Wednesday,Mental Health First Aid (Student),,low
2026-10-21,Wednesday,Procrastination Workshop Series:  In-Person October Sessions,"Visualization Lab, J. Murrey Atkins Library, 2nd floor",low
2026-10-21,Wednesday,Writing Synthesized Literature Reviews,,low
2026-10-21,Wednesday,Rock Climbing Night at the SAC,,low
2026-10-22,Thursday,Charlotte 49ers Women's Tennis vs American Conference Individual Championships,"Houston, Texas",medium
2026-10-22,Thursday,Campus Beautification 10/22,UNC Charlotte,low
2026-10-22,Thursday,Campus Beautification Day,Snyder Deck Silver Line Bus Stop,low
2026-10-22,Thursday,Master Your Workflow with Google Gmail and Calendar,,low
2026-10-22,Thursday,Part 4: Creating Accessible Instructional Materials with AI,,low
2026-10-22,Thursday,CHEM 1251 Drop In Hours,Learning Commons - Colvard North 2300,low
2026-10-22,Thursday,EME Week: Scout Motors and Coffee on Craver Road,,low
2026-10-22,Thursday,Resource Fair - National Transfer Student Week,Sidewalk between Colvard and Atkins,medium
2026-10-22,Thursday,Transfer Resource Fair - National Transfer Student Week,Sidewalk between Atkins and Colvard,medium
2026-10-22,Thursday,ECGR 2111 Drop In Hours,EPIC 2342,low
2026-10-22,Thursday,ECGR 2254 & ECGR 3111 Drop In Hours,EPIC 2342,low
2026-10-22,Thursday,PAL Session - ECON 2101 (SMITH 204),SMITH 204,none
2026-10-22,Thursday,UCAE Stress Less Speed Learning Workshop,Colvard North 2006,low
2026-10-22,Thursday,Visual Storytelling & Design: Creating with Google Slides & Drawings Description,,low
2026-10-22,Thursday,BIOL 2120 Drop In Hours,Learning Commons - Colvard North 2300,low
2026-10-22,Thursday,Digital Accessibility ‘Fix-It Clinic’,,low
2026-10-22,Thursday,Midday Devotion,Union 200,low
2026-10-22,Thursday,Open Swim: Internship,Friday,low
2026-10-22,Thursday,ECGR 2105 Drop In Hours,Learning Commons - Colvard North 2300,low
2026-10-22,Thursday,Career Meet Up: How to Set Up Your LinkedIn Profile,,low
2026-10-22,Thursday,PAL Session - CHEM 2132 (CHHS 124),CHHS 124,none
2026-10-22,Thursday,Know Before You Go: Essential Steps for Newly Admitted Students,,high
2026-10-22,Thursday,Grad Student Fall Social!,Cone University Center,low
2026-10-22,Thursday,Lend a Hand: Part 2,Mebane Hall 032,low
2026-10-22,Thursday,Exhibition Reception: Another Other,Rowe,low
2026-10-22,Thursday,Exhibition Reception: Shameful Company,Rowe,low
2026-10-22,Thursday,PHD Counselor Education and Supervision Information Session,,low
2026-10-22,Thursday,LWJ- Foundations,Denny 122,low
2026-10-22,Thursday,Fall Dance Concert: SHIFT,Robinson Hall,high
2026-10-22,Thursday,Rhythm,Fretwell 205,low
2026-10-23,Friday,Charlotte 49ers Women's Tennis vs American Conference Individual Championships,"Houston, Texas",medium
2026-10-23,Friday,ACCT 3323 Drop In Hours,Learning Commons - Colvard North 2300,low
2026-10-23,Friday,AI@Work Discussion Series,,low
2026-10-23,Friday,PAL Session - ECON 2102 (FRIDAY 155),FRIDAY 155,none
2026-10-23,Friday,PAL Session: CHEM 1200 (ONLINE),Online,none
2026-10-23,Friday,Info Session - Cybersecurity & HCCE Grad Programs,,low
2026-10-23,Friday,Part 1: Canvas Accessibility with UDOIT,,low
2026-10-23,Friday,Charlotte 49ers Women's Volleyball vs Temple,"Charlotte, N.C.",low
2026-10-23,Friday,Niner Finances Walk In Hours,King 210,low
2026-10-23,Friday,Part 3: Designing Accessible Course Media,,low
2026-10-23,Friday,From Isolation to Community: Thriving in Grad School,,low
2026-10-23,Friday,Niners with Novels Reading Club,Fretwell 202,low
2026-10-23,Friday,Fall Dance Concert: SHIFT,Robinson Hall,high
2026-10-24,Saturday,Charlotte 49ers Women's Tennis vs American Conference Individual Championships,"Houston, Texas",medium
2026-10-24,Saturday,Fall 2026 Mallard Creek Stream Cleanup,Kirk Farm Fields,low
2026-10-24,Saturday,Around the World in Objects: A World-Building Adventure,University City Regional Library,low
2026-10-24,Saturday,5K Run,Alumni Pavillion-Toby Creek Greenway,low
2026-10-24,Saturday,Fall Dance Concert: SHIFT,Robinson Hall,high
2026-10-25,Sunday,Sunday Worship,Mebane 065,low
2026-10-25,Sunday,Charlotte 49ers Women's Volleyball vs Wichita State,"Charlotte, N.C.",low
2026-10-25,Sunday,Fall Dance Concert: SHIFT,Robinson Hall,high
2026-10-25,Sunday,Charlotte 49ers Women's Soccer at UAB,"Birmingham, AL",low
2026-10-26,Monday,Registration for Spring 2027 begins,UNC Charlotte Academic Calendar,low
2026-10-26,Monday,PAL Session - ACCT 3323 (MCENIRY 118),MCEN 118,none
2026-10-26,Monday,M.S. in Computer Science (MSCS) Virtual Information Session,,none
2026-10-26,Monday,PAL Session: CHEM 1203 (CHHS 294),CHHS 294,none
2026-10-26,Monday,ECGR 2111 Drop In Hours,EPIC 2342,low
2026-10-26,Monday,ECGR 2254 & ECGR 3111 Drop In Hours,EPIC 2342,low
2026-10-26,Monday,Career Meet Up: Resume Writing Basics,,low
2026-10-26,Monday,Casual Chess Meetup,Cone 109,low
2026-10-26,Monday,PAL Session - CHEM 1200 (ONLINE),Online,none
2026-10-26,Monday,PAL Session: CHEM 1252 (FRET 116),FRET 116,none
2026-10-26,Monday,Part 4: Creating Accessible Instructional Materials with AI,,low
2026-10-26,Monday,PAL Session: CHEM 1251 (CHHS 134),CHHS 134,none
2026-10-26,Monday,COMM 1100 & COMM 2100 Drop In Hours,Learning Commons - Colvard North 2300,low
2026-10-26,Monday,PAL Session - ACCT 3323 (MEBANE 032),MEBANE 032,none
2026-10-26,Monday,PAL Session - CHEM 2131 (GYMNS 207),GYMNS 207,none
2026-10-26,Monday,PAL Session: CHEM 1200 (GYMNS 206),GYMNS 206,none
2026-10-26,Monday,UCAE Campus Partner Workshop,Colvard North 2006,low
2026-10-26,Monday,PAL Session - CHEM 2132 (ONLINE),Online,none
2026-10-26,Monday,PAL Session - ECON 3125 (COLVD 5092),COLVD 5092,none
2026-10-26,Monday,Master of Public Health - Admissions Virtual Drop-In Hour,,none
2026-10-26,Monday,October Coffee Hour,Cone 210,low
2026-10-26,Monday,PAL Session - ECON 2102,Online,none
2026-10-26,Monday,PAL Session - CHEM 2131 (ONLINE),Online,none
2026-10-26,Monday,Rock Climbing Night at the SAC,,low
2026-10-27,Tuesday,CHEM 1251 Drop In Hours,Learning Commons - Colvard North 2300,low
2026-10-27,Tuesday,Grad School 101: Start Your Program Search with Confidence,,low
2026-10-27,Tuesday,PAL Session: CHEM 1203 (ONLINE),Online,none
2026-10-27,Tuesday,Reuse Rodeo: Book Swap,Belk Plaza,low
2026-10-27,Tuesday,Generative AI 101: Getting Started with Gemini & CoPilot,,low
2026-10-27,Tuesday,ECGR 2111 Drop In Hours,EPIC 2342,low
2026-10-27,Tuesday,ECGR 2254 & ECGR 3111 Drop In Hours,EPIC 2342,low
2026-10-27,Tuesday,Mechanical Engineering Early Entry Information Session,University of North Carolina at Charlotte,low
2026-10-27,Tuesday,PAL Session - ECON 2102 (FRIDAY 130),FRIDAY 130,none
2026-10-27,Tuesday,PAL Session - CHEM 2131 (DENNY 206),DENNY 206,none
2026-10-27,Tuesday,BIOL 2120 Drop In Hours,Learning Commons - Colvard North 2300,low
2026-10-27,Tuesday,ECGR 2105 Drop In Hours,Learning Commons - Colvard North 2300,low
2026-10-27,Tuesday,Formatting and Submitting Your Thesis or Dissertation,,low
2026-10-27,Tuesday,Part 1: Canvas Accessibility with UDOIT,,low
2026-10-27,Tuesday,PAL Session: CHEM 1251 (ONLINE),Online,none
2026-10-27,Tuesday,Alcoholics Anonymous (AA),Waddell Center for Student Health and Wellbeing,low
2026-10-27,Tuesday,Fall 2026 Grad Student & Postdoc Writing Group,Atkins 146,low
2026-10-27,Tuesday,PAL Session: CHEM 1252 (MCEN 123),MCENIRY 123,none
2026-10-27,Tuesday,Tuesday Seminar Series -  ‘Giting’ Started with GitHub,Dubois Center at UNC Charlotte Center City,low
2026-10-27,Tuesday,PAL Session - ACCT 3323 (Friday 385),FRIDAY 385,none
2026-10-27,Tuesday,UCAE The Art of Public Speaking Workshop,Colvard North 2006,low
2026-10-27,Tuesday,PAL Session - ECON 3125 (ONLINE),Online,none
2026-10-27,Tuesday,PAL Session - ECON 2101 (ONLINE),Online,none
2026-10-28,Wednesday,Open Office Hours - Softdocs Etrieve,,none
2026-10-28,Wednesday,Streamline Your Storage: Mastering Google Drive,,low
2026-10-28,Wednesday,PAL Session - ECON 2102 (SMITH 217),SMITH 217,none
2026-10-28,Wednesday,Funding Your Future: Navigating Graduate Funding Strategies,,low
2026-10-28,Wednesday,Part 3: Designing Accessible Course Media,,low
2026-10-28,Wednesday,Reuse Rodeo: Book Swap,Belk Plaza,low
2026-10-28,Wednesday,Basics of Estate Planning Webinar,,none
2026-10-28,Wednesday,Career Meet Up: Employer insights on preparing for the interview,,low
2026-10-28,Wednesday,PAL Session - CHEM 2131 (CHHS 294),CHHS 294,none
2026-10-28,Wednesday,PAL Session - CHEM 2131 (COLVD 5092),COLVD 5092,none
2026-10-28,Wednesday,Popp Into Student Involvement,Popp Martin Student Union,medium
2026-10-28,Wednesday,ECGR 2111 Drop In Hours,EPIC 2342,low
2026-10-28,Wednesday,ECGR 2254 & ECGR 3111 Drop In Hours,EPIC 2342,low
2026-10-28,Wednesday,Networking and Industry Engagement: Building Strategic Professional Relationships for Career Success,Atkins 146,low
2026-10-28,Wednesday,PAL Session: CHEM 1200 (COLVD 5096),COLVD 5096,none
2026-10-28,Wednesday,ACCT 2121 Drop In Hours,Learning Commons - Colvard North 2300,low
2026-10-28,Wednesday,PAL Session - CHEM 2132 (FRIDAY 130),FRIDAY 130,none
2026-10-28,Wednesday,PAL Session - ECON 2101 (COLVD 5092),COLVD 5092,none
2026-10-28,Wednesday,RA Info Session  (Virtual),Online,none
2026-10-28,Wednesday,PAL Session - ACCT 3323 (ONLINE),Online,none
2026-10-28,Wednesday,PAL Session - CHEM 1200 (MEBANE 168),MEBANE 168,none
2026-10-28,Wednesday,PAL Session: CHEM 1252 (FRIDAY 385),FRIDAY 385,none
2026-10-28,Wednesday,Procrastination Workshop Series:  In-Person October Sessions,"Visualization Lab, J. Murrey Atkins Library, 2nd floor",low
2026-10-28,Wednesday,"""Net Values: Environmental, Economic, and Social Entanglements in the Gulf of California"" by Nicole Peterson",Atkins Library,low
2026-10-28,Wednesday,Beyond Summary: Strategies for Effective Literature Synthesis,,low
2026-10-29,Thursday,PhD in Computing and Information Systems,,low
2026-10-29,Thursday,Shrub Planting,Pollinator Gardens,low
2026-10-29,Thursday,Writing Effective Prompts Gemini & Copilot for a Smarter To-Do List Workflow,,low
2026-10-29,Thursday,CHEM 1251 Drop In Hours,Learning Commons - Colvard North 2300,low
2026-10-29,Thursday,"MSC Career LAUNCH Mentorship Program: Ready, Set, Launch!",,low
2026-10-29,Thursday,Digital Accessibility ‘Fix-It Clinic’,,low
2026-10-29,Thursday,ECGR 2111 Drop In Hours,EPIC 2342,low
2026-10-29,Thursday,ECGR 2254 & ECGR 3111 Drop In Hours,EPIC 2342,low
2026-10-29,Thursday,Career Confidence for Neurodivergent College Students,,low
2026-10-29,Thursday,"Being a Good Team Player: Balancing Leadership, Dependability, and Collaboration",Colvard 5092,low
2026-10-29,Thursday,BIOL 2120 Drop In Hours,Learning Commons - Colvard North 2300,low
2026-10-29,Thursday,Exhibition Reception: Global Studies 2026,"Lambla Gallery, Storrs",low
2026-10-29,Thursday,Midday Devotion,Cone 208,low
2026-10-29,Thursday,Beyond the Basics: Designing Dynamic Google Docs,,low
2026-10-29,Thursday,UCAE Science of Learning Workshop Simulcast,Colvard North 2006,low
2026-10-29,Thursday,Lecture: Intercultural Futures with Nader Tehrani of NADAAA,"Boardman Lecture Hall, Storrs",low
2026-10-29,Thursday,LWJ- Foundations,Denny 122,low
2026-10-29,Thursday,Rhythm,Fretwell 205,low
2026-10-30,Friday,Charlotte 49ers Women's Tennis vs Elon Invite,"Elon, N.C.",low
2026-10-30,Friday,Planned Schedule Interruption: Weekday Football Game,UNC Charlotte Academic Calendar,low
2026-10-30,Friday,ACCT 3323 Drop In Hours,Learning Commons - Colvard North 2300,low
2026-10-30,Friday,Graduate Admissions Virtual Office Hours,,none
2026-10-30,Friday,Women in Business Leadership Development Summit: Leading with Purpose,Dubois Center at UNC Charlotte Center City,medium
2026-10-30,Friday,Niner Finances Walk In Hours,King 210,low
2026-10-30,Friday,Charlotte 49ers Women's Soccer at Rice,"Houston, TX",low
2026-10-30,Friday,"Part 2: Files and PDF Accessibility Checkers: Using Grackle, Adobe, and Microsoft Tools",,low
2026-10-30,Friday,Niners with Novels Reading Club,Fretwell 202,low
2026-10-30,Friday,Charlotte 49ers Women's Volleyball at UAB,"Birmingham, Ala.",low
2026-10-30,Friday,Game Night,CHHS 128,low
2026-10-31,Saturday,Charlotte 49ers Women's Tennis vs Elon Invite,"Elon, N.C.",low
2026-11-01,Sunday,Charlotte 49ers Women's Volleyball at Memphis,"Memphis, Tenn.",low
2026-11-02,Monday,"Question, Persuade, Refer Training (Faculty/Staff)",,low
2026-11-02,Monday,Know Before You Go: Essential Steps for Newly Admitted Students,,high
2026-11-02,Monday,Rock Climbing Night at the SAC,,low
2026-11-03,Tuesday,From Chaos to Clarity: Maximizing Productivity with Effective Strategies and AI Tools,,low
2026-11-03,Tuesday,EME Week: Resume Workshop with Civil + Environmental Engineering + LandDesign,,low
2026-11-03,Tuesday,Grad School 101: Start Your Program Search with Confidence,,low
2026-11-03,Tuesday,Two ways to get your JL Price MBA - Virtual Information Session,,none
2026-11-03,Tuesday,Building a Professional Record with Your ORCID Account,,low
2026-11-03,Tuesday,Career Meet Up: How to Get an Internship,,low
2026-11-03,Tuesday,Meet Up: Public Policy Careers,,low
2026-11-03,Tuesday,Fall 2026 Grad Student & Postdoc Writing Group,Atkins Library,low
2026-11-03,Tuesday,International Coffee Hour,Popp Martin Student Union,medium
2026-11-03,Tuesday,Charlotte 49ers Women's Soccer vs Temple,"Charlotte, N.C., Jen Gaber Field",low
2026-11-03,Tuesday,"Faculty & Friends: Eric Millard, trumpet",Rowe,low
2026-11-04,Wednesday,Data Made Easy: Simplifying Your Workflow with Google Sheets & Forms,,low
2026-11-04,Wednesday,Open Office Hours - Softdocs Etrieve,,none
2026-11-04,Wednesday,Enhancing Workflows with Google Gemini: Building Custom Gems,,low
2026-11-04,Wednesday,MSAI Information Session,,low
2026-11-04,Wednesday,"First Gen, Full Circle: Alumni Panel",,low
2026-11-04,Wednesday,Writing Intelligently in the Age of GenAI,,low
2026-11-05,Thursday,Charlotte 49ers Women's Tennis vs ITA Conference Masters,"Rome, Ga.",medium
2026-11-05,Thursday,Charlotte 49ers Women's Tennis vs ITA Sectionals,,low
2026-11-05,Thursday,The Knowledge Navigator: Using Notebook LM to Transform Docs into Deliverables,,low
2026-11-05,Thursday,Ace Your Graduate School Application:Tips and Tricks for Success,,low
2026-11-05,Thursday,A2i - Job Hunting with Intention: Finding a Culture that Fits,,low
2026-11-05,Thursday,Designing in a Dash: Adobe Express Basics,,low
2026-11-05,Thursday,Lunch & Learn - You Can Go Anywhere From Here: Know Your Skills,Popp Martin Student Union,medium
2026-11-05,Thursday,Meet Up: Starting a Nonprofit,,low
2026-11-06,Friday,Charlotte 49ers Women's Tennis vs ITA Conference Masters,"Rome, Ga.",medium
2026-11-06,Friday,Charlotte 49ers Women's Tennis vs ITA Sectionals,,low
2026-11-06,Friday,Charlotte 49ers Women's Tennis vs UNF Fall Invite,"Jacksonville, Fla.",low
2026-11-06,Friday,AI@Work Discussion Series,,low
2026-11-06,Friday,How World Events Can Impact Veterans’ Mental Health,,low
2026-11-06,Friday,Niner Finances Walk In Hours,King 210,low
2026-11-06,Friday,Charlotte 49ers Women's Volleyball vs Tulsa,"Charlotte, N.C.",low
2026-11-07,Saturday,Charlotte 49ers Women's Tennis vs ITA Conference Masters,"Rome, Ga.",medium
2026-11-07,Saturday,Charlotte 49ers Women's Tennis vs ITA Sectionals,,low
2026-11-07,Saturday,Charlotte 49ers Women's Tennis vs UNF Fall Invite,"Jacksonville, Fla.",low
2026-11-07,Saturday,Step Into Nature! Beginner's Backpacking Weekend,Pisgah National Forest (or similar hiking area),low
2026-11-08,Sunday,Charlotte 49ers Women's Soccer vs American Athletic Conference,"Lakewood Ranch, Fla., Premier Sports Complex",medium
2026-11-08,Sunday,Step Into Nature! Beginner's Backpacking Weekend,Pisgah National Forest (or similar hiking area),low
2026-11-08,Sunday,Charlotte 49ers Women's Volleyball vs Tulane,"Charlotte, N.C.",low
2026-11-09,Monday,Charlotte 49ers Women's Soccer vs American Athletic Conference,"Lakewood Ranch, Fla., Premier Sports Complex",medium
2026-11-09,Monday,Webinar – Land the Interview: Strategies to Stand Out and Get Hired,,none
2026-11-09,Monday,Ace Your Graduate School Application:Tips and Tricks for Success,,low
2026-11-09,Monday,Explorers: PD Makeover,University Career Center,low
2026-11-09,Monday,Career Meet Up: Job Search Strategies for the Healthcare Administration Industry,,low
2026-11-09,Monday,Master of Public Health - Admissions Virtual Drop-In Hour,,none
2026-11-09,Monday,In Search of Phillis Wheatley Peters: Documentary Screening & Discussion,J Murrey Atkins Library,low
2026-11-09,Monday,Career Meet Up: Professionalism: What Employers Expect led by Bobcat,,low
2026-11-09,Monday,Rock Climbing Night at the SAC,,low
2026-11-10,Tuesday,Charlotte 49ers Women's Soccer vs American Athletic Conference,"Lakewood Ranch, Fla., Premier Sports Complex",medium
2026-11-10,Tuesday,Successful Meetings: From Preparation to Follow-up,,low
2026-11-10,Tuesday,PHD Counselor Education and Supervision Information Session,,low
2026-11-10,Tuesday,Funding Your Future: Navigating Graduate Funding Strategies,,low
2026-11-10,Tuesday,Master Your Workflow with Google Gmail and Calendar,,low
2026-11-10,Tuesday,Formatting and Submitting Your Thesis or Dissertation,,low
2026-11-10,Tuesday,Career Meet Up: Engineering Job Search Strategies,,low
2026-11-10,Tuesday,Career Meet Up: Using AI in the Job Search,,low
2026-11-10,Tuesday,Fall 2026 Grad Student & Postdoc Writing Group,Atkins Library,low
2026-11-11,Wednesday,Charlotte 49ers Women's Soccer vs American Athletic Conference,"Lakewood Ranch, Fla., Premier Sports Complex",medium
2026-11-11,Wednesday,Veteran’s Day – No Classes,UNC Charlotte Academic Calendar,low
2026-11-11,Wednesday,Open Office Hours - Softdocs Etrieve,,none
2026-11-11,Wednesday,Visual Storytelling & Design: Creating with Google Slides,,low
2026-11-11,Wednesday,DSBA and DSHA Prospective Graduate Student Information Session,,low
2026-11-11,Wednesday,Generative AI 101: Getting Started with Gemini & CoPilot,,low
2026-11-11,Wednesday,Grad School 101: Start Your Program Search with Confidence,,low
2026-11-11,Wednesday,Prospective PhD Student Information Session - November 11,,low
2026-11-12,Thursday,Charlotte 49ers Women's Soccer vs American Athletic Conference,"Lakewood Ranch, Fla., Premier Sports Complex",medium
2026-11-12,Thursday,Doctoral Dissertation Defense Deadline,UNC Charlotte Academic Calendar,none
2026-11-12,Thursday,LEAD Symposium 2026,Cone University Center,medium
2026-11-12,Thursday,2nd Annual LEAD Symposium: Navigating Change with Purpose and Vision,Cone University Center,medium
2026-11-12,Thursday,Master of Accountancy Lunch & Learn,Popp Martin Student Union,medium
2026-11-12,Thursday,Career Meet Up: Interviewing 101,,low
2026-11-12,Thursday,Master of Science in Computer Science (MSCS) Virtual Information Session,,none
2026-11-12,Thursday,Think about it Thursdays: Ed.D. Pathways,,low
2026-11-12,Thursday,"Career Meet Up: Technology, Data and Analytics Job Search Strategies",,low
2026-11-12,Thursday,Career Meet Up: The Job Search & Your Mental Health: Best Practices,,low
2026-11-12,Thursday,Niners in the Queen City: Exploring Life in Charlotte and NC,,low
2026-11-12,Thursday,Writing Effective Prompts Gemini & Copilot for a Smarter To-Do List Workflow,,low
2026-11-12,Thursday,Career Meet Up: Salary Negotiation,,low
2026-11-12,Thursday,Career Meet Up: Building a Portfolio for Your Job Search,,low
2026-11-12,Thursday,Rock Climbing Night at the SAC,,low
2026-11-12,Thursday,John Proctor Is the Villain,Robinson Hall,low
2026-11-13,Friday,Charlotte 49ers Women's Soccer vs American Athletic Conference,"Lakewood Ranch, Fla., Premier Sports Complex",medium
2026-11-13,Friday,Niner Finances Walk In Hours,King 210,low
2026-11-13,Friday,Career Meet Up: Getting Started in Your Job Search,,low
2026-11-13,Friday,Bioinformatics ZOOM Info Session,,none
2026-11-13,Friday,Charlotte 49ers Women's Volleyball at Rice,"Houston, Texas",low
2026-11-13,Friday,John Proctor Is the Villain,Robinson Hall,low
2026-11-14,Saturday,John Proctor Is the Villain,Robinson Hall,low
2026-11-15,Sunday,Rock Climbing at Rocky Face Mountain,Rocky Face Mountain Recreation Area,low
2026-11-15,Sunday,Charlotte 49ers Women's Volleyball vs Florida Atlantic,"Charlotte, N.C.",low
2026-11-15,Sunday,John Proctor Is the Villain,Robinson Hall,low
2026-11-16,Monday,Last day to submit doctoral dissertations for December 2026 graduation,UNC Charlotte Academic Calendar,low
2026-11-16,Monday,Career Meet Up: My First Professional Interview,,low
2026-11-16,Monday,Career Meet Up: Resume Writing Basics,,low
2026-11-16,Monday,"Question, Persuade, Refer Training (Student)",,low
2026-11-16,Monday,Career Meet Up: Imposter Syndrome & Interviewing,,low
2026-11-16,Monday,Grad School 101: Start Your Program Search with Confidence,,low
2026-11-17,Tuesday,Charlotte 49ers Women's Tennis vs NCAA Individual Championships,"Athens, Ga.",low
2026-11-17,Tuesday,Voices of Charlotte: The Innovation Exchange,CO-LAB,low
2026-11-17,Tuesday,Open Swim Q&A: Mastering Google Workspace & Generative AI,,low
2026-11-17,Tuesday,M.S. in Economics Virtual Information Session,,none
2026-11-17,Tuesday,Career Meet Up: Mastering the Interview,,low
2026-11-17,Tuesday,Career Meet Up: Communicating Creative Skills in an Interview,,low
2026-11-17,Tuesday,"Career Meet Up: Professionalism During Your Interview for Tech, Data and Analytics",,low
2026-11-17,Tuesday,Fall 2026 Grad Student & Postdoc Writing Group,Atkins Library,low
2026-11-17,Tuesday,Know Before You Go: Essential Steps for Newly Admitted Students,,high
2026-11-17,Tuesday,Mental Health First Aid (Student),,low
2026-11-17,Tuesday,Public Policy PHD Information Session,,low
2026-11-17,Tuesday,"“Social Media, Influencer Culture, and the Demand for Authenticity” by Shanice Jones Cameron, Ph.D.",Independent Picture House,low
2026-11-17,Tuesday,Jazz Ensemble and Combos,Robinson Hall,low
2026-11-18,Wednesday,Charlotte 49ers Women's Tennis vs NCAA Individual Championships,"Athens, Ga.",low
2026-11-18,Wednesday,Open Office Hours - Softdocs Etrieve,,none
2026-11-18,Wednesday,Enhancing Workflows with Google Gemini: Building Custom Gems,,low
2026-11-18,Wednesday,"The Head, Heart, and Hands of Change Management",,low
2026-11-18,Wednesday,Beyond the Basics: Designing Dynamic Google Docs,,low
2026-11-18,Wednesday,M.S. in Financial Engineering & Fintech Virtual Information Session,,none
2026-11-18,Wednesday,Career Meet Up: Interviewing for Introverts & Extroverts,,low
2026-11-18,Wednesday,Ace Your Graduate School Application:Tips and Tricks for Success,,low
2026-11-18,Wednesday,Two ways to get your JL Price MBA - Virtual Information Session,,none
2026-11-18,Wednesday,Rock Climbing Night at the SAC,,low
2026-11-18,Wednesday,Symphonic Band & Wind Ensemble,Robinson Hall,low
2026-11-19,Thursday,Charlotte 49ers Women's Tennis vs NCAA Individual Championships,"Athens, Ga.",low
2026-11-19,Thursday,Streamline Your Storage: Mastering Google Drive,,low
2026-11-19,Thursday,MSC Career LAUNCH Mentorship Program: Connect Forward,,low
2026-11-19,Thursday,M.S. in Management Lunch & Learn,Popp Martin Student Union,medium
2026-11-19,Thursday,Career Meet Up: Interviewing for Med School,,low
2026-11-19,Thursday,M.S. in Real Estate Virtual Information Session,,none
2026-11-19,Thursday,MSW Information Session,,low
2026-11-19,Thursday,The Knowledge Navigator: Using Notebook LM to Transform Docs into Deliverables and Success,,low
2026-11-19,Thursday,Career Meet Up: Using AI to Prep for an Interview,,low
2026-11-19,Thursday,International Coffee Hour,Popp Martin Student Union,medium
2026-11-19,Thursday,Mental Health First Aid (Student),,low
2026-11-19,Thursday,Career Meet Up: Interviewing for Nonprofit & Social Work Roles,,low
2026-11-19,Thursday,Exhibition Reception: Ghosts Over Vestiges,Dubois Center at UNC Charlotte Center City,low
2026-11-19,Thursday,Rock Climbing Night at the SAC,,low
2026-11-19,Thursday,Orchestra,Robinson Hall,low
2026-11-20,Friday,Charlotte 49ers Women's Tennis vs NCAA Individual Championships,"Athens, Ga.",low
2026-11-20,Friday,Charlotte 49ers Women's Volleyball vs American Conference Championship,"Houston, Texas",medium
2026-11-20,Friday,Graduate Admissions Virtual Office Hours,,none
2026-11-20,Friday,Career Meet Up: Preparing for Case Interviews,,low
2026-11-20,Friday,Formatting and Submitting Your Thesis or Dissertation,,low
2026-11-20,Friday,Info Session - Cybersecurity & HCCE Grad Programs,,low
2026-11-20,Friday,John Proctor Is the Villain,Blumenthal Performing Arts Center,low
2026-11-21,Saturday,Charlotte 49ers Women's Tennis vs NCAA Individual Championships,"Athens, Ga.",low
2026-11-21,Saturday,Charlotte 49ers Women's Volleyball vs American Conference Championship,"Houston, Texas",medium
2026-11-21,Saturday,Final Examinations for Saturday classes,UNC Charlotte Academic Calendar,low
2026-11-21,Saturday,Cave Exploration,"Worleys Cave, TN",low
2026-11-21,Saturday,John Proctor Is the Villain,Blumenthal Performing Arts Center,low
2026-11-22,Sunday,Charlotte 49ers Women's Tennis vs NCAA Individual Championships,"Athens, Ga.",low
2026-11-22,Sunday,Winter Wonders Day Hike,Pisgah National Forest (or similar hiking area),low
2026-11-22,Sunday,John Proctor Is the Villain,Blumenthal Performing Arts Center,low
2026-11-23,Monday,Faculty Final web grading access available,UNC Charlotte Academic Calendar,low
2026-11-23,Monday,Grad School 101: Start Your Program Search with Confidence,,low
2026-11-23,Monday,MSW Information Session,,low
2026-11-23,Monday,Master of Public Health - Admissions Virtual Drop-In Hour,,none
2026-11-23,Monday,November Coffee Hour,Zoom,low
2026-11-23,Monday,Rock Climbing Night at the SAC,,low
2026-11-23,Monday,Gospel Choir,Robinson Hall,low
2026-11-24,Tuesday,Ace Your Graduate School Application:Tips and Tricks for Success,,low
2026-11-24,Tuesday,Rock Climbing Night at the SAC,,low
2026-11-25,Wednesday,Thanksgiving Break – No Classes/University Closed,UNC Charlotte Academic Calendar,low
2026-11-25,Wednesday,Open Office Hours - Softdocs Etrieve,,none
2026-11-26,Thursday,Thanksgiving Break – No Classes/University Closed,UNC Charlotte Academic Calendar,low
2026-11-27,Friday,Thanksgiving Break – No Classes/University Closed,UNC Charlotte Academic Calendar,low
2026-11-28,Saturday,Thanksgiving Break – No Classes/University Closed,UNC Charlotte Academic Calendar,low
2026-11-29,Sunday,Thanksgiving Break – No Classes/University Closed,UNC Charlotte Academic Calendar,low
2026-11-30,Monday,Niners in the Queen City: Exploring Life in Charlotte and NC,,low
2026-11-30,Monday,Rock Climbing Night at the SAC,,low
2026-11-30,Monday,Percussion Ensemble,Robinson Hall,low
2026-12-01,Tuesday,Grad School 101: Start Your Program Search with Confidence,,low
2026-12-01,Tuesday,Master of Accountancy Virtual Information Session,,none
2026-12-01,Tuesday,Writing Effective Prompts Gemini & Copilot for a Smarter To-Do List Workflow,,low
2026-12-01,Tuesday,M.S. in Management Virtual Information Session,,none
2026-12-01,Tuesday,Open Swim Q&A: Mastering Google Workspace & Generative AI,,low
2026-12-01,Tuesday,Women's Choir- The Charlotteans,Robinson Hall,low
2026-12-01,Tuesday,Men's Choir- The Mallard Creek Chorale,Robinson Hall,low
2026-12-02,Wednesday,Last day of classes,UNC Charlotte Academic Calendar,low
2026-12-02,Wednesday,Payment Due Date/Cancellation for non-payment,UNC Charlotte Academic Calendar,low
2026-12-02,Wednesday,Generative AI 101: Getting Started with Gemini & CoPilot,,low
2026-12-02,Wednesday,Open Office Hours - Softdocs Etrieve,,none
2026-12-02,Wednesday,Know Before You Go: Essential Steps for Newly Admitted Students,,high
2026-12-02,Wednesday,Formatting and Submitting Your Thesis or Dissertation,,low
2026-12-02,Wednesday,DSBA and DSHA Prospective Graduate Student Information Session,,low
2026-12-02,Wednesday,Two ways to get your JL Price MBA - Virtual Information Session,,none
2026-12-02,Wednesday,University Chorale,Robinson Hall,low
2026-12-03,Thursday,Reading Day,UNC Charlotte Academic Calendar,low
2026-12-03,Thursday,Data Made Easy: Simplifying Your Workflow with Google Sheets & Forms,,low
2026-12-03,Thursday,Funding Your Future: Navigating Graduate Funding Strategies,,low
2026-12-03,Thursday,Think about it Thursdays: Ed.D. Pathways,,low
2026-12-03,Thursday,AI@Work Discussion Series,,low
2026-12-03,Thursday,International Coffee Hour,Popp Martin Student Union,medium
2026-12-04,Friday,Final Examinations,UNC Charlotte Academic Calendar,low
2026-12-04,Friday,Mental Health First Aid (Faculty and Staff),,low
2026-12-04,Friday,Graduate Admissions Virtual Office Hours,,none
2026-12-04,Friday,"Reclaim Your Energy: Applying the ""Let Them Theory"" in the Workplace",,low
2026-12-04,Friday,Fall 2026 - Engineering Senior Design Expo,Halton Arena,high
2026-12-04,Friday,Senior Design Expo - Fall 2026,Halton Arena,high
2026-12-05,Saturday,Final Examinations,UNC Charlotte Academic Calendar,low
2026-12-06,Sunday,Final Examinations,UNC Charlotte Academic Calendar,low
2026-12-07,Monday,Master’s Thesis Defense Deadline,UNC Charlotte Academic Calendar,none
2026-12-07,Monday,Final Examinations Continued,,low
2026-12-07,Monday,Grad School 101: Start Your Program Search with Confidence,,low
2026-12-07,Monday,Master of Public Health - Admissions Virtual Drop-In Hour,,none
2026-12-08,Tuesday,Final Examinations Continued,,low
2026-12-08,Tuesday,The Knowledge Navigator: Using Notebook LM to Transform Docs into Deliverables,,low
2026-12-08,Tuesday,"Question, Persuade, Refer Training (Faculty/Staff)",,low
2026-12-09,Wednesday,Final Examinations Continued,,low
2026-12-09,Wednesday,Open Office Hours - Softdocs Etrieve,,none
2026-12-09,Wednesday,Public Policy PHD Information Session,,low
2026-12-09,Wednesday,Funding Your Future: Navigating Graduate Funding Strategies,,low
2026-12-10,Thursday,Last Day to submit Master’s Thesis for December 2026 graduation,UNC Charlotte Academic Calendar,low
2026-12-10,Thursday,Summer 2027 Schedule of Classes Available on the Web,UNC Charlotte Academic Calendar,low
2026-12-10,Thursday,Final Examinations Continued,,low
2026-12-10,Thursday,Visual Storytelling & Design: Creating with Google Slides & Drawings Description,,low
2026-12-10,Thursday,Ace Your Graduate School Application:Tips and Tricks for Success,,low
2026-12-10,Thursday,Enhancing Workflows with Google Gemini: Building Custom Gems,,low
2026-12-11,Friday,Commencement,,high
2026-12-11,Friday,Final Examinations Continued,,low
2026-12-12,Saturday,Commencement,,high
2026-12-13,Sunday,Commencement,,high
2026-12-14,Monday,Final grades due @ noon,UNC Charlotte Academic Calendar,low
2026-12-15,Tuesday,Streamline Your Storage: Mastering Google Drive,,low
2026-12-15,Tuesday,Grad School 101: Start Your Program Search with Confidence,,low
2026-12-15,Tuesday,M.S. in Economics Virtual Information Session,,none
2026-12-16,Wednesday,Fall 2026 Probation/Suspension notifications sent to students,UNC Charlotte Academic Calendar,low
2026-12-16,Wednesday,Open Office Hours - Softdocs Etrieve,,none
2026-12-16,Wednesday,Know Before You Go: Essential Steps for Newly Admitted Students,,high
2026-12-16,Wednesday,Designing in a Dash: Adobe Express Basics,,low
2026-12-16,Wednesday,M.S. in Financial Engineering & Fintech Virtual Information Session,,none
2026-12-17,Thursday,M.S. in Real Estate Virtual Information Session,,none
2026-12-23,Wednesday,Open Office Hours - Softdocs Etrieve,,none
2026-12-24,Thursday,Winter Break – University Closed,UNC Charlotte Academic Calendar,low
2026-12-25,Friday,Winter Break – University Closed,UNC Charlotte Academic Calendar,low
2026-12-26,Saturday,Winter Break – University Closed,UNC Charlotte Academic Calendar,low
2026-12-27,Sunday,Winter Break – University Closed,UNC Charlotte Academic Calendar,low
2026-12-28,Monday,Winter Break – University Closed,,low
2026-12-29,Tuesday,Winter Break – University Closed,,low
2026-12-30,Wednesday,Winter Break – University Closed,,low
2026-12-30,Wednesday,Open Office Hours - Softdocs Etrieve,,none
